Order_ID,Date,DayOfWeek,Product,Quantity,Unit_Price,Sales
3657096b-e6fd-4667-b4fe-7a658c6082ea,13/04/2023,Thursday,Cosmetics,1,2543,2543
da453eeb-2891-4f61-89cc-4b9d120bc7da,15/12/2023,Friday,Furniture,1,3627,3627
1ba0aa8e-8779-4223-a153-af113797968b,28/09/2023,Thursday,Electronics,1,238,238
2ce7b0f0-c74d-44d1-bc73-087a635d35e4,17/04/2023,Monday,Furniture,2,4126,8252
0832ba1a-80c3-475f-a37e-ca11023a198a,13/03/2023,Monday,Groceries,4,207,828
10153b0f-f864-4a10-a2aa-58ce301bc322,08/07/2023,Saturday,Furniture,3,2767,8301
a270ed1c-98fc-429c-9cea-280e7765a756,21/01/2023,Saturday,Toys,2,2020,4040
060b4824-e11c-40f6-b489-042fc2478d05,13/04/2023,Thursday,Toys,3,295,885
5a44475c-229a-4ea3-9d75-443ed2ad76bb,02/05/2023,Tuesday,Furniture,4,2953,11812
d50fd29d-e743-46a3-9ca2-221b2409c620,03/08/2023,Thursday,Toys,5,2845,14225
5eb3ff79-1131-4bc8-b6ea-a18549a6c1aa,27/11/2023,Monday,Electronics,1,3874,3874
91f1098b-356b-4b34-a5fb-c244f41324f6,29/03/2023,Wednesday,Cosmetics,3,2427,7281
5d65c234-57e6-4c01-88a9-3f02c6f2f58e,10/04/2023,Monday,Furniture,2,899,1798
8ef994bd-7dc3-40e2-b5d2-46e64d3437ec,26/12/2023,Tuesday,Electronics,3,1860,5580
3225847d-5348-4b3b-a71d-497f2cfa3a49,01/06/2023,Thursday,Cosmetics,5,4036,20180
15d8feb4-58f9-41fe-a929-418fed9b281b,11/05/2023,Thursday,Cosmetics,1,2176,2176
09b388ef-69b8-4886-a3f3-ec568a1b802b,30/05/2023,Tuesday,Electronics,3,4314,12942
b8f17b50-f25d-4dfc-94ce-307eed508db3,05/11/2023,Sunday,Clothing,5,3080,15400
5dff4dc4-4561-4986-b4c9-2a349b9f31b6,15/09/2023,Friday,Furniture,2,2357,4714
e44410e0-05f7-4fc3-b05a-8d3a8abf2b4f,10/12/2023,Sunday,Cosmetics,4,3126,12504
6540f589-c0d8-432b-8726-da48190c1a0f,21/10/2023,Saturday,Cosmetics,2,2394,4788
6d329d28-b79e-4e36-a76e-9610f36add26,11/07/2023,Tuesday,Toys,1,669,669
e9dbdc76-f28c-442e-8436-b64b94a2ae10,04/10/2023,Wednesday,Cosmetics,2,2952,5904
5b845de4-4607-44e1-ac98-07363a4bc006,10/06/2023,Saturday,Electronics,2,2457,4914
a9edbbd9-8747-4555-8839-00917401c348,10/11/2023,Friday,Cosmetics,2,4502,9004
e65275b0-26ee-4b4a-80de-deaf2accabd9,22/01/2023,Sunday,Clothing,2,3054,6108
7f17ead0-48d0-4b62-b907-942e8d59b2a1,10/09/2023,Sunday,Furniture,1,3964,3964
aa27382a-48d3-4ec6-ac6d-bac08a925b16,24/08/2023,Thursday,Furniture,5,2536,12680
35ceaa85-b62f-4748-bc9f-d89203919c17,11/12/2023,Monday,Cosmetics,3,3452,10356
71a26740-c1ef-43d1-a4c6-4e1b5c3ca3ef,18/02/2023,Saturday,Groceries,4,3646,14584
a7f06429-06b4-47f8-b940-8b56db9ae0a9,28/02/2023,Tuesday,Groceries,3,1727,5181
d41bdf11-eedc-4940-bdf5-4d178fc5730d,19/06/2023,Monday,Electronics,3,4089,12267
6522b6c3-f819-4207-a4a5-10f58006488a,07/07/2023,Friday,Groceries,4,1354,5416
5a1fd9ac-dce6-45e0-a700-19951c25010e,28/09/2023,Thursday,Electronics,1,4143,4143
d861cf9e-b309-455f-ba0a-0818090242d0,09/07/2023,Sunday,Toys,4,2013,8052
adb94d78-1628-465e-97c5-3e41883e444f,24/06/2023,Saturday,Electronics,1,3357,3357
48355c84-0674-42fe-8741-a660a7045866,20/02/2023,Monday,Groceries,3,1411,4233
0e3ace0f-a489-4dbd-a895-4fabe8fc0665,30/12/2023,Saturday,Cosmetics,1,4344,4344
d1f2736c-5603-406e-bb36-d6a1b643c726,24/02/2023,Friday,Toys,5,1837,9185
81d43b6c-5404-4c09-9938-6bac32517470,01/09/2023,Friday,Groceries,4,1123,4492
e7b5f6d2-78c4-48df-ad6e-0767b6613a56,16/11/2023,Thursday,Electronics,5,1215,6075
dd9eca86-a7fc-407b-8579-8107ea9e3179,11/05/2023,Thursday,Clothing,3,3649,10947
a65f4344-d552-4f51-86a5-640f41d11f7d,03/11/2023,Friday,Furniture,4,2767,11068
892f757a-0f25-4215-ac2b-76e342064bc8,15/05/2023,Monday,Groceries,3,3203,9609
db0a58fe-44ec-470f-b7af-bdf56bdbd779,21/01/2023,Saturday,Electronics,5,4176,20880
ed436d42-47e4-4966-b8b8-135b3eab4a8b,25/11/2023,Saturday,Toys,3,3105,9315
715321be-40d9-4300-8569-2194f3b4fb75,16/06/2023,Friday,Groceries,4,709,2836
bf5d68d5-a7b6-4348-b48b-a4cd2c323c30,01/10/2023,Sunday,Groceries,4,4692,18768
c8089857-de4a-46a8-8775-85af3be22720,30/03/2023,Thursday,Furniture,3,2632,7896
0c30b271-1111-40f2-b0fc-d3ff0b62b571,12/11/2023,Sunday,Electronics,4,1179,4716
e379ee03-1275-4ca6-860d-ac6a09f124d1,14/01/2023,Saturday,Clothing,4,2324,9296
6f23536c-ee88-4dea-ae04-3add61a001de,30/08/2023,Wednesday,Toys,3,4516,13548
08750374-eb49-479f-b89f-fea7a6af362e,22/09/2023,Friday,Electronics,5,1518,7590
beffb4da-4f2d-4279-a07a-d8dfd9bca849,12/12/2023,Tuesday,Toys,4,2152,8608
fba23d27-70a2-4733-bd90-755c0fc2ba41,22/02/2023,Wednesday,Groceries,4,3316,13264
a69a5c4e-f833-490e-841d-b9daaaec43ca,06/12/2023,Wednesday,Furniture,4,2521,10084
d1d87aaf-a2f0-4526-9b7a-249d890ef4a3,02/04/2023,Sunday,Furniture,4,1201,4804
ae0fa9e9-0750-4196-82fd-980b5da49167,21/09/2023,Thursday,Cosmetics,3,142,426
abce3579-9c86-465b-a6ea-209ab8cc6bd8,04/02/2023,Saturday,Clothing,5,2616,13080
d51df2fd-4326-42bc-a69a-f3786d805993,25/07/2023,Tuesday,Furniture,5,1331,6655
a6485553-9f06-40fe-a235-2870f313d74f,22/03/2023,Wednesday,Groceries,1,2950,2950
325dbc2f-39c9-4340-bc34-6da406e2ac10,19/02/2023,Sunday,Clothing,4,2849,11396
b9e8fa0c-d81d-483f-986f-43d5e4e81fa5,26/12/2023,Tuesday,Electronics,4,3227,12908
803952e1-7ca4-4e66-bab6-8b30dd26b462,02/01/2023,Monday,Furniture,1,4561,4561
d03a53d3-f321-402c-abe8-9b5e759c3d24,23/02/2023,Thursday,Clothing,5,2654,13270
61e61747-696b-4a28-bb95-0a1bf3ac99f6,16/04/2023,Sunday,Groceries,2,3931,7862
792eb33b-ebc9-4548-af06-45bc9452b5f2,17/09/2023,Sunday,Cosmetics,2,2463,4926
6fa5cd6e-5b35-47e9-ba0c-d8cc18640f17,06/11/2023,Monday,Toys,5,1594,7970
ed5290da-dd24-460b-a090-65280d3b0cb5,10/07/2023,Monday,Toys,4,3580,14320
efbed17d-0164-402d-8193-00f77b489f60,06/08/2023,Sunday,Groceries,2,2696,5392
8cc205f8-db32-497e-af95-0d3c0d1b24e5,13/02/2023,Monday,Groceries,3,4834,14502
1c7477a9-e9bb-49e7-ad39-37af54ddd3bf,11/06/2023,Sunday,Toys,3,2108,6324
4ad2ec87-77d7-4858-9b2e-343ebbc89546,21/07/2023,Friday,Cosmetics,1,4564,4564
b6d701b6-9d8e-4cef-ad45-4534e9c8ef38,27/09/2023,Wednesday,Clothing,5,1195,5975
1693fd35-e037-495e-ac8b-d4b335b2f8c6,17/12/2023,Sunday,Toys,5,960,4800
d809ad8a-dbae-4367-bc4a-636648bcb4a2,31/10/2023,Tuesday,Groceries,2,3356,6712
c5724872-add0-4a07-93f9-90641f797305,28/09/2023,Thursday,Furniture,4,1616,6464
feb84b3d-5dce-4669-b8c8-5a84709eb346,03/08/2023,Thursday,Electronics,5,2445,12225
7a8aaff7-410d-4790-b0ca-ef77b12075e9,09/09/2023,Saturday,Cosmetics,2,3055,6110
a5a32d09-c8d5-430c-9c73-8f58a69af7a5,09/07/2023,Sunday,Cosmetics,2,4557,9114
4e54ac2c-5697-40ce-8750-47394875a868,23/10/2023,Monday,Furniture,5,4298,21490
f87f9729-df1b-4933-a4e9-c2247f5717c4,01/08/2023,Tuesday,Furniture,2,141,282
86b59860-9582-44df-bbb4-f95a6aa76b08,27/07/2023,Thursday,Groceries,1,4042,4042
73e853a2-a52a-498e-b88f-9d69bac3e7ba,25/08/2023,Friday,Toys,1,380,380
7c2e324b-a184-4996-85c5-f46cb4f06edc,04/12/2023,Monday,Clothing,5,1004,5020
9960de8b-9369-4086-8e2d-ae288ba54f39,22/02/2023,Wednesday,Cosmetics,4,3830,15320
32cd663d-4471-4de2-b89c-7fc264776a2d,07/10/2023,Saturday,Cosmetics,1,2651,2651
59f57ad7-ba05-4362-b294-00b4737b1cef,05/08/2023,Saturday,Furniture,1,3027,3027
d01392ba-eaeb-44f2-a1d8-1b4917424135,09/09/2023,Saturday,Toys,5,4339,21695
975edc7a-048c-49e5-8ca0-a3c21370c9f2,07/07/2023,Friday,Cosmetics,3,579,1737
dcad9dad-170f-4ffd-8dbd-79763d97a819,10/02/2023,Friday,Clothing,2,2942,5884
312dbf00-da1a-4c0c-a786-e5e50872fdeb,06/06/2023,Tuesday,Furniture,1,1316,1316
1f22bedb-5b32-4534-a463-54ba17974ffc,15/01/2023,Sunday,Clothing,3,1523,4569
26a40f59-29e0-43ca-9924-515786f6f962,28/10/2023,Saturday,Toys,4,4784,19136
72f671a7-e68c-49f9-83e2-654a3d1eac78,06/03/2023,Monday,Cosmetics,3,1647,4941
62146d6e-0234-4f72-ab77-108e5f5f409e,11/12/2023,Monday,Electronics,5,2575,12875
7f8b673c-89db-4839-ae9d-514c2d93aa0d,23/11/2023,Thursday,Cosmetics,4,4843,19372
4e357704-f503-45b5-a7bf-2ab7234c8756,09/01/2023,Monday,Toys,4,3811,15244
f84b6824-8cd0-480c-a592-c33d1aff7763,10/12/2023,Sunday,Cosmetics,3,2792,8376
7259951e-ee9a-44cb-9145-f50c9be54188,09/05/2023,Tuesday,Cosmetics,5,4685,23425
76da384a-bacb-4794-86ee-fe5e2eb96bef,16/05/2023,Tuesday,Groceries,1,4475,4475
603eab18-8e84-45d7-a748-913607ab7d34,04/03/2023,Saturday,Cosmetics,3,519,1557
a5391dc8-3c2d-4b8e-9d86-de70b77d9fd1,19/05/2023,Friday,Cosmetics,1,3880,3880
da33996d-8756-41a7-9b2f-e3c523fff49a,22/03/2023,Wednesday,Clothing,3,583,1749
4983a702-2b45-42cb-b8a7-1308a05ee70e,12/06/2023,Monday,Electronics,1,4612,4612
f5d860e7-f75b-4022-b1bd-9897e9df18f8,16/10/2023,Monday,Clothing,3,4105,12315
6cf21029-6929-4b9a-ae9b-8fca95d35d80,18/09/2023,Monday,Clothing,4,3729,14916
23eb2f26-1e58-4a5b-9339-27f3144be735,19/08/2023,Saturday,Furniture,2,4137,8274
3329e6bc-bb73-48c8-a393-af561b0d0c93,10/02/2023,Friday,Groceries,4,811,3244
6fc62e56-ce3a-4c2a-8d5d-d4684cd380f4,28/01/2023,Saturday,Clothing,1,940,940
3e7ff91e-a0b5-41b6-a4f1-3601daa10977,15/05/2023,Monday,Toys,5,2405,12025
bebfe9c7-3374-45bc-b4e3-f8eaf3db0440,20/07/2023,Thursday,Toys,4,2005,8020
76c596d6-3105-4b17-93ba-6f89e825f408,24/11/2023,Friday,Cosmetics,2,3021,6042
107b333d-fa36-411d-8997-e90327430f87,25/09/2023,Monday,Furniture,1,1722,1722
29fc5f8e-73d7-41a3-b365-829dac064060,02/02/2023,Thursday,Groceries,4,2886,11544
0bf29602-891f-4d09-b7ab-ab20db0650b2,17/02/2023,Friday,Groceries,3,4977,14931
c9a88e53-2507-43e4-b0f9-c04cc9d752da,03/03/2023,Friday,Cosmetics,5,4989,24945
9eccfaaf-a202-4bc1-a94a-0977a54119ba,04/08/2023,Friday,Toys,1,3694,3694
2fe54da2-e536-46a3-a0fc-290246dd0272,20/10/2023,Friday,Electronics,4,2347,9388
eac2c1e5-1a87-45f6-a943-49f99ad22fe7,09/04/2023,Sunday,Furniture,1,4111,4111
7da6e77c-6239-482c-87bc-43067a9fc9a2,21/06/2023,Wednesday,Cosmetics,3,3216,9648
7594c497-821d-41ad-8528-43623eeba94d,26/12/2023,Tuesday,Furniture,2,1369,2738
6284c96d-6b26-4a70-968b-d436bbdff6ee,02/08/2023,Wednesday,Toys,4,233,932
5ea2a597-e7f9-49d3-a612-992b977a676c,04/02/2023,Saturday,Toys,1,1333,1333
ba40edca-b003-46f1-865b-fa5065387071,15/08/2023,Tuesday,Electronics,1,2896,2896
b033de25-c509-4c96-9261-3604760fcaa2,11/04/2023,Tuesday,Electronics,1,2283,2283
b809f729-6981-4f42-b0f6-f9eebfeadfff,11/05/2023,Thursday,Groceries,2,4138,8276
17ffc3bc-5cac-48d9-8403-b87b527475de,14/09/2023,Thursday,Furniture,1,1482,1482
c2f689ef-cb47-499b-9546-ca7d26971e7b,05/01/2023,Thursday,Furniture,5,3190,15950
890be27d-9eb4-4c44-a819-437a5350fa56,06/08/2023,Sunday,Toys,5,1846,9230
de347763-b472-44ad-9abe-eaf9d3a844c7,12/09/2023,Tuesday,Groceries,1,4772,4772
654ca8b3-0b02-4830-8b27-7bb9c50bb840,25/12/2023,Monday,Cosmetics,5,2105,10525
bfdf70c6-a2b4-494b-9945-d7ab2e2f244d,10/10/2023,Tuesday,Furniture,4,3386,13544
9e39a13c-e063-4795-b179-ff6076715a33,26/07/2023,Wednesday,Groceries,5,832,4160
6a002fc7-1941-411e-a8a1-76425aafa850,15/01/2023,Sunday,Groceries,1,1557,1557
62c399a4-b53b-449a-ab26-f7ec920e12cf,12/12/2023,Tuesday,Toys,3,4920,14760
605e4f2b-5e04-4b04-811b-4182d0a7bb51,11/02/2023,Saturday,Groceries,4,3904,15616
72b526eb-0d41-4695-90f9-6065afde4f3f,28/06/2023,Wednesday,Electronics,2,726,1452
75eeba75-2d37-45d0-8726-0a5870eff9d7,04/03/2023,Saturday,Electronics,1,1880,1880
86912eb3-a707-46e1-9cf7-58d4f89cc4ce,18/12/2023,Monday,Clothing,2,4140,8280
9282c473-5685-45ce-a53e-51cff3cc5437,19/08/2023,Saturday,Toys,3,4356,13068
3bcc5f8b-50d8-4319-8846-288f58e8209f,29/08/2023,Tuesday,Cosmetics,2,1410,2820
5627e64d-541b-49dd-92aa-489c7557351d,21/02/2023,Tuesday,Clothing,1,4635,4635
3306aca6-d887-4f8f-933e-9990034ad761,06/04/2023,Thursday,Electronics,1,2736,2736
c0e13346-13ab-47d9-8889-3d36a1bc9e04,10/08/2023,Thursday,Clothing,3,240,720
c31f84ab-ef0b-4f1f-984e-f4407b57bf48,19/08/2023,Saturday,Toys,1,892,892
bbebebf0-e822-4e5f-8638-53e91e3f8cc7,25/08/2023,Friday,Toys,3,384,1152
362daff4-3239-46af-a4dc-e864e2a71588,23/05/2023,Tuesday,Groceries,3,1160,3480
b383be4e-0431-4565-9e96-d12382939510,20/06/2023,Tuesday,Furniture,1,628,628
9b40e480-17d7-4bdc-8e6a-afd24a5e46b4,29/01/2023,Sunday,Groceries,5,111,555
0abc34f0-0fb1-49f1-8e53-5c82d38005a8,05/02/2023,Sunday,Toys,3,436,1308
47c06ddf-158f-4a08-88c6-d4b60212cfc3,13/01/2023,Friday,Electronics,1,1219,1219
5c78eb7c-2117-4866-baed-3d3c7fa43960,09/06/2023,Friday,Cosmetics,5,2250,11250
c6069b32-49b4-44e4-8b98-2e7b8e630dac,23/11/2023,Thursday,Electronics,3,4764,14292
eb15d036-169e-4d53-a8a5-e0dd6a063a05,06/07/2023,Thursday,Groceries,5,1733,8665
bd816468-a99c-45c7-bb6d-0b9c9012c30e,31/08/2023,Thursday,Cosmetics,4,536,2144
1e08d26f-6587-4f16-9a75-ef55bd797c67,27/03/2023,Monday,Toys,4,3782,15128
0b1c3f67-86be-4cee-ae3d-0c02abf46526,11/10/2023,Wednesday,Electronics,5,590,2950
061a9c98-501a-4deb-8692-c62507581bd0,07/03/2023,Tuesday,Toys,3,2110,6330
39fe6ad1-10c0-4d12-804c-bbde2de9c511,19/06/2023,Monday,Cosmetics,1,4296,4296
b377981f-6d5a-4875-b2ce-aeb69c5182fd,14/02/2023,Tuesday,Cosmetics,2,1288,2576
9926d841-105c-4b39-8567-43077b6312cb,03/03/2023,Friday,Electronics,1,1040,1040
66f00fcb-94e0-4a69-88da-001a664feff1,14/05/2023,Sunday,Toys,2,4517,9034
ac096c2d-8e1c-45c1-b116-20c4b4cc5499,11/10/2023,Wednesday,Clothing,2,2349,4698
46e461b1-8a6f-49a8-a103-ca86b2c3f6fc,28/01/2023,Saturday,Toys,3,3957,11871
c7d89b17-43fc-49af-8bb3-bac8fb813242,18/04/2023,Tuesday,Cosmetics,5,4338,21690
5f5ed871-799f-4fa3-a9a1-9b0e1c4846bb,13/02/2023,Monday,Toys,1,1130,1130
aac1a9d6-17e0-4842-814e-a63658f2a01c,06/12/2023,Wednesday,Groceries,5,247,1235
1197d074-f824-4b97-95b6-59b92422ff07,13/10/2023,Friday,Clothing,4,2244,8976
41eb7356-0dc9-4354-90a5-3d7fea22edef,27/11/2023,Monday,Furniture,3,1648,4944
09c948a4-557e-4b06-a3a0-38ccaeaaa9d9,08/05/2023,Monday,Groceries,3,1650,4950
078abf87-eccd-46ea-ab8b-fc54fe55b03a,14/12/2023,Thursday,Furniture,4,3742,14968
05a1f63d-207e-4c29-8054-6b66799a5279,19/08/2023,Saturday,Electronics,1,3915,3915
fd8d2528-425e-4a51-ae59-d146a4079695,09/07/2023,Sunday,Furniture,4,733,2932
3b38e1fb-21cd-44f2-a862-1dff19f02a13,13/08/2023,Sunday,Toys,1,3133,3133
25c8ca4e-79e9-4099-84b5-0155d9efc399,10/10/2023,Tuesday,Furniture,2,4039,8078
b0aff6d0-0a7c-4be6-8bfe-1566f2dd87d7,01/05/2023,Monday,Cosmetics,3,382,1146
6a836082-c59e-4340-865a-6c9c9bc1733c,26/04/2023,Wednesday,Groceries,1,1821,1821
4de2dc62-f15e-43ec-84ff-f85ae8da623d,21/08/2023,Monday,Groceries,5,4250,21250
cdd75baa-7b4d-4bdd-b9b5-1c6451560a80,16/09/2023,Saturday,Furniture,5,2771,13855
7ea9abe9-6d04-492f-a1e3-ab1799633a78,25/12/2023,Monday,Groceries,3,856,2568
26799ecd-8af2-4ef4-847f-2b9f85254c8a,17/07/2023,Monday,Cosmetics,4,1114,4456
954d850f-4c8a-4b88-8c1e-f7f8a919c42d,17/05/2023,Wednesday,Groceries,4,938,3752
f26d5a28-f8fa-4684-b481-3fb2d01390b3,14/11/2023,Tuesday,Furniture,1,2973,2973
6106b8a6-aac5-4289-a1ee-0f611dd92097,14/06/2023,Wednesday,Clothing,4,370,1480
d9eb5756-f82a-4785-8968-58457d624628,13/08/2023,Sunday,Clothing,3,4007,12021
ce67d6ca-25cc-4ae6-aa4c-0a59fe47b0a7,03/11/2023,Friday,Electronics,1,2432,2432
f66d5555-edd6-4b50-a6d6-89f67c8bbf88,22/08/2023,Tuesday,Groceries,2,3281,6562
dffb6fb2-9588-46ce-ae24-4f39a042b88e,21/06/2023,Wednesday,Furniture,4,2361,9444
4acb841c-2732-49a8-b0dc-bdb4344f04ca,01/06/2023,Thursday,Groceries,4,3651,14604
0d289e91-b3dd-424f-a767-1293211f11fd,11/11/2023,Saturday,Toys,1,1550,1550
ecf57c62-2089-4bee-9af7-a85091ea4481,09/06/2023,Friday,Cosmetics,5,1618,8090
739f9932-3d74-4c04-8379-f87b049a43db,06/04/2023,Thursday,Groceries,4,3331,13324
d7a75cb3-7a46-4a64-9f25-14c3c3af7721,21/08/2023,Monday,Groceries,3,1569,4707
c27b8549-c247-4816-b716-d63e8c46cf35,29/06/2023,Thursday,Clothing,4,1968,7872
4cd513bb-be8d-4428-80b8-5f7e26d87c56,23/04/2023,Sunday,Cosmetics,2,4139,8278
3b7c1674-4424-4441-8b04-ef1659cf7284,14/11/2023,Tuesday,Furniture,4,1915,7660
36850989-2440-4a3a-9bff-be1b10b6a0c1,21/02/2023,Tuesday,Groceries,5,1455,7275
6fd66e59-3c15-4fd4-8b65-4cfddee2333c,25/09/2023,Monday,Clothing,4,2773,11092
007c70ab-99a3-473d-9123-60349c9258ef,22/10/2023,Sunday,Electronics,1,54,54
f0f695cf-fa83-4190-996b-6ca7200470d1,23/04/2023,Sunday,Cosmetics,4,1218,4872
de1e449f-4c0b-4abc-b13e-96f353ca501c,11/04/2023,Tuesday,Clothing,5,2448,12240
e7abe43c-21db-4f26-9dad-a2e47b837554,23/04/2023,Sunday,Clothing,1,2680,2680
237f905b-7d8a-4c20-81dd-157bf4213f11,22/03/2023,Wednesday,Clothing,3,397,1191
943d5666-971e-47d2-8a7f-19ea2a95d806,06/07/2023,Thursday,Groceries,1,4270,4270
bb1035b8-ac31-4915-b44b-0be9807d1c30,23/04/2023,Sunday,Groceries,2,1863,3726
102f5418-cf7e-4ae8-b72c-667642f9d70b,02/01/2023,Monday,Electronics,1,3392,3392
9b79f252-fa8e-45ae-b5dd-dc4ebd541ded,10/05/2023,Wednesday,Toys,3,2624,7872
ef868eb2-39e2-4aa3-a8af-f7ef6b9ed169,08/08/2023,Tuesday,Toys,4,3875,15500
e204062d-472b-4c13-9d72-c66f44df9fd9,23/02/2023,Thursday,Toys,1,4643,4643
67e9a4cf-463e-4b1b-8d03-0c8479d9e6be,09/12/2023,Saturday,Cosmetics,1,102,102
65827853-a167-4517-8847-b1e4213be6dd,12/08/2023,Saturday,Cosmetics,1,198,198
d3ca254c-4d5b-4b72-b815-06a1ac003fa6,13/08/2023,Sunday,Electronics,1,552,552
f17ddcf8-01e7-4c21-92e8-cf25e983f7bb,06/05/2023,Saturday,Cosmetics,3,919,2757
3dec28c4-419e-47cb-a419-a87a0cc2582d,10/05/2023,Wednesday,Toys,5,3571,17855
86258fae-3447-4a1b-9693-f57ad318aba8,22/02/2023,Wednesday,Toys,5,4364,21820
8f2d6dbf-7be0-4476-9f19-1df2ef73252f,21/06/2023,Wednesday,Clothing,1,3921,3921
feedf06e-624d-480d-88f8-c30462ec83aa,06/08/2023,Sunday,Cosmetics,3,1350,4050
54b31f52-3730-4136-95d3-d40f73b1bdd5,09/06/2023,Friday,Groceries,3,2549,7647
77c591f3-e59d-4fa7-b47c-c660eb041f63,17/07/2023,Monday,Groceries,1,4083,4083
d9b70ea6-25a9-48eb-aeb7-7a99e8fb0f6d,04/09/2023,Monday,Clothing,2,3339,6678
f971430d-87d8-4be1-84b1-8beffc2bbf7a,20/11/2023,Monday,Clothing,1,4883,4883
a5312de2-2376-4dcd-acf9-b47a85bfb335,22/07/2023,Saturday,Clothing,2,3903,7806
de1e8fd3-efd5-4ed0-b90c-ce15f85908de,03/07/2023,Monday,Groceries,1,2501,2501
ffd2e5a2-4e2c-41e3-862a-5411318230ca,03/05/2023,Wednesday,Toys,2,4435,8870
90472867-2e86-4e79-9f2c-ea26259bf93b,12/09/2023,Tuesday,Clothing,2,388,776
12cc4584-423a-40c6-9586-3e1ed543ab2a,21/10/2023,Saturday,Electronics,1,2874,2874
74317730-d8de-49bb-861b-0e5bbe8164fd,07/10/2023,Saturday,Clothing,2,1743,3486
1a99a5d5-539a-4c13-8718-92c051b1dee0,21/11/2023,Tuesday,Furniture,4,1036,4144
298972ea-7887-4afc-9722-ad38aa621ad0,08/04/2023,Saturday,Clothing,5,3540,17700
27a77780-05c5-467b-a32e-e32d2d159f54,17/07/2023,Monday,Groceries,3,2783,8349
3fb081ea-6326-4a38-9e0c-958d1fd8032b,28/08/2023,Monday,Cosmetics,2,3817,7634
ee28af1a-2baa-4cc1-9d55-6dcfc21dee32,24/05/2023,Wednesday,Clothing,2,4126,8252
1cfce32a-8187-4413-aee0-4385c7f711bf,07/04/2023,Friday,Cosmetics,3,2056,6168
6e7d0c55-4fe4-4178-804c-051d349e70cf,20/07/2023,Thursday,Furniture,2,3157,6314
59cc3d95-ef34-4bee-ad00-78277165281e,04/05/2023,Thursday,Electronics,3,4518,13554
4ac97b93-c1fb-4b3d-9051-8e26d7bbe898,06/07/2023,Thursday,Cosmetics,1,3380,3380
ddceaa20-3c79-4246-b5a1-587531e02718,22/11/2023,Wednesday,Toys,4,3091,12364
948a6f4c-acb7-4491-b7d6-84a29cf023a7,15/12/2023,Friday,Clothing,4,580,2320
f44bc055-84af-42db-a809-1e83f4b950f4,16/09/2023,Saturday,Furniture,5,973,4865
3a25eb80-5067-4143-876d-6c5a9a46bbcd,28/05/2023,Sunday,Furniture,2,4168,8336
5a5a6f37-7ce8-4774-8ccb-d96d2825664b,09/09/2023,Saturday,Cosmetics,5,290,1450
d16e1735-6179-48fc-b6c2-0289f21f072a,12/12/2023,Tuesday,Electronics,1,1946,1946
93046a10-c360-4e17-a82b-b2e7b5183fc4,27/05/2023,Saturday,Groceries,4,3374,13496
4b81ad69-f926-4d11-8609-5683a16fd447,28/05/2023,Sunday,Clothing,1,863,863
ca21b5ef-2fc7-462b-87b5-4fa20dbbda62,18/12/2023,Monday,Furniture,1,4800,4800
96f11e3d-face-4cde-8bd5-f747a10c308c,18/07/2023,Tuesday,Electronics,2,832,1664
8dafc2dc-cb51-4323-8a2a-c1f7de888ea3,04/11/2023,Saturday,Toys,1,4105,4105
9a3e1ddd-8e92-4cb2-9e03-6cf90fb38e19,08/05/2023,Monday,Furniture,4,57,228
4942bc8c-c36e-4f3f-ac55-0d5c33be9a45,08/02/2023,Wednesday,Electronics,5,3823,19115
0f613418-0502-4a17-8b4c-8a8bcc38765d,04/12/2023,Monday,Groceries,4,4720,18880
2d360310-d709-4220-828d-6f5244ec9660,26/12/2023,Tuesday,Groceries,2,3189,6378
ee6259ed-b1ff-451e-8214-1aa08c1b34aa,09/05/2023,Tuesday,Furniture,4,3839,15356
af6442db-145e-4fb8-8fa5-82d2d25f34ec,24/09/2023,Sunday,Furniture,3,4101,12303
f214f7f9-34ea-4ac0-841e-33b13d90ceec,31/05/2023,Wednesday,Cosmetics,5,567,2835
e7511336-4e77-47bc-abeb-c4dd67e2fa32,25/10/2023,Wednesday,Clothing,3,3240,9720
613eeb70-1cac-4861-a315-1c83a8cf48fd,09/04/2023,Sunday,Electronics,3,3152,9456
ae8a6282-5583-4590-a8bc-2ba4f74be714,20/09/2023,Wednesday,Furniture,2,4628,9256
d2404d1f-6a6c-4709-8b14-a079cb53a0a0,09/09/2023,Saturday,Clothing,1,2766,2766
3f37db51-87a7-46c6-852b-7feaeac30c38,24/05/2023,Wednesday,Cosmetics,3,628,1884
ee0cacee-675e-4362-ad76-6092d314ef19,12/12/2023,Tuesday,Clothing,4,4532,18128
27a461f5-59ef-4f9a-a7ab-8d4c9e2227c8,22/04/2023,Saturday,Furniture,1,4557,4557
403d0f69-4461-4fe7-883e-39b7cca7d6e4,01/03/2023,Wednesday,Groceries,4,1915,7660
c6434749-2067-4ee4-a079-ae8fe33a7ae4,02/01/2023,Monday,Electronics,4,1426,5704
a36f5ab5-2b05-43bf-931d-8c892257a3bc,31/10/2023,Tuesday,Electronics,1,2988,2988
237f9957-0f13-40cd-a54c-eb5a426c6b00,11/09/2023,Monday,Groceries,1,955,955
335c908d-de3c-476a-82b8-c833a58ad7c6,20/05/2023,Saturday,Furniture,4,1014,4056
c1031993-e00e-4e02-8331-23e1a3b68940,06/02/2023,Monday,Electronics,2,2026,4052
a5748b10-da0c-4e8a-8eb0-b8c99e59d010,09/06/2023,Friday,Furniture,5,4809,24045
090a8269-e52f-4ba4-9ce6-14d5b8b25ff2,09/01/2023,Monday,Cosmetics,5,4970,24850
0e128229-a228-4bdc-86c3-dec3f9712be1,21/08/2023,Monday,Furniture,2,1937,3874
179df657-33c8-4cb2-8e75-ff5f3c8380f0,09/04/2023,Sunday,Clothing,1,2497,2497
bca3912e-6ac7-46ca-9ce0-8169c1992a01,27/05/2023,Saturday,Groceries,4,1041,4164
d23ca275-6774-4c27-b4ee-c31cd5257faf,31/10/2023,Tuesday,Furniture,5,3606,18030
ff913bfd-e35b-40ee-b73d-2326049b85c2,27/07/2023,Thursday,Cosmetics,4,4009,16036
597d6c76-3eea-4867-bf21-52104855efb3,11/05/2023,Thursday,Toys,2,3654,7308
0bdc2c56-11b9-4126-b066-ef413b92dcaf,01/06/2023,Thursday,Groceries,4,1133,4532
18fd9b4a-c933-4afe-82e7-d12d3933566c,23/02/2023,Thursday,Electronics,2,484,968
dceea8b8-18ad-47d5-b2d7-6abed7eed7bb,30/04/2023,Sunday,Clothing,1,70,70
308263b7-ff02-4af8-8d93-df224831d4df,10/06/2023,Saturday,Electronics,2,2972,5944
07ba6bdd-96dd-4d87-94c5-1c65577d94a3,26/04/2023,Wednesday,Cosmetics,2,1975,3950
b2c785ae-c4f4-4f76-87af-f8696827fbdc,16/03/2023,Thursday,Cosmetics,5,1522,7610
5d31c957-fa21-46ab-a216-5f4c2e142508,23/04/2023,Sunday,Electronics,4,1149,4596
2ba86a91-96db-4760-9812-05355f79b4dc,14/04/2023,Friday,Groceries,5,2687,13435
9fc46ff5-21ac-4a7e-9e87-c508270b1889,06/12/2023,Wednesday,Electronics,3,439,1317
2228fcdd-b366-473c-9f55-ffdd7194bb94,11/09/2023,Monday,Furniture,2,3463,6926
12e5c1e0-f665-49af-8918-e603de1d2195,15/08/2023,Tuesday,Electronics,3,2665,7995
3e3ced31-7219-421f-95da-4b04c8bcf438,22/04/2023,Saturday,Clothing,5,1404,7020
b0c3cddb-3e46-4706-b792-d32fe0ea0e49,09/04/2023,Sunday,Clothing,4,4571,18284
81f916c8-09f7-4c7d-a528-71e7700b1fce,02/06/2023,Friday,Toys,5,55,275
79186988-713a-4671-80f9-fb227e7d3c5e,15/12/2023,Friday,Clothing,4,240,960
8e0f5931-132e-43c2-bcfe-0c542d7c1983,04/12/2023,Monday,Electronics,4,197,788
12fcdbad-73e1-44c9-aaaa-18c279bb59a2,13/07/2023,Thursday,Clothing,1,4550,4550
bd1e8fd1-8f4f-4318-9dcd-3adbd5613987,06/11/2023,Monday,Groceries,2,4403,8806
5933a2aa-e74f-43ce-93ea-1ee53603fc5c,12/06/2023,Monday,Clothing,5,3600,18000
25ebb48b-309d-4402-b119-9123ee177d66,27/07/2023,Thursday,Furniture,4,4969,19876
468c4ba4-ffd6-461b-8533-86025c3c27ce,18/06/2023,Sunday,Groceries,5,4155,20775
8304c8a7-7148-48ae-8572-de51fe2ea78c,10/06/2023,Saturday,Toys,5,1160,5800
bdf1e681-6c57-4f1f-aa8c-8d0928d60eb8,09/03/2023,Thursday,Furniture,4,3883,15532
9d298374-b58b-42b6-b2e1-914d7aaa32fc,16/10/2023,Monday,Electronics,3,4983,14949
88de9eec-b0a6-4b8e-94de-dbe85bf789d3,04/10/2023,Wednesday,Electronics,2,674,1348
d791ac05-6ca7-4796-9f2e-b3bde7c22b18,31/10/2023,Tuesday,Electronics,2,4175,8350
7acdf8ac-8ebb-4385-b9ac-f913e077a3e8,15/05/2023,Monday,Furniture,1,2225,2225
1bc3dd62-3105-4e76-b0f8-bb0370dffdec,14/07/2023,Friday,Furniture,1,3199,3199
a954a571-fb20-4ae1-a4de-87fd703f70f8,08/05/2023,Monday,Furniture,1,1128,1128
fd7ee151-e735-42fe-ac7c-2e14659c0c3a,02/02/2023,Thursday,Groceries,2,3601,7202
f0da6f06-30d6-494f-8089-b78886abede8,25/06/2023,Sunday,Cosmetics,3,2402,7206
63168c9a-5e5d-42c9-b42f-8129a2693f08,22/01/2023,Sunday,Groceries,2,595,1190
d2adb91d-c078-4ef2-acf5-e9470c0d41b8,26/08/2023,Saturday,Electronics,2,1245,2490
c47ad56e-2b30-4469-8b05-80a46968c638,07/06/2023,Wednesday,Cosmetics,2,2119,4238
0869f097-a027-4dfb-9db6-94b879f07f3d,07/02/2023,Tuesday,Clothing,2,3408,6816
1c5a2100-2659-4227-923e-74a5aef9fa6b,18/08/2023,Friday,Electronics,3,2488,7464
c6432073-0744-4885-85fe-76ec6d4494db,31/12/2023,Sunday,Toys,1,666,666
a5a4ff2c-5e82-424f-bb41-0f7ae42af7ca,20/02/2023,Monday,Groceries,5,4294,21470
eb5aa21e-71f7-4b1b-b7b2-f5e3ed6d3150,21/09/2023,Thursday,Furniture,1,3393,3393
b97c472a-565e-47cf-9b6e-0f58c0318616,10/10/2023,Tuesday,Groceries,1,1861,1861
c7ec9da7-a15c-462a-8dd2-ed0a43fd2e1d,27/01/2023,Friday,Furniture,5,221,1105
906212a0-07b2-4ccc-901b-18a435872f48,14/08/2023,Monday,Cosmetics,2,4192,8384
1334601c-8a89-4c45-840e-9643e6d0684d,04/10/2023,Wednesday,Toys,3,675,2025
34e0b334-99e7-4601-981e-fa5bfe80c751,13/10/2023,Friday,Cosmetics,3,4113,12339
4ced16c3-91be-4ffb-ad31-e1a1caae8190,07/04/2023,Friday,Toys,1,2304,2304
c3e7f6bf-4589-4e3c-b8d5-dfe30ff083e9,11/10/2023,Wednesday,Groceries,5,502,2510
6bcc620e-c684-4b33-b6fa-3a1cb7f556c7,13/11/2023,Monday,Furniture,4,1468,5872
d0d11a17-e2c2-4990-8525-a6b879a69486,31/10/2023,Tuesday,Cosmetics,2,803,1606
2d363bf1-62f3-4a6e-82ee-dcbccd4d1b14,27/05/2023,Saturday,Toys,1,3422,3422
1f84de8f-568f-4a31-bc36-63de943ab209,04/01/2023,Wednesday,Electronics,3,2773,8319
211893ec-6e16-4e0c-b8a1-7ae2893700b3,04/02/2023,Saturday,Electronics,5,3060,15300
9481a93f-0a6c-4544-bd48-cea88b54e634,11/07/2023,Tuesday,Cosmetics,5,2961,14805
2f0dab6e-9bf7-4eee-8e8d-c931948645d3,18/02/2023,Saturday,Furniture,1,1275,1275
3111bc1c-8f3f-402c-bdac-6abaa65583e5,17/01/2023,Tuesday,Cosmetics,4,217,868
1bac007e-7487-4101-afa8-f010baa147f5,21/06/2023,Wednesday,Groceries,3,3735,11205
c71149d2-f4d7-40fb-96c5-c238f16bbe8f,08/08/2023,Tuesday,Toys,1,135,135
cd533af9-726b-4247-b875-2c7508eddd26,07/06/2023,Wednesday,Groceries,4,1727,6908
37038c6c-ddd0-490d-8018-58d45d99b23b,15/02/2023,Wednesday,Electronics,5,2032,10160
33eaf490-18f2-4844-884a-39bd7eaca684,06/01/2023,Friday,Toys,2,4994,9988
550a5581-e9fa-4452-aff5-e44d78822c26,09/04/2023,Sunday,Cosmetics,3,1536,4608
0b02b0d4-f139-4c71-81c9-a5fd22937c95,21/08/2023,Monday,Groceries,3,491,1473
a8c10410-6ef2-4ee6-9716-2bd1a2d761e8,06/02/2023,Monday,Clothing,4,320,1280
dad0c7a2-d2d3-4dcc-b863-b486a77dbfe2,07/10/2023,Saturday,Furniture,1,393,393
0b2abf31-c1e4-44b2-a825-67be30bd0b66,15/12/2023,Friday,Furniture,5,1256,6280
f2245d7a-08ea-4bf2-8e87-796b28b6a358,29/10/2023,Sunday,Clothing,4,3131,12524
7a50337e-603f-4cd4-93cd-dea8a2eb0795,30/06/2023,Friday,Electronics,2,1307,2614
871f1a49-a6f7-4b83-b41a-5f20ea0bea6f,05/04/2023,Wednesday,Toys,2,2341,4682
99488d8a-8027-45fe-9137-f129a58b95c6,09/04/2023,Sunday,Furniture,2,1582,3164
5763f307-dd5a-48ce-ad6b-c05cd373a9bf,07/07/2023,Friday,Clothing,4,3472,13888
917ac7cf-967f-46a3-b16e-d5fe34233e8b,26/04/2023,Wednesday,Cosmetics,5,4412,22060
5fe3cdcd-c7b4-483f-b988-9e77eb51a75c,10/07/2023,Monday,Clothing,3,1703,5109
248c27c1-612f-49ea-a4f8-36ae020125aa,10/09/2023,Sunday,Electronics,1,288,288
481353e4-ce45-4e89-a9b0-50894059fe6f,10/06/2023,Saturday,Electronics,3,964,2892
59f165b1-b466-476f-b1d0-3e362578fa33,13/09/2023,Wednesday,Groceries,5,1488,7440
1347b7fd-0079-4aea-aeaf-eee3f907ef9d,19/11/2023,Sunday,Furniture,3,3066,9198
eb9a06f7-fb20-4be9-b3f4-7eac7c3fb3f1,08/05/2023,Monday,Groceries,4,1510,6040
786190e6-bb3f-47ab-bea7-8528c6536293,18/01/2023,Wednesday,Clothing,2,3129,6258
91ee9f3e-5bce-46e0-a621-143a1ec0a8c5,08/10/2023,Sunday,Toys,5,2308,11540
baf2905d-c846-49a1-ae5e-b343cedb42a9,11/08/2023,Friday,Toys,5,416,2080
2e8e2f9d-60e2-449f-acbc-5f865d8817f6,23/02/2023,Thursday,Electronics,3,3041,9123
6bfb9e27-ff1b-46c8-87c3-90f56ce32ef3,27/02/2023,Monday,Toys,4,3791,15164
77acd7d9-dd4d-4604-be44-a9695ddea9f6,19/11/2023,Sunday,Toys,3,135,405
27e4e209-8b8b-4068-ba79-00c0e7b13e9d,26/12/2023,Tuesday,Toys,3,2543,7629
a0c5287b-117e-4a4b-848e-d82999d4c7c2,23/06/2023,Friday,Clothing,5,4765,23825
91cd2a1a-d942-497f-95b8-965a7bc78c7f,07/10/2023,Saturday,Toys,3,181,543
486a7c94-2044-42c2-8cab-87062188e45c,24/04/2023,Monday,Cosmetics,2,953,1906
9235dd93-d83a-4180-94fa-621f0442a1cc,15/10/2023,Sunday,Toys,3,3506,10518
34651ecc-2c67-436f-a42a-40b6d84b3d64,08/12/2023,Friday,Toys,2,1271,2542
592e7f4e-0fb6-4c92-b3f7-4a47e6fb327e,31/05/2023,Wednesday,Groceries,5,1813,9065
bf11ea8b-3e94-4445-a3f4-19f406a8cf89,07/05/2023,Sunday,Clothing,4,2854,11416
9a2c610a-b426-4fea-86a8-9745bc3f5b88,04/06/2023,Sunday,Electronics,2,1276,2552
521f33c8-3cfb-44a3-9747-af04628fe285,30/09/2023,Saturday,Groceries,4,1334,5336
cdc4db9f-904a-475b-8f6f-5d787a07ebf9,14/04/2023,Friday,Furniture,4,739,2956
38535d53-993b-4b77-9839-9d761edd582b,26/10/2023,Thursday,Clothing,2,4832,9664
d01dfd72-6fa0-46fb-b44b-77624a68ae8e,03/09/2023,Sunday,Cosmetics,5,4931,24655
3c662aba-623b-4e95-b5b3-cc46a5a9e1c3,25/06/2023,Sunday,Clothing,1,4485,4485
7e2adde9-de6a-419c-855a-8280e77a750e,08/02/2023,Wednesday,Furniture,4,4557,18228
1ff44c41-008d-4ed5-8417-9ab7fa4521bb,19/06/2023,Monday,Furniture,4,2046,8184
12bdfa4e-4c63-4856-924c-3b4e931eb418,04/09/2023,Monday,Furniture,5,4431,22155
bc293992-78b4-4c7d-93c0-543e43c05a86,26/01/2023,Thursday,Electronics,5,1159,5795
3e176086-3546-4ab1-b513-fdbc30d825f0,21/12/2023,Thursday,Toys,3,4995,14985
87cb7c4a-6bc4-40a8-b392-7af262b4caa8,02/11/2023,Thursday,Clothing,5,479,2395
4ee9c3e4-7899-46fe-8339-9451f1824b14,13/01/2023,Friday,Toys,4,4176,16704
3995b25f-3cf3-4ba2-8e77-b2dd55017f49,12/11/2023,Sunday,Toys,2,3831,7662
36b23dcc-26cf-4f3b-91cc-fc67c3cce10f,09/11/2023,Thursday,Cosmetics,1,652,652
e4757da7-bdda-4471-b1b3-cd1b78f420c5,05/02/2023,Sunday,Furniture,3,489,1467
a878d80e-71a7-485c-ac02-b4b6d9220ae4,22/06/2023,Thursday,Electronics,2,1034,2068
27870946-3d80-499d-8945-4c57f19c4f4a,20/01/2023,Friday,Cosmetics,1,1968,1968
6ca8a6b5-c52e-4564-8899-318a78adcfd2,17/11/2023,Friday,Groceries,1,4557,4557
8f7cb2ae-37eb-4113-bb39-69f33282a64a,21/09/2023,Thursday,Electronics,1,577,577
c2ff9b85-b340-4bfc-8d0a-2eedeaf04b1e,22/05/2023,Monday,Toys,2,4455,8910
aeed9e3d-3b80-4bbf-88a0-b330accfa84e,23/05/2023,Tuesday,Electronics,3,3046,9138
c041bae5-5c86-4436-906d-6f49b99ead6a,02/04/2023,Sunday,Furniture,3,3517,10551
207cebb6-ce08-4d65-a35c-a8b3919dca18,20/12/2023,Wednesday,Groceries,1,1411,1411
114f169f-684d-40da-81bd-ea5f0ce8eda6,18/11/2023,Saturday,Furniture,2,753,1506
903f707b-41e8-412a-9e87-0441ba14b810,15/10/2023,Sunday,Groceries,1,712,712
49612bd9-23f3-41a6-9252-129014b32b05,03/08/2023,Thursday,Cosmetics,5,414,2070
915cbece-a184-4555-9b03-9453dc838828,08/12/2023,Friday,Toys,3,972,2916
7d4f4b03-04c8-46ec-9926-79cd449ddb11,20/02/2023,Monday,Groceries,4,3906,15624
00311ceb-ff89-44de-8397-c92cb44f1d8d,02/06/2023,Friday,Groceries,1,225,225
5269ce07-948f-4f55-b7bc-d240d5a19e5f,05/07/2023,Wednesday,Groceries,5,985,4925
dad81846-a0b3-4d4f-bced-6354b49a5a4a,04/03/2023,Saturday,Electronics,3,431,1293
5e603bfd-9cb1-47b8-9cfb-db3486a56567,09/07/2023,Sunday,Cosmetics,2,355,710
3e83480a-7e34-4262-870c-355a4413635d,05/05/2023,Friday,Electronics,3,4747,14241
1f82e24c-3c1d-4e12-8620-e1d37aacdd46,30/05/2023,Tuesday,Toys,2,2440,4880
4759eabb-269d-4042-83c8-784e95f2609d,10/11/2023,Friday,Groceries,2,2253,4506
2d2faa03-7520-4359-af91-00aecfc04c0c,27/02/2023,Monday,Cosmetics,1,4857,4857
c2c05b69-32e1-4b96-a8d6-9b95b1af45c9,08/12/2023,Friday,Cosmetics,1,1515,1515
71c14495-f1c2-4ef2-a12e-26a8577ff3b3,01/11/2023,Wednesday,Clothing,3,3321,9963
41bf6022-54b2-43eb-a5ce-6fd0cd82d2e1,29/06/2023,Thursday,Toys,5,452,2260
2305ee70-3871-4631-9f30-b5d121504a3a,19/06/2023,Monday,Cosmetics,3,4759,14277
331497a4-0a43-40d2-bf22-8304bf48f46b,22/11/2023,Wednesday,Groceries,4,2720,10880
b5a0c292-5826-4662-a1fa-44e690e54a3a,28/09/2023,Thursday,Groceries,2,1851,3702
db974c1d-8381-4a1f-bcdb-dac5ab9ef972,23/02/2023,Thursday,Cosmetics,2,2700,5400
8ce25342-6f4c-4d61-b05f-9b79c744ddf1,11/04/2023,Tuesday,Electronics,1,226,226
1f0e87b0-b0b7-4a74-bce5-0ed9a2df93f9,21/09/2023,Thursday,Toys,5,4594,22970
70122065-9863-4330-b961-48931477e217,22/02/2023,Wednesday,Groceries,1,792,792
5845a9e3-f3b3-41ec-a3e1-28c7e9f5cb7d,01/03/2023,Wednesday,Cosmetics,4,2398,9592
1968ba6f-64f7-4e08-b092-62731d4c38bc,18/04/2023,Tuesday,Groceries,3,4452,13356
9959df0f-866d-406c-9436-68999946975f,05/01/2023,Thursday,Cosmetics,3,800,2400
385e8cb9-c36d-472e-a27e-e6910dcea65e,13/04/2023,Thursday,Toys,5,918,4590
e7427648-239f-42c9-9f1f-1c588e2b8624,15/07/2023,Saturday,Cosmetics,1,4112,4112
64079048-b8a0-43dc-8233-d0e0d70ad832,19/09/2023,Tuesday,Clothing,1,4017,4017
4c4570fa-9e3f-44f4-b013-a8fdf25d69f7,31/12/2023,Sunday,Cosmetics,4,263,1052
78bb6ce3-5994-404e-b20d-d8837a507fc6,16/12/2023,Saturday,Cosmetics,3,1667,5001
dbe6ae88-2c09-4ac3-9d30-64be8d710ca2,16/02/2023,Thursday,Toys,1,2580,2580
576578c8-b9d1-4196-8eab-a978722891c4,21/12/2023,Thursday,Cosmetics,5,3383,16915
95ea451f-f3dc-4e16-ad3e-4fa516be9edf,07/11/2023,Tuesday,Toys,3,1647,4941
bd2c4215-9494-420c-92ef-6b627924906e,04/11/2023,Saturday,Clothing,4,561,2244
bbd763be-b226-49fb-a604-927f03ad26be,24/05/2023,Wednesday,Toys,5,302,1510
2bb70511-ccd3-49e5-b07a-750c4e21dec0,26/09/2023,Tuesday,Groceries,2,4183,8366
0a367ed7-8848-4bf6-80c3-a04adfac5633,04/05/2023,Thursday,Toys,4,678,2712
438bc0c1-1343-4ab9-a629-78254ff79dbf,16/04/2023,Sunday,Clothing,5,3526,17630
de060690-f1ff-4ca8-9db4-7f16cb59029a,07/06/2023,Wednesday,Furniture,1,1036,1036
71e0cebd-99b7-4ed4-b5b6-a3877834efc2,27/05/2023,Saturday,Cosmetics,2,1775,3550
fb7ef805-cf9e-4d1b-921c-b42e25fafc4f,25/05/2023,Thursday,Toys,4,2143,8572
034c584c-b5ed-44f3-8d50-2ba0fdd0b75f,30/04/2023,Sunday,Cosmetics,1,1751,1751
b46c4b77-b0c9-4582-8c21-6c312be54fcb,15/11/2023,Wednesday,Electronics,2,354,708
5bc6962c-8d76-41e4-ad58-7139c839cfdd,02/10/2023,Monday,Groceries,3,4128,12384
be0d0d7d-43c0-47ec-aebc-9deb0294b6d0,02/04/2023,Sunday,Groceries,1,2330,2330
d4424146-218e-4d80-b783-6966961a556c,27/02/2023,Monday,Electronics,5,4390,21950
0842ffa7-2ab9-4ec8-b548-d1763ad16ae1,12/12/2023,Tuesday,Electronics,4,2857,11428
b261547c-1e83-48d7-83b0-473ac6088b51,17/08/2023,Thursday,Toys,2,2936,5872
355e5356-9477-4eb9-b01f-54d932001ba7,27/04/2023,Thursday,Electronics,1,3504,3504
b163f219-6876-4fb8-8ec4-244f6e96b4b7,14/11/2023,Tuesday,Furniture,3,1074,3222
1ec822d1-5146-436c-bc1e-ef9acc09fcaa,06/10/2023,Friday,Cosmetics,4,4362,17448
615cfa77-ac2a-4c97-ad23-2573db03c7d6,07/05/2023,Sunday,Cosmetics,4,3025,12100
8c6e879f-2d3b-49e2-b2e5-55d0ea31049a,09/05/2023,Tuesday,Clothing,1,556,556
40b5b68f-bbcb-4608-a464-f5cd092c01bf,27/02/2023,Monday,Electronics,3,4906,14718
f714c753-88c8-4e1c-84df-05209c558418,02/05/2023,Tuesday,Electronics,2,3001,6002
d063e6ea-c706-4d46-a65a-77ae8d172baf,01/01/2023,Sunday,Furniture,1,1103,1103
97f7b4c7-1eae-44be-a9c5-e635051aaa03,27/08/2023,Sunday,Groceries,2,2724,5448
306cb19d-bf3f-40b2-95b1-712d0c5a11c2,17/10/2023,Tuesday,Groceries,4,2617,10468
dc90d08b-b0a4-452a-9a2b-323cef19365f,06/04/2023,Thursday,Cosmetics,2,1954,3908
bc665e9e-978b-49c1-af33-2bff3abe61ba,06/05/2023,Saturday,Cosmetics,3,4420,13260
cf710b62-0e3c-4567-90bd-0ea3e691c1d2,28/04/2023,Friday,Toys,5,4637,23185
6e4ddd67-3334-4ce9-972e-7ec92ce760d7,17/02/2023,Friday,Furniture,3,4972,14916
9acf8790-bf0f-4da4-b30e-c9cb4f390fee,30/03/2023,Thursday,Clothing,2,2944,5888
44a88306-3837-4943-b0c7-5e9e0964b82a,25/08/2023,Friday,Clothing,1,1150,1150
1803f24e-1f99-441c-bde3-1506ea8c7513,29/09/2023,Friday,Furniture,4,3711,14844
44fde3a6-3922-434f-859e-969bd6b47b9b,08/07/2023,Saturday,Clothing,5,1686,8430
8b4ef788-77df-49a2-bf2e-88082652b674,11/07/2023,Tuesday,Groceries,1,1505,1505
bdec21e3-f252-4136-84b7-ad540d2a644a,10/03/2023,Friday,Clothing,1,3663,3663
b5d03a24-af9f-46af-9660-521b28d03fa0,05/10/2023,Thursday,Clothing,3,88,264
b1336087-e049-4d59-a0ce-d800e5f40271,15/12/2023,Friday,Furniture,2,3134,6268
abb2e885-ca85-44c3-a026-0bd201486cf4,04/09/2023,Monday,Furniture,3,4289,12867
1210a9a3-63d1-4868-9c9a-62950e4d0b2c,17/03/2023,Friday,Clothing,2,2781,5562
bb3258e8-e0e4-442e-8bb5-e0a67b5a9713,03/06/2023,Saturday,Electronics,3,2465,7395
6b23027a-ac15-4b3f-80c3-794d5fb383d4,24/05/2023,Wednesday,Furniture,1,808,808
b366bfac-2bbe-4e64-b83a-953e33d65556,27/03/2023,Monday,Toys,4,4392,17568
14ba81ed-b82d-49bc-82e1-e977a18dc93a,04/07/2023,Tuesday,Toys,2,3166,6332
8fb06aae-e09d-4b9f-817e-c7756b98ad1d,12/10/2023,Thursday,Groceries,5,814,4070
6de0ab12-aa50-4f9f-8f1a-ac35bf79947e,08/08/2023,Tuesday,Clothing,5,2472,12360
72869d2d-8776-4297-8ceb-cd25e9b99cf0,10/03/2023,Friday,Electronics,1,1364,1364
b438cd6c-dbed-4024-8c36-49776adb474e,16/02/2023,Thursday,Groceries,3,4352,13056
4055d3a3-5946-46d7-b1d3-6b241bcf3ca5,04/04/2023,Tuesday,Clothing,3,4045,12135
630ad1f2-2f88-4195-bd4b-1992b0283321,26/08/2023,Saturday,Furniture,1,4079,4079
bce02b63-3bdb-4b04-93a9-40c69f81573f,23/07/2023,Sunday,Toys,5,3743,18715
d1c36cf1-e9ec-43cb-973f-8c1b70b01c13,06/08/2023,Sunday,Cosmetics,5,3235,16175
0169b52e-645c-4e58-9248-10136b1c74cc,07/12/2023,Thursday,Electronics,3,2916,8748
2b950efd-c407-4c16-a477-92ac960f9805,08/02/2023,Wednesday,Cosmetics,2,1367,2734
79d5c096-ee2e-4eac-a380-51ad39226f23,10/04/2023,Monday,Toys,4,750,3000
afaf2f5b-fb3f-4780-8925-f24124b5298e,16/10/2023,Monday,Cosmetics,2,4433,8866
58dcfded-5ac8-413b-969f-6f9cdf3d1aa5,11/09/2023,Monday,Furniture,5,2251,11255
69576b78-235b-48a4-8651-de9c923deaef,10/08/2023,Thursday,Clothing,2,1643,3286
ad5c74b4-3502-4060-8b0d-f6a33895b61c,23/12/2023,Saturday,Furniture,4,4037,16148
aa0c48b2-d901-4e5e-a5bd-6e99e1a3c43a,23/01/2023,Monday,Cosmetics,2,4995,9990
ea9c82cf-6788-45d1-8327-997ef792608b,07/09/2023,Thursday,Furniture,2,4195,8390
c8f37546-45b1-4420-a1da-a41287c35043,10/01/2023,Tuesday,Toys,2,1280,2560
a00ed9a1-5e27-4b86-a93c-fd17bbc321f7,03/09/2023,Sunday,Electronics,2,2662,5324
b29bdc0a-46fd-46a4-b781-766e2626508f,21/11/2023,Tuesday,Furniture,1,3187,3187
b83484bb-f5a0-436f-ae80-4937f053f433,10/04/2023,Monday,Toys,5,1958,9790
0cb6f9a1-bf7c-4493-ac1c-2fd540b1d4f8,17/10/2023,Tuesday,Electronics,4,1840,7360
3fc07f95-55c3-4170-a994-edd88e323391,29/06/2023,Thursday,Clothing,5,2978,14890
fab9dbfe-ab63-4801-aa1e-600baaef3195,11/08/2023,Friday,Cosmetics,1,1138,1138
33c6f995-bfbb-4f92-a700-5d6fb83b0af0,07/09/2023,Thursday,Clothing,1,2431,2431
926150d5-3321-423c-9486-22ab5d8eff69,27/05/2023,Saturday,Groceries,1,4177,4177
bd5aad5d-5f28-4c8c-859c-5fe06a109141,06/04/2023,Thursday,Toys,1,2995,2995
cad1aeca-b7c8-4807-b176-c887f939c7ec,14/09/2023,Thursday,Electronics,2,3619,7238
02e43e64-fdad-40fb-86a6-1132ab4a5b56,21/11/2023,Tuesday,Furniture,5,1215,6075
bdafab67-e930-4874-8c2f-b90292bec994,04/01/2023,Wednesday,Clothing,3,650,1950
369d3339-54a6-4054-9895-852d3ed324ee,16/01/2023,Monday,Electronics,4,2075,8300
125502d1-a0b4-4109-b67f-5b7478cade3c,07/10/2023,Saturday,Toys,1,1634,1634
84e57c17-b779-4b5b-97f4-955bd809bb8b,02/12/2023,Saturday,Groceries,5,1037,5185
a9d5f080-0e9d-44c5-8baf-9ec221abed00,04/09/2023,Monday,Clothing,1,2015,2015
3170d4dc-4a0b-44e1-bcee-fe16e440d856,15/09/2023,Friday,Cosmetics,1,1489,1489
a35ffa28-e5dd-46f2-8f54-27926cb1a738,09/06/2023,Friday,Electronics,1,4665,4665
5987a311-165f-4894-8a19-f691a18fd8da,06/12/2023,Wednesday,Cosmetics,1,918,918
bdc73d53-a3c9-4471-96ba-343768b11f13,01/06/2023,Thursday,Electronics,1,2113,2113
4180555e-113a-4427-a5fb-2eb88b8e924a,27/06/2023,Tuesday,Electronics,4,1179,4716
937ea035-970d-47b3-9f08-abf219ccb861,12/06/2023,Monday,Toys,5,4428,22140
677929eb-063d-4a40-b494-169f5dcd0228,02/02/2023,Thursday,Toys,1,4506,4506
2c279f54-0181-4768-8f97-85f60ffb313b,28/06/2023,Wednesday,Toys,1,3779,3779
c791f08b-ac9e-4478-993f-4aa29540840b,11/04/2023,Tuesday,Furniture,1,1984,1984
0d0a4932-423c-469c-8f2d-b53dfa296fa1,25/09/2023,Monday,Electronics,1,1126,1126
418240bc-5d22-4afb-999d-c6baaca94b91,19/11/2023,Sunday,Clothing,2,1689,3378
b0d13d02-5aed-4190-ae50-d020a2b39310,06/03/2023,Monday,Cosmetics,2,1442,2884
8709b493-17ca-4bbb-bee1-a7d4f0a0fca8,17/06/2023,Saturday,Toys,3,80,240
46029ed2-962d-4c61-9b75-e604d05d397b,26/11/2023,Sunday,Toys,1,753,753
d3eae9a9-0b59-49a2-bc52-48bc89955750,12/02/2023,Sunday,Cosmetics,3,918,2754
15d890ac-dabb-4bc3-9b4a-0084b8996d3f,13/02/2023,Monday,Cosmetics,4,282,1128
44fc18f7-b17a-431b-ba0d-5a6145322269,12/10/2023,Thursday,Electronics,3,1000,3000
1dafd7ef-2148-467d-afd6-fa9968d34a3f,12/01/2023,Thursday,Toys,5,108,540
990a8f2e-5f90-4320-ab05-0be6a0202465,05/04/2023,Wednesday,Cosmetics,2,2868,5736
0985d988-a926-49af-96f8-23d6e8aa4fbc,29/10/2023,Sunday,Furniture,2,3650,7300
e430db2c-3755-4349-834d-15194d293af3,10/09/2023,Sunday,Furniture,1,3199,3199
b0a6ecaa-d948-46a7-ae6d-36a1a82ff38c,30/08/2023,Wednesday,Toys,1,351,351
a027394e-a1fb-4b93-98e7-8900adc51a94,04/02/2023,Saturday,Cosmetics,4,2900,11600
fda79b4e-808e-41df-8730-f390723b5435,03/08/2023,Thursday,Electronics,4,2994,11976
53aae97e-1b08-4ecb-8a53-454337bfdee9,03/12/2023,Sunday,Electronics,5,1973,9865
828a4407-e4af-415d-81e0-c97b53504bf3,31/03/2023,Friday,Electronics,1,366,366
0f43fea7-3b74-41e7-89a3-66336d1fd928,21/09/2023,Thursday,Groceries,1,1938,1938
fc40e72e-9d37-4843-9e2d-c0c7f1a35753,03/04/2023,Monday,Toys,4,2765,11060
48c33f40-e740-4d77-b7b1-1560c59686fc,31/03/2023,Friday,Electronics,4,4835,19340
580f2e87-0d33-456e-bf31-46191ba0206a,25/04/2023,Tuesday,Furniture,4,1931,7724
6e9cc586-a274-4a19-969a-093e6fb693de,15/04/2023,Saturday,Cosmetics,2,3948,7896
0eeb2337-a6a8-4b9f-8d7f-cfe0bdda0ac2,15/07/2023,Saturday,Clothing,3,4163,12489
b3762b0c-2241-4b1d-9664-54abe563ac62,10/11/2023,Friday,Clothing,3,1228,3684
5237a16a-af4b-4dd7-807c-8d543159ba94,24/04/2023,Monday,Electronics,1,3905,3905
c6d60921-c694-42c1-ba83-602007299c2b,16/03/2023,Thursday,Clothing,2,4923,9846
97ee1dae-070d-4a29-9d07-ab8cd04e2722,05/08/2023,Saturday,Clothing,4,4505,18020
88bfad40-cb01-4d30-bcd2-5e4c7af2a186,04/10/2023,Wednesday,Groceries,1,381,381
99f35fb1-4dcb-44d0-b0fb-a30de6dbef8d,06/09/2023,Wednesday,Furniture,2,577,1154
a3d8c125-2a26-412b-84d4-3f15034cd9a6,13/06/2023,Tuesday,Furniture,5,2109,10545
cc502f52-1c18-4128-a169-72f786c5ad99,23/12/2023,Saturday,Groceries,2,1148,2296
36db52e0-3671-4e1e-9ce6-04411fdca804,11/07/2023,Tuesday,Groceries,1,261,261
4afcf747-fe9f-4718-8419-9ad621c56577,15/08/2023,Tuesday,Clothing,3,1764,5292
70ba2186-48bc-49c0-8cdf-de0a5ef570bf,26/06/2023,Monday,Toys,4,2738,10952
1b1808ed-111b-46ca-9691-7aa1ace0b086,09/04/2023,Sunday,Cosmetics,5,2380,11900
2ad69daf-9e07-41d0-ad94-d3d330049ca8,05/02/2023,Sunday,Cosmetics,2,3316,6632
66e04c9c-7bde-46f4-b0df-851323ebfb16,06/04/2023,Thursday,Clothing,1,1082,1082
f8f0a596-6b3b-48a4-9d14-a47d467a7fab,01/06/2023,Thursday,Cosmetics,1,1382,1382
e7f29b3b-3854-47f1-809c-7076ec3fb8eb,31/05/2023,Wednesday,Groceries,4,1890,7560
20bebe38-d9c9-4b33-af6b-f3fd49c3f873,09/07/2023,Sunday,Furniture,1,4736,4736
edeb7f17-32f6-45d7-a001-f529abac2aae,12/08/2023,Saturday,Cosmetics,1,2188,2188
68edd3e4-2d35-45c9-9cbc-5f0dcdb09e5b,06/02/2023,Monday,Clothing,4,4601,18404
7b629155-39c7-48a2-9d82-9d0226bce26a,25/09/2023,Monday,Toys,5,4141,20705
0f7f6e2b-2d62-4165-ab2e-1fcb0785d956,02/07/2023,Sunday,Clothing,3,493,1479
35d8955d-3021-48ad-b87c-536112126909,13/01/2023,Friday,Electronics,3,4224,12672
8d46966e-5463-4d40-8c6a-18402fd55312,06/10/2023,Friday,Clothing,2,1548,3096
ab75604e-5e32-443d-aecd-7db5791f1f45,05/08/2023,Saturday,Groceries,5,976,4880
8b185437-12c5-4ffb-9b4f-e94a02fb6080,21/12/2023,Thursday,Furniture,2,672,1344
dc845764-c147-4875-bd8d-5248b9fbff3f,27/12/2023,Wednesday,Furniture,3,1529,4587
3416c2c3-7409-4e51-ad63-eb83d8a72abe,13/10/2023,Friday,Cosmetics,4,3087,12348
a6e81c05-b85c-4e55-a466-addbfcf311d3,30/09/2023,Saturday,Groceries,1,3435,3435
eee866ed-770e-43ce-8b49-e4f28532f60d,03/03/2023,Friday,Electronics,3,3368,10104
f27ea311-1916-4c63-a7a6-b99f51c9bab3,25/03/2023,Saturday,Groceries,5,283,1415
676a4e09-62ce-49a9-b053-aa8cf60aded4,05/08/2023,Saturday,Clothing,3,1667,5001
f9a12027-99e7-4d31-9061-ba6ba050fcab,08/12/2023,Friday,Groceries,5,2741,13705
fcd0e07f-0642-44b1-b889-1cdcf9b1c30f,06/07/2023,Thursday,Groceries,5,2080,10400
1ea5daa5-b8ab-4eb1-8e5c-1b1141660bca,19/01/2023,Thursday,Electronics,5,436,2180
34f50bca-f3ee-4f3b-ba5c-caa1dc6f411d,26/06/2023,Monday,Clothing,2,1684,3368
43e6c68c-3c11-49a8-803c-c26180cabe03,10/04/2023,Monday,Toys,4,4183,16732
dd65b1ee-843a-4608-b629-e1684cfd7d54,21/08/2023,Monday,Toys,3,1234,3702
1880c702-6815-4947-9e04-df121767975e,17/03/2023,Friday,Furniture,4,2017,8068
73cb5211-9617-4772-9ad9-7f2e59c19d63,22/09/2023,Friday,Cosmetics,1,290,290
78ca3335-8b14-4741-a76d-395c48963b0a,11/10/2023,Wednesday,Groceries,3,611,1833
cd310a91-2e40-48cf-a818-7eb59dbd1c7f,25/07/2023,Tuesday,Furniture,4,2049,8196
c07a47ec-9f4d-4aff-8c0d-f7bc04a58cfd,11/08/2023,Friday,Electronics,4,4951,19804
c1c38d7d-b362-4020-ba3c-f8948c533444,21/02/2023,Tuesday,Toys,1,1979,1979
70f2569c-e4ee-4871-9385-6eb9093be169,05/12/2023,Tuesday,Groceries,5,4950,24750
60c9f3e5-8457-4fcd-9532-b60a0a938cfc,24/05/2023,Wednesday,Electronics,3,2829,8487
71410126-5b1b-4367-bc70-23b815c6f152,10/03/2023,Friday,Cosmetics,3,1725,5175
932c7bfd-fad2-4745-8509-35ce2885c0a7,09/04/2023,Sunday,Electronics,1,2565,2565
086f3983-7571-4a7d-a326-15b90e2e571e,25/01/2023,Wednesday,Groceries,5,1727,8635
9202946b-f719-4acd-a241-bf554565db7a,22/02/2023,Wednesday,Cosmetics,3,4191,12573
6635d70f-3fce-4899-a4d7-e81417b01232,31/05/2023,Wednesday,Electronics,3,3796,11388
d60e204d-ecd0-4075-b30f-dc0ec8fadac9,24/05/2023,Wednesday,Cosmetics,3,3406,10218
3f9938b2-82f9-4851-9ad8-13b197ce88bf,26/02/2023,Sunday,Groceries,5,1701,8505
5fdd8949-4040-41af-8eaa-3c46edb1d4dd,08/02/2023,Wednesday,Groceries,1,4227,4227
61f92824-10bd-4434-8eaa-325818b06955,19/04/2023,Wednesday,Cosmetics,3,3891,11673
b9bb1fc1-b97c-4136-bf63-4b84e43720cc,30/06/2023,Friday,Clothing,4,2491,9964
33eb121e-3845-49bf-a527-0a40c59af9cd,11/02/2023,Saturday,Furniture,5,4935,24675
98becc75-ea5b-4564-a365-477d9961393b,05/07/2023,Wednesday,Electronics,2,644,1288
0db1069d-ee8f-4c15-88d1-e1ecde1c9f0b,11/08/2023,Friday,Electronics,1,2662,2662
f55b750b-a1d3-4425-9921-7b8a7003e369,02/05/2023,Tuesday,Clothing,4,4146,16584
4b238693-96b5-47db-a793-20b19b3c1ec5,13/05/2023,Saturday,Clothing,3,1546,4638
342f2ed1-2c10-404a-8c00-6b598090cbfb,12/06/2023,Monday,Clothing,2,3605,7210
e1155964-3e3b-40da-adbf-7ee4adf0c926,03/08/2023,Thursday,Toys,1,4911,4911
24761628-3d49-4c96-93d4-eacc091b3c9a,09/08/2023,Wednesday,Toys,5,4816,24080
04c302cc-0a54-416f-8f23-76b145cb792d,23/08/2023,Wednesday,Cosmetics,2,3408,6816
cea82152-f76c-4bec-8826-2af911f313df,27/11/2023,Monday,Toys,2,1651,3302
23052a05-f5da-4e79-91c1-117ca0a1b88d,26/05/2023,Friday,Groceries,4,964,3856
5bc1d841-8752-476e-8b2c-076b28f69850,27/08/2023,Sunday,Cosmetics,1,1894,1894
5af33dc4-712f-4f7b-b508-7b19bc757c03,17/03/2023,Friday,Electronics,4,2045,8180
e97d1603-28dd-4cd7-8f3c-76d4a323e806,09/01/2023,Monday,Furniture,4,144,576
02ddd7b9-dc23-45eb-8de0-ffe37e27d423,15/03/2023,Wednesday,Groceries,3,542,1626
4eea41e5-a160-4c28-abab-236a600e7605,10/09/2023,Sunday,Electronics,5,3119,15595
15029161-3202-4d20-812b-90de7f5be3c7,18/08/2023,Friday,Electronics,2,199,398
2c13b3cd-a6e3-4168-867c-043a23e33a3b,07/01/2023,Saturday,Cosmetics,1,1096,1096
710c28f4-ffeb-45a7-9ff6-c46d06b9b019,23/06/2023,Friday,Clothing,5,2853,14265
52bfa0a6-3eb3-4f57-8177-5f0a956c6434,21/05/2023,Sunday,Clothing,5,448,2240
fcbd87b3-84c6-4694-b1ae-d3fdfb6ed6b1,17/06/2023,Saturday,Groceries,1,4526,4526
afd647f2-0ff5-4421-8916-992cbab5864b,19/06/2023,Monday,Clothing,5,601,3005
01722609-aa0a-4760-9b98-d6fc992b4694,10/10/2023,Tuesday,Electronics,3,344,1032
2e4faca6-aa20-4904-a436-8d9c1e42d251,02/05/2023,Tuesday,Clothing,5,1193,5965
313bfff5-4fbb-4e94-a921-555384afe9c6,13/07/2023,Thursday,Toys,3,505,1515
7ef60c03-003e-44f1-b068-68c10e924683,05/01/2023,Thursday,Clothing,2,1603,3206
c5ae9fe0-ee47-4b65-be89-2ff0d4a210cd,29/01/2023,Sunday,Electronics,2,218,436
155e4546-84f7-4b99-9dad-04a2185acd75,14/06/2023,Wednesday,Cosmetics,4,4855,19420
1fabe39f-9aea-4a90-a765-58ef30e89838,05/12/2023,Tuesday,Groceries,3,1996,5988
c5736f82-160e-4c01-9c5e-b4e42c91d2cb,16/05/2023,Tuesday,Furniture,2,303,606
87e79a9a-089b-4022-91eb-8f3941f08045,31/12/2023,Sunday,Clothing,5,2426,12130
5e7732d7-f776-4041-91bc-48cb4c83b7fa,17/11/2023,Friday,Electronics,1,1370,1370
c94182fe-0105-474b-ba88-2b25e42a9b25,08/12/2023,Friday,Furniture,1,2933,2933
27cca535-5baf-4c5e-8cc8-12ff574d7f71,25/05/2023,Thursday,Furniture,3,3657,10971
05ee1dd5-e845-47fb-bf21-ecf2efaab433,23/11/2023,Thursday,Toys,4,2175,8700
d25e2208-1ab0-4ac8-8e66-53975c8cc1f9,05/08/2023,Saturday,Furniture,5,3546,17730
53dca940-a9fa-4975-93be-f56ade8015e6,28/10/2023,Saturday,Cosmetics,3,2290,6870
7ba17736-34a3-4fd2-b7dd-8737d231d964,12/05/2023,Friday,Electronics,1,450,450
884f383f-9301-4ac6-9d3e-1baf3d73074a,19/10/2023,Thursday,Electronics,3,2206,6618
a38fc4a5-8def-4e02-8d4f-01d252eecec9,11/03/2023,Saturday,Clothing,5,2426,12130
062b850a-cf67-40eb-80a4-92256eccd14b,09/09/2023,Saturday,Clothing,2,412,824
9e27e40f-bdee-4491-b62d-0e76f3a0b779,02/10/2023,Monday,Clothing,5,3988,19940
2a619089-3662-4845-9a0f-b84d1f18e29f,30/12/2023,Saturday,Cosmetics,2,3901,7802
bb8786f2-4e7c-469e-810a-9709159e0691,01/07/2023,Saturday,Furniture,2,3462,6924
5cf56926-960d-4e82-b196-5bd6248956a1,16/06/2023,Friday,Furniture,2,2356,4712
07a11721-d04a-4903-9aaf-81fb34462aaf,01/04/2023,Saturday,Toys,3,134,402
a58dc63c-1a35-464b-9833-d5b3a1905b26,21/07/2023,Friday,Cosmetics,1,1874,1874
c33ed030-d2f6-4def-abc8-499e68f1bf45,12/12/2023,Tuesday,Clothing,3,3935,11805
5952b29d-8f06-4d21-8b0c-c2c2ac1b800e,19/01/2023,Thursday,Groceries,1,357,357
9ed5d276-a4bb-4587-b6c5-5149d790f2a4,08/02/2023,Wednesday,Toys,5,4407,22035
10ba4487-e69f-415d-bf51-fc19cb65862e,06/05/2023,Saturday,Groceries,4,1971,7884
0f78ca79-6ac6-454e-9364-496ac314adb6,22/06/2023,Thursday,Furniture,5,680,3400
056b9f1c-253c-46f5-af21-232f3241b36f,21/05/2023,Sunday,Toys,3,4825,14475
b2e67b42-3ac9-4cfe-aa31-7da4bc7a15b5,30/08/2023,Wednesday,Toys,3,2421,7263
99ed5198-778e-4742-9962-88aa7f01fc6b,08/08/2023,Tuesday,Electronics,1,3350,3350
34f516df-e5b4-41ec-a51e-e79f979f009e,06/05/2023,Saturday,Furniture,3,3717,11151
fd810fcc-b063-41f1-99c9-0dbd0a86b55d,27/02/2023,Monday,Furniture,2,776,1552
7fddc483-6c0a-4494-b0b3-9ccb11f039eb,28/05/2023,Sunday,Cosmetics,3,1698,5094
eb6be8e0-91d6-4887-8ed1-8c23b1c17792,13/11/2023,Monday,Toys,1,4362,4362
7fa1414d-8f7c-40d5-b0f7-4eb5bc20e747,27/12/2023,Wednesday,Furniture,1,1319,1319
2da8f28b-3b6a-4de1-bf6c-51f0550dee8d,01/01/2023,Sunday,Toys,2,4593,9186
d74e4a5d-8276-4503-b4cd-3e2f7db1e5f3,14/12/2023,Thursday,Cosmetics,1,368,368
44f4aaa5-8f20-43ad-a14e-91eea8772ca9,09/07/2023,Sunday,Cosmetics,4,3525,14100
bfaa0b6b-6148-435d-bcfb-43a2fa007786,10/07/2023,Monday,Electronics,5,2828,14140
686cb369-b800-4233-82d5-b66d14713661,08/11/2023,Wednesday,Toys,3,3108,9324
94f88653-c0fa-490d-aa1d-63ca6741fd2d,27/04/2023,Thursday,Furniture,4,4184,16736
c438f266-e41c-4c94-a99a-bc8a95764351,14/05/2023,Sunday,Furniture,3,1652,4956
0ddb3b2e-0424-44da-94d8-99729f6a7305,27/02/2023,Monday,Toys,4,2306,9224
94b38258-9534-4bc6-af7c-3e548549d2a6,13/02/2023,Monday,Toys,3,879,2637
66cbd73f-efde-4986-b67d-5017c9d675f8,22/06/2023,Thursday,Toys,2,905,1810
a27c1729-9e98-4a0c-a420-f96afbcf700b,09/06/2023,Friday,Clothing,1,2698,2698
8b9c76f7-4dba-42d8-8171-39b70e16fd9c,22/06/2023,Thursday,Furniture,1,1908,1908
2414a500-3b5e-4850-b1c6-e6805f5272d8,13/11/2023,Monday,Cosmetics,2,1152,2304
b56b4410-0097-4b1b-89b8-cef39f2f4d3c,30/10/2023,Monday,Furniture,4,2531,10124
96036a5a-ad74-4961-aa49-4f7af049a6e6,29/05/2023,Monday,Clothing,5,1870,9350
ecaf272f-5ead-4646-a911-317736c2af7d,21/03/2023,Tuesday,Toys,4,4987,19948
86baeda9-328e-428d-997b-dd21bfd77222,01/08/2023,Tuesday,Electronics,1,2129,2129
8e769e67-5e83-4302-b156-719f2c15b6ec,22/07/2023,Saturday,Toys,5,3208,16040
840bfd41-8852-4262-8910-97184b4ab209,09/09/2023,Saturday,Toys,3,2490,7470
b184497e-d289-4ad0-8fca-e140354b0066,17/08/2023,Thursday,Clothing,5,3734,18670
02685d7e-3afd-49d8-a93e-da96dc867e23,13/06/2023,Tuesday,Furniture,4,1305,5220
1bbf9c7e-e61c-419d-b04b-43458a7288b1,15/08/2023,Tuesday,Toys,2,3007,6014
51f2330a-0886-47ff-b252-841f3b51536a,27/05/2023,Saturday,Furniture,3,3701,11103
cb85e907-bd22-4ee3-84fc-597117006e46,20/01/2023,Friday,Groceries,4,2289,9156
84771084-b0ee-4247-9b29-0b983e52ffbf,16/02/2023,Thursday,Cosmetics,3,1989,5967
db3867e4-ac78-4ec6-837b-7f5f039c2669,21/08/2023,Monday,Furniture,5,319,1595
5ff3b8b3-30ba-4efb-a04e-2a0fbb9341e8,01/11/2023,Wednesday,Electronics,1,4880,4880
28a424f1-515e-47cb-8dd5-d75abba791b0,14/01/2023,Saturday,Cosmetics,4,4114,16456
060fae79-8930-47fb-ae83-1b063d5fad8e,23/05/2023,Tuesday,Electronics,2,3825,7650
dd1e25af-e561-40e6-b51f-a54a535ecb35,01/01/2023,Sunday,Toys,5,1162,5810
e2f6a39f-fa47-42d6-9989-9ca44cb8c8fe,23/02/2023,Thursday,Cosmetics,4,698,2792
ddf09c72-80bb-40aa-a1a6-c07cf07ba1b1,16/09/2023,Saturday,Furniture,2,1229,2458
74ae976e-9de3-4f7d-88e5-9eea3acb3a92,24/05/2023,Wednesday,Cosmetics,4,2192,8768
e04d46e1-1186-421c-be74-98d238fdf4d8,12/01/2023,Thursday,Toys,5,66,330
e98a3fca-7255-4e59-b4a4-4b2106d8627e,26/11/2023,Sunday,Clothing,4,166,664
92f92791-1696-49bb-a3e5-bde21ab461e9,12/08/2023,Saturday,Electronics,3,1595,4785
748bc856-1bd8-4b2f-8c30-5d3b96688dbd,29/09/2023,Friday,Toys,5,3201,16005
189f6b3e-13cc-4acb-9621-7060ef472c9b,24/12/2023,Sunday,Clothing,4,2743,10972
683d978f-ee93-4560-b3b7-a496da1d0999,05/06/2023,Monday,Cosmetics,1,4139,4139
e1c6445d-4b0d-4f82-aa69-af0549fcaefd,08/01/2023,Sunday,Cosmetics,4,1326,5304
db433a07-c9cc-4e2f-b9ba-c27c3262484c,02/05/2023,Tuesday,Toys,3,3290,9870
e8baf671-5475-49e7-9a9b-30682f67ed3a,14/12/2023,Thursday,Furniture,2,4992,9984
6799295d-5f7b-4224-8b4e-5580757c7123,13/06/2023,Tuesday,Cosmetics,2,3838,7676
b542edf1-b0ce-4f6f-967e-ddebc8d076cb,31/03/2023,Friday,Furniture,2,421,842
2f8cb3f6-e0c9-44ee-b43a-5929825f5194,16/05/2023,Tuesday,Furniture,1,2857,2857
651119d9-b4f6-4783-8d88-3e7a6e6e626f,05/07/2023,Wednesday,Furniture,3,205,615
5c7b675a-e49f-4142-b89e-f1df09d9189e,12/11/2023,Sunday,Groceries,5,2711,13555
975476b2-b008-4c82-9d46-52fa4b39de13,27/06/2023,Tuesday,Clothing,2,514,1028
1be1b23e-3213-4a80-bb93-738cbfebce5f,28/01/2023,Saturday,Clothing,3,4928,14784
c0cbfd9a-75d1-4919-8064-c6e2af41abc2,08/08/2023,Tuesday,Cosmetics,4,4949,19796
c7b4f40e-a194-4162-b4ee-93a1d723cb08,23/12/2023,Saturday,Cosmetics,1,4365,4365
992ff624-9b02-47f7-843c-22d00035d868,10/02/2023,Friday,Furniture,3,1823,5469
0684f649-7923-4a7f-9a07-030ff75d15cd,16/08/2023,Wednesday,Groceries,3,166,498
f3848180-a699-434e-8c6b-34d267447bc5,11/07/2023,Tuesday,Furniture,5,2153,10765
23e49c08-1223-4927-a998-b4789c7f1a6a,25/05/2023,Thursday,Groceries,3,1424,4272
0d31a6b8-0dd6-4153-bb9b-c3a1287f8814,20/07/2023,Thursday,Furniture,5,3253,16265
0299fbe0-7206-47ce-8bfa-694fb72aae63,31/07/2023,Monday,Electronics,1,4453,4453
dde129cc-089d-4044-9803-ee9277a54b58,08/08/2023,Tuesday,Electronics,1,3596,3596
e3d0051b-6c3a-4ff6-bcf7-e69698e783f1,28/08/2023,Monday,Toys,4,4027,16108
35d2b599-89d5-48c2-9bb9-08c9c3dd4892,15/02/2023,Wednesday,Furniture,5,4367,21835
ab7b2d71-a298-4aa1-9ee0-6657c547dd35,04/02/2023,Saturday,Cosmetics,5,1246,6230
b864682b-e7eb-4e3b-9ea9-0e8ef2cac0ea,10/09/2023,Sunday,Clothing,2,3461,6922
9eeff404-62f9-4a4f-9af3-649d7d7c1d2d,23/03/2023,Thursday,Toys,2,846,1692
442d85d5-7c66-4b2e-92a3-d9171d61c899,13/09/2023,Wednesday,Cosmetics,4,3942,15768
b176b77f-ca17-4b54-9db9-c725b870fd92,16/07/2023,Sunday,Electronics,1,200,200
7983c10d-910b-440e-a13c-a3e1714db254,30/10/2023,Monday,Furniture,2,3299,6598
f9ec2e41-631f-4261-8bee-2598d3f9bf23,10/01/2023,Tuesday,Toys,3,161,483
b6845d0f-14bc-4cfa-b877-7b9757d2d472,08/11/2023,Wednesday,Furniture,1,732,732
99fc8dda-8f1a-4580-b04b-b84c9e9a5cac,13/10/2023,Friday,Electronics,3,1211,3633
70c9b1e5-46b0-438b-9752-151520c5e499,30/08/2023,Wednesday,Toys,5,2429,12145
7bb1a033-5310-4680-ba68-547e9d86be47,08/09/2023,Friday,Electronics,1,210,210
8b2032d3-a1d5-4dcf-9868-0d623df4add9,31/12/2023,Sunday,Groceries,4,1475,5900
3665d63f-da2c-4468-a5dc-653e08c80fb1,05/01/2023,Thursday,Electronics,5,3711,18555
a848def2-a82f-4c20-8137-dcb388ddb0fe,29/04/2023,Saturday,Furniture,5,327,1635
563bda9f-c888-4517-9d32-4f63849cb467,16/10/2023,Monday,Clothing,3,3441,10323
9e0f9ca6-298b-4dd3-822d-a11da1dc37f9,06/03/2023,Monday,Electronics,5,1606,8030
c12523f7-dbda-4593-bf3f-a6a29badbcee,26/05/2023,Friday,Cosmetics,2,4642,9284
fc9788c2-9300-42f6-8631-f4e891680272,12/08/2023,Saturday,Clothing,1,1965,1965
9e580e28-218f-4ae3-b556-6c6e4980e0f7,27/08/2023,Sunday,Groceries,2,4800,9600
1c9011f5-f1ed-44bc-8c58-0273fb879bef,26/06/2023,Monday,Toys,3,3157,9471
a415d5ef-f6a4-4445-bd26-a06924bc3dab,24/09/2023,Sunday,Toys,3,352,1056
7bd98b92-ac57-466b-9893-3c370f59081d,07/12/2023,Thursday,Clothing,1,4583,4583
7fa17a05-cbe1-44ab-98fd-d471a72089d6,09/10/2023,Monday,Toys,5,2823,14115
7d44ed12-3b3e-4b0f-871a-cc2633a38c70,04/03/2023,Saturday,Electronics,4,4331,17324
082fa6b7-79e8-48bb-a376-fe2d699eba2d,05/08/2023,Saturday,Clothing,3,3295,9885
105d8924-c33c-4f1e-a02a-03984efb1b3b,08/12/2023,Friday,Furniture,1,4818,4818
d8b9293d-daf9-476d-a474-6a33fc837536,11/11/2023,Saturday,Electronics,4,1050,4200
f4d98f93-a1a0-4418-bab8-ca51f0a3d8e1,10/10/2023,Tuesday,Electronics,5,3884,19420
e08c149b-8cee-44b0-843b-8a5a0e24446d,26/06/2023,Monday,Electronics,3,4056,12168
70cf4df2-6867-40e9-b788-43ebe75bd2ee,08/04/2023,Saturday,Furniture,1,4828,4828
3172062f-d71d-4cf4-8c36-2b0ce9bf3df0,15/04/2023,Saturday,Groceries,1,1768,1768
66f0795e-00e3-4bbe-8590-8b012dba8440,09/04/2023,Sunday,Cosmetics,1,3880,3880
b339ea38-2b30-4749-83b1-a1451ad0f8ec,07/11/2023,Tuesday,Toys,3,3231,9693
53194870-24ad-4bc9-ba12-230bb9d636b4,06/01/2023,Friday,Clothing,4,2932,11728
e83b0cf9-c1b0-4491-a179-57e2571ff11f,16/07/2023,Sunday,Groceries,1,1048,1048
51741103-4b09-4e55-adb8-cf177f0cfddf,17/12/2023,Sunday,Clothing,5,334,1670
791f78ab-0917-4d52-af6e-44cd40f5892f,13/05/2023,Saturday,Toys,1,470,470
5f7a847b-bc7d-472c-bfb0-958082bcdf26,24/12/2023,Sunday,Furniture,4,2210,8840
3ddfe4ff-564e-4774-ae78-bc762dffa85d,16/09/2023,Saturday,Electronics,3,3115,9345
f69bb095-ef2c-4f57-beab-bd716cbca21d,23/01/2023,Monday,Electronics,1,2325,2325
9edfa3d2-a3b8-43eb-a2e9-d75daa281314,22/02/2023,Wednesday,Furniture,1,1544,1544
c57df84f-3ff8-47cf-a41d-a4b50a3c5ec4,14/06/2023,Wednesday,Groceries,5,3934,19670
9feb977c-d00c-4907-aecb-7eefddafd876,21/07/2023,Friday,Groceries,5,4673,23365
938cbc98-0248-4745-9c2a-af8d28c543dc,24/03/2023,Friday,Clothing,1,2593,2593
2d65fca4-bc88-40bb-816e-7da6f5c4436f,25/05/2023,Thursday,Furniture,1,4176,4176
6f185ac6-5f16-4336-84e8-e1e5e3366ddd,26/03/2023,Sunday,Groceries,5,4307,21535
dbe1b84e-3aef-4638-a2dd-649d4912fa70,19/03/2023,Sunday,Furniture,4,1891,7564
44c5f012-bb4a-4029-a1e1-26a2badf0fb4,01/01/2023,Sunday,Toys,2,4850,9700
919a08d2-c4d0-48e7-8219-c4291d63f623,20/02/2023,Monday,Electronics,2,771,1542
3b9de1a6-6335-4c0b-b665-9adebb42a85a,22/06/2023,Thursday,Electronics,1,1451,1451
8834fcb2-e804-482e-8270-53c512c579f4,24/07/2023,Monday,Electronics,5,495,2475
62eb95b0-8b5c-4ac9-a408-afdce5f74ba3,17/09/2023,Sunday,Furniture,3,2841,8523
1aa4d9e8-b99f-4c8a-82e0-97071304c185,15/10/2023,Sunday,Furniture,3,4572,13716
08b4c187-7c85-4d0a-9676-c3f3d77ae0b4,03/02/2023,Friday,Clothing,2,3817,7634
3a18f239-f80a-472d-9760-2a9c6074e547,14/12/2023,Thursday,Electronics,4,2601,10404
ff982b36-fca0-4dca-a68f-61e6841cef8e,05/04/2023,Wednesday,Clothing,2,2017,4034
ce463206-d49b-4485-9080-a94c25a13d04,13/03/2023,Monday,Electronics,1,3938,3938
452dbdb5-4acc-4796-8157-ccbc55d9696d,08/02/2023,Wednesday,Clothing,4,4866,19464
3252e10f-2a40-4ac8-8714-c875ae11462d,03/06/2023,Saturday,Clothing,3,2781,8343
ac32ccb2-b27d-41fa-a257-a7ebb96c3272,07/09/2023,Thursday,Toys,5,2679,13395
776f504f-f564-4c9a-8dc2-a033be7d396d,11/06/2023,Sunday,Clothing,5,2014,10070
adb5ced8-2cf0-4441-b87a-7579486629b6,28/04/2023,Friday,Furniture,1,1107,1107
8ca160cd-be09-4223-afb5-76dbbe34008a,16/09/2023,Saturday,Clothing,2,4881,9762
2151561a-36cf-49c1-8570-22e1b710fb03,02/11/2023,Thursday,Electronics,1,807,807
9a163df1-116b-4ec7-8523-5608ba0f7b5b,25/09/2023,Monday,Clothing,5,1845,9225
13018c34-d93d-424c-bcc7-d536cb3f6ee1,23/02/2023,Thursday,Groceries,3,1693,5079
5284be23-fd5f-42b8-9864-943c1eca675b,24/08/2023,Thursday,Cosmetics,5,4899,24495
fc8f3019-5ad5-4f06-b9ab-4aa9ba954b13,10/08/2023,Thursday,Electronics,4,73,292
059b447d-26d1-4878-9b2f-5874bb4d76a8,08/09/2023,Friday,Groceries,5,1289,6445
f9196a6a-1d47-4e5d-97c3-ca40b40eeda5,09/11/2023,Thursday,Electronics,5,4200,21000
9e093866-d7d3-438a-89c0-5f6745d35897,22/04/2023,Saturday,Furniture,4,3147,12588
8add3d9a-c76e-450c-aa54-1fdba24fbc72,12/09/2023,Tuesday,Cosmetics,2,1354,2708
d4bf21de-1bae-4ed5-8c86-9dd54c6bb30e,30/10/2023,Monday,Cosmetics,5,2592,12960
981e81a4-de9a-4577-aee8-706b185c9f53,26/07/2023,Wednesday,Furniture,1,3762,3762
2809892c-ef33-483d-bd6c-5aa7f81cd513,17/08/2023,Thursday,Cosmetics,5,4005,20025
ed701267-27fb-42aa-b669-90afcec636c3,07/12/2023,Thursday,Furniture,1,4579,4579
54f5f578-778a-4c3a-9725-dd5e462368eb,07/03/2023,Tuesday,Groceries,4,4353,17412
8f6efbb5-b058-45f6-bd3e-e69fba15751b,16/03/2023,Thursday,Toys,5,4278,21390
6c8d120f-4148-4937-a47c-ee86ee47c765,13/04/2023,Thursday,Electronics,4,1355,5420
3e02b550-289c-4f03-97c7-5162e5171d27,11/07/2023,Tuesday,Furniture,4,4514,18056
db48e8c7-20ef-44fc-9822-1e085e2da572,09/09/2023,Saturday,Electronics,2,3224,6448
2c6b6abe-54d7-4aad-90ec-2d7be5854039,14/08/2023,Monday,Groceries,5,3678,18390
7dc7fb9b-77fc-42a3-abe0-39834feeac76,21/10/2023,Saturday,Toys,1,831,831
f29398a0-7ffb-4d52-9974-c7a7cc16f5d4,02/11/2023,Thursday,Groceries,1,616,616
19d47231-276f-4c13-bcb9-4c2e96814456,08/04/2023,Saturday,Cosmetics,5,4672,23360
fb33c706-2621-4a58-a09e-f4f1f2e8e0db,04/12/2023,Monday,Electronics,2,4182,8364
a24b1d74-bd22-469d-9ec6-5dbccbae090d,13/10/2023,Friday,Toys,2,4323,8646
d6dd38a6-4795-4685-9d89-ec6e17fa4fe6,01/12/2023,Friday,Cosmetics,2,688,1376
ca07d94c-b9ae-402a-af03-f31b15fcffe0,13/12/2023,Wednesday,Toys,1,3750,3750
290eab97-aa29-4e08-89fa-c29401b94a53,04/11/2023,Saturday,Cosmetics,4,4217,16868
44dbce5b-1208-4e4c-b77f-5f6485e2a247,06/09/2023,Wednesday,Groceries,2,2449,4898
b64d3c38-60a4-4ee6-89c7-d7c5947011cc,15/06/2023,Thursday,Furniture,1,2720,2720
6162da41-0812-4345-a582-ab4321372013,01/12/2023,Friday,Electronics,1,1222,1222
19a9f9db-6ece-4de5-88ed-576763fe965a,30/01/2023,Monday,Clothing,4,1770,7080
ef84cd24-91ac-471a-96e7-723a3d972f02,04/09/2023,Monday,Clothing,5,154,770
a7711c89-7da3-47bb-871f-ef6c22ab0e06,16/04/2023,Sunday,Groceries,5,1732,8660
e6302dd4-79c2-42ba-9175-4d9c7ac856f5,20/02/2023,Monday,Electronics,2,4366,8732
9bb2d4fd-3204-43ea-9a4e-c2d9b81dd827,22/03/2023,Wednesday,Electronics,2,1899,3798
6b63458f-708e-49b6-92d6-38bfb33db8e3,13/05/2023,Saturday,Groceries,4,912,3648
95e0886b-5a96-4423-b07c-a015168e36f9,12/10/2023,Thursday,Electronics,2,3495,6990
e9e67e10-d5dc-4535-8d26-a647595441be,18/05/2023,Thursday,Furniture,4,2615,10460
df8385bf-9628-4a81-9f9c-7d6e4163b043,03/07/2023,Monday,Groceries,1,348,348
a3c52a23-343c-45bb-8e6c-196193234b28,26/11/2023,Sunday,Furniture,2,2958,5916
0c76a6e4-0b8a-4478-93a9-aa405b9a2dee,30/09/2023,Saturday,Electronics,1,4187,4187
37ae4b5f-ea31-4515-9025-d03ecea09a3e,06/12/2023,Wednesday,Groceries,3,820,2460
a39ce058-f06c-46a9-a28b-5409d692ea86,10/03/2023,Friday,Electronics,4,2589,10356
c8681413-384b-4641-9c03-0d939605ea77,03/02/2023,Friday,Groceries,3,1512,4536
1958d247-dae6-460e-94ab-471748a29d44,19/09/2023,Tuesday,Electronics,2,3904,7808
60f3a08a-7cd2-457c-ab85-4535e475e6fb,22/02/2023,Wednesday,Furniture,1,3168,3168
dcdec76e-e2cb-43d6-b8bc-79941abc1f57,24/07/2023,Monday,Furniture,2,2182,4364
00036835-e953-4a93-9495-4e59d87a0284,06/05/2023,Saturday,Electronics,3,1759,5277
e7080c60-325b-4a62-af55-ab4c6cb6d530,23/08/2023,Wednesday,Groceries,2,1040,2080
7836799c-af26-48da-989b-871ad64200e3,12/02/2023,Sunday,Clothing,5,760,3800
8f27ce36-9034-42ae-8985-745a415e1617,28/08/2023,Monday,Furniture,3,4354,13062
073ba7fd-5eca-45ad-ac97-76f220facb79,21/04/2023,Friday,Furniture,2,88,176
9d628a39-ae4a-440f-aaed-641378359264,06/09/2023,Wednesday,Cosmetics,1,1325,1325
9f609835-acb2-4e29-987a-c908525cefc5,31/05/2023,Wednesday,Clothing,2,4907,9814
59363bf4-92a9-457f-bf93-93e360b7a44c,02/07/2023,Sunday,Electronics,1,1486,1486
98d75d71-cf16-4d02-bee1-2ae3ed913486,02/12/2023,Saturday,Groceries,5,3043,15215
e5d1bf66-8520-46de-8b68-276ee8986ab7,05/04/2023,Wednesday,Cosmetics,2,1519,3038
9f2f959d-3159-4bdd-af2f-0d87173d0112,08/01/2023,Sunday,Electronics,5,2149,10745
50fa6bdf-44d2-4a55-be73-03ed172c950b,26/12/2023,Tuesday,Toys,3,423,1269
a2a7e3ac-f294-477f-8ddd-e35e20f23b7c,03/07/2023,Monday,Furniture,1,4301,4301
de294259-d1e0-4d96-a955-a3741aef5749,08/10/2023,Sunday,Toys,3,4075,12225
92b7beee-4856-4652-ba38-c826c0843078,14/07/2023,Friday,Furniture,1,1163,1163
bd5cf619-4b33-43ea-9eb1-ba760e13a87d,18/12/2023,Monday,Furniture,5,2776,13880
df25f93d-f888-4f1f-9610-4e22065c12c4,14/07/2023,Friday,Toys,4,2448,9792
9f35f475-089a-49c5-b5a8-671fedbc1f32,04/06/2023,Sunday,Toys,2,3284,6568
c64e7534-fa39-45c1-a89b-66fa6e68e47d,03/04/2023,Monday,Electronics,5,1315,6575
e818e2a6-ca68-40db-a947-09584fc59f62,09/06/2023,Friday,Cosmetics,1,3173,3173
005789a3-27fc-41c1-b999-64d128aa72ff,02/03/2023,Thursday,Cosmetics,1,703,703
261ea46f-5424-4e70-8d30-d67b98e2ed89,02/05/2023,Tuesday,Toys,1,4208,4208
35d77a7a-6b80-4461-8211-197cab368523,20/02/2023,Monday,Electronics,1,558,558
82c37468-2134-4ac4-b97a-149ae98aed48,04/10/2023,Wednesday,Cosmetics,2,2389,4778
fc746861-0962-4cf6-80b2-17aea9130b69,05/01/2023,Thursday,Electronics,3,3212,9636
e6830aa8-d1f5-4a47-9cec-30be629abd79,02/04/2023,Sunday,Electronics,4,1737,6948
24d98537-1844-4f6a-8d45-e55b287bc94d,19/06/2023,Monday,Furniture,2,1438,2876
9c2c756d-37f2-4006-a704-a2b2180149ae,13/11/2023,Monday,Cosmetics,1,2247,2247
88647762-86c3-4489-92b6-ad4854874b08,22/01/2023,Sunday,Cosmetics,2,3961,7922
e4f127ac-0b69-4b69-a989-a4d9ce6869db,22/11/2023,Wednesday,Furniture,5,2978,14890
eb8ecfa6-ab62-4796-bf37-2346cd371c2d,01/01/2023,Sunday,Toys,1,4849,4849
06a1bdf4-fc71-4e56-8474-e14304ecc5fe,13/05/2023,Saturday,Furniture,4,565,2260
98b23bad-6f08-4e63-9ef5-e11f5157fb7f,21/08/2023,Monday,Cosmetics,1,3708,3708
0e092541-c0a8-45bf-9199-b8baf00ad953,12/01/2023,Thursday,Cosmetics,4,1883,7532
6eaff0f4-1d7c-41ad-8825-df6be84dcae2,12/12/2023,Tuesday,Toys,4,79,316
a9a2af35-2077-484d-8047-052681f24253,15/02/2023,Wednesday,Furniture,3,3264,9792
59db403b-618c-4386-8ca8-2aeb6ac454df,03/02/2023,Friday,Groceries,3,375,1125
3690a9f9-ec32-40df-85cb-c3ae270c3757,19/03/2023,Sunday,Groceries,2,3816,7632
a71fe0da-6b98-4df0-a877-7e408aa2d112,06/08/2023,Sunday,Toys,2,4161,8322
67c9a1e4-3892-4acd-9b5c-9ae26c0f5ac4,28/10/2023,Saturday,Furniture,4,160,640
bb58ef74-b9c8-42b2-b3bb-c0e642d1f22e,14/03/2023,Tuesday,Furniture,1,156,156
48b61d15-679e-4591-b211-622f1ac1fe50,09/10/2023,Monday,Electronics,5,2476,12380
462efed4-69d1-464b-b94b-b2e675548a66,06/09/2023,Wednesday,Cosmetics,5,4428,22140
94f671f9-7568-4e11-9c5b-0f6470b2bd24,16/02/2023,Thursday,Clothing,1,4414,4414
6e47df86-4e31-46aa-bd02-bb1e51e74426,01/05/2023,Monday,Toys,1,2581,2581
b296f0cd-3501-4721-b003-910e7459b7cf,02/08/2023,Wednesday,Clothing,3,3194,9582
e28f0564-5f23-4585-bb1c-69cb3ae22ecc,27/08/2023,Sunday,Clothing,5,4743,23715
9e0e4f68-ca1f-4c3e-bc3e-f1a43be69b2c,25/02/2023,Saturday,Toys,4,848,3392
2481d160-debe-44a6-95e7-ba03b665e640,16/12/2023,Saturday,Furniture,2,2487,4974
f0eb0f75-2511-4130-81ea-1f157d7d5bf3,17/04/2023,Monday,Toys,3,2061,6183
52ea9ea6-e427-49e1-ac98-605d7c8a9424,15/11/2023,Wednesday,Clothing,5,475,2375
d7697a56-b7cc-4db1-a915-84fa79e8c61a,17/02/2023,Friday,Cosmetics,1,3094,3094
0925ccfc-31b1-4507-9318-6aa77ca410f3,02/03/2023,Thursday,Cosmetics,5,3338,16690
85aa064a-65dc-4be0-b8a5-c2997ed8df60,03/12/2023,Sunday,Cosmetics,4,2964,11856
d182e09b-fda5-47ea-8192-ba702df453a6,26/01/2023,Thursday,Furniture,3,1289,3867
ce0bfa20-39d8-45eb-af44-3c03f213a639,19/10/2023,Thursday,Groceries,1,3441,3441
4d915fac-8bd6-4d4a-8162-431ec83c948f,14/09/2023,Thursday,Toys,4,4263,17052
cbb0baf0-3e58-4e27-85f5-9fe726a70b69,08/01/2023,Sunday,Cosmetics,2,4047,8094
24bb3030-72e6-4801-8a05-cdc4882e71bf,23/04/2023,Sunday,Toys,3,3056,9168
aa30366c-fe12-4a65-857e-3cd09fcf6530,21/12/2023,Thursday,Cosmetics,4,3089,12356
abf852b7-159c-4b50-b8ca-33029ddf7c9b,10/09/2023,Sunday,Furniture,4,648,2592
75d07d5f-e28f-4a42-ba83-eb27664b2447,29/06/2023,Thursday,Groceries,1,2137,2137
79772b52-f512-4133-b136-032254c1e66e,26/07/2023,Wednesday,Groceries,2,1234,2468
8c2ae3e0-50ea-49e4-b56f-56c5855355f0,30/10/2023,Monday,Cosmetics,4,2800,11200
bcb3b3c9-86f2-4013-a169-458663fce0a5,07/05/2023,Sunday,Furniture,3,2634,7902
5d68a9c0-0ab3-46c0-bfa3-ac8c88dc7e9e,25/02/2023,Saturday,Electronics,4,4809,19236
fefbee46-3291-4c43-9b59-b4b689c6dd1c,02/08/2023,Wednesday,Toys,5,3563,17815
4fd1d6bb-a67d-4d32-92bd-a81b44b886ab,14/01/2023,Saturday,Toys,3,4795,14385
d420374d-8c1b-4751-bd7e-dbd784eb30a5,28/01/2023,Saturday,Clothing,3,4104,12312
acc83a65-9f6d-453f-ba1c-12f405dac7af,19/03/2023,Sunday,Furniture,4,4433,17732
645a9c4d-fe3c-404b-8793-0663096ac403,04/08/2023,Friday,Clothing,1,3986,3986
dd12e97f-d278-41cd-ab71-087afdd39095,31/12/2023,Sunday,Cosmetics,3,1749,5247
3f95fe92-765e-4f90-a08c-d8653a4d1617,03/06/2023,Saturday,Clothing,5,4557,22785
bb188520-d5d7-4eda-93c1-aabc6a19169f,14/01/2023,Saturday,Groceries,1,2625,2625
737b5aa5-704d-45f7-96b2-e803a08507b7,06/07/2023,Thursday,Toys,1,185,185
8bff6863-bd06-460f-a813-5d7a0755724d,08/11/2023,Wednesday,Clothing,1,2075,2075
200bab89-d3e0-40e8-8d98-e17ee3ce1fba,07/01/2023,Saturday,Groceries,3,3585,10755
91bc84f2-a547-4816-b0c1-55041e6a295f,03/01/2023,Tuesday,Furniture,1,4904,4904
7d7fac91-0b58-448c-9e38-9e3cf7e86059,21/04/2023,Friday,Clothing,4,2940,11760
bc1eeb08-dd34-4399-8209-b2bbdd6cbced,26/08/2023,Saturday,Cosmetics,1,2807,2807
cea86689-2233-4aef-96c1-2007ab7e278c,29/12/2023,Friday,Cosmetics,5,3823,19115
368e2075-5414-401f-950e-052ffbdd8240,27/08/2023,Sunday,Cosmetics,2,430,860
baa00736-a032-443b-b1a1-d8196f844e6f,01/10/2023,Sunday,Toys,5,1578,7890
0d810096-5372-4d06-a493-25cf8a214dfd,21/10/2023,Saturday,Clothing,3,4951,14853
b020b771-c3d6-421e-a9ab-526a3d289fcd,15/08/2023,Tuesday,Furniture,1,4621,4621
a50b0a4c-14df-4a15-81e7-0f47d62761c1,15/01/2023,Sunday,Clothing,1,3678,3678
d16b05df-b62f-4869-a19e-45164fa63b61,11/07/2023,Tuesday,Toys,4,898,3592
979c73ec-e906-4f8c-9937-5612396fb089,29/04/2023,Saturday,Groceries,1,4177,4177
fe0e2d1f-c585-44fe-8ceb-70bbb4943295,28/01/2023,Saturday,Toys,5,1977,9885
c3b7ef33-1c02-4a7c-a8ee-6cf8d7bc5b87,21/07/2023,Friday,Cosmetics,3,2215,6645
6c4a856b-9031-4138-9c7d-944f8299f7c4,08/02/2023,Wednesday,Groceries,2,4336,8672
0653cfe8-ef3b-4011-bd03-ff0b699b77e2,30/09/2023,Saturday,Cosmetics,1,2171,2171
4c73ad33-bb9a-4429-b1c2-60a1fe73bc3e,19/08/2023,Saturday,Electronics,2,4768,9536
8e51997d-10d9-4a2a-becf-bfeb42b147c9,27/03/2023,Monday,Toys,1,2968,2968
16d395cb-e5ea-467d-a334-bb37c59e082c,06/05/2023,Saturday,Toys,3,4731,14193
3df95412-88fb-4cc3-a3f4-8141e23ceeb1,27/10/2023,Friday,Furniture,5,522,2610
64cf7746-da13-4944-a466-706e7768ec03,25/01/2023,Wednesday,Clothing,3,1837,5511
aa72e1de-3cc7-4896-a909-170d0e754c33,25/05/2023,Thursday,Groceries,2,163,326
4f8e63ac-7bce-4e2b-a1f8-043e44b3b4d1,13/01/2023,Friday,Groceries,1,1386,1386
a5fea25a-9eab-44e9-b76c-7d784e1620cf,31/07/2023,Monday,Furniture,2,388,776
6a64f88b-bb32-4cde-adbe-057340e866ea,25/01/2023,Wednesday,Furniture,5,2335,11675
2788200d-b528-427c-968e-643d78c60f0d,09/03/2023,Thursday,Clothing,3,1246,3738
60df77c7-88c7-4e1b-bfb4-cd9d4eff7c4e,08/03/2023,Wednesday,Cosmetics,2,128,256
f84b801a-d746-43e9-9f64-9e46e02d8133,21/08/2023,Monday,Clothing,2,4609,9218
875e1913-39f1-449a-a6bc-76737dbad11d,19/04/2023,Wednesday,Toys,5,2702,13510
2b3ff99a-25ca-4a24-9d1c-fef5df233a8d,26/05/2023,Friday,Cosmetics,1,4707,4707
715ac347-456c-4497-8454-9c0915f30372,21/04/2023,Friday,Electronics,2,4430,8860
caa19c8b-292d-4fcd-aae7-7de625f9c33f,16/08/2023,Wednesday,Clothing,5,4368,21840
ed7d4e26-3f08-48fc-b565-fec2be07b76c,21/04/2023,Friday,Furniture,1,2690,2690
73e4d78a-53de-44e5-8985-58fa6812e5b2,03/02/2023,Friday,Cosmetics,1,1306,1306
a527034c-9cb9-45fd-b5d6-4fec48ac253b,21/04/2023,Friday,Clothing,3,877,2631
56597256-c515-4cc4-b4c4-e23a098d89fd,21/09/2023,Thursday,Groceries,5,2768,13840
868c8d31-3f13-43a7-bcac-b381724f6b13,24/08/2023,Thursday,Electronics,1,4973,4973
0cd84442-ae8f-493f-8efa-6418b947e7b6,24/03/2023,Friday,Toys,3,2860,8580
297fc571-4226-4b91-9831-165bb302d58c,11/02/2023,Saturday,Groceries,4,3435,13740
46dcaf45-4f26-49c1-91d6-854bc2fd916b,11/04/2023,Tuesday,Groceries,5,2015,10075
b9e772ec-5a07-4c93-b2a1-62bff446969c,06/01/2023,Friday,Electronics,4,2477,9908
e24c0505-a712-4212-8359-94036536aa13,29/06/2023,Thursday,Toys,1,2891,2891
a0ccc6cf-422b-4699-9a28-b8bdae57bc68,09/10/2023,Monday,Furniture,5,663,3315
bff5be9a-08b0-4c32-94c3-d46ffb7c4018,16/11/2023,Thursday,Cosmetics,3,612,1836
43c463db-3d4f-47ae-91df-ec113df40b1d,14/08/2023,Monday,Toys,1,4876,4876
de07af59-0cca-42c3-ae88-52a7fdfd2430,11/11/2023,Saturday,Clothing,5,4402,22010
f5ab0a48-b63b-4276-ba55-fb5c8ef9bc18,31/12/2023,Sunday,Groceries,5,234,1170
db83b756-32b7-48e2-b130-95120b48885a,17/08/2023,Thursday,Clothing,4,2242,8968
f1a8a744-6203-4510-897d-2e4982005ef1,16/10/2023,Monday,Furniture,1,4115,4115
fec03c55-9eb7-4c80-bb7c-b91a73f6bbb5,30/05/2023,Tuesday,Clothing,3,295,885
b029d7b6-b8d4-4061-8bd9-5fb1c310c5fe,04/10/2023,Wednesday,Toys,3,4136,12408
b7a79c8e-4ec6-4f38-837e-719e97e74ede,17/07/2023,Monday,Clothing,1,2284,2284
57d27a58-f539-4980-9489-a2df2bdd452c,11/03/2023,Saturday,Furniture,1,915,915
ffab2bc1-0a7d-40ea-9202-86d13e72cba7,22/04/2023,Saturday,Furniture,2,2137,4274
6c4cb7bc-0e74-4610-a0d0-217f998541ad,04/01/2023,Wednesday,Furniture,4,650,2600
907133f7-2c28-4114-b5ee-fc3e003a964a,16/12/2023,Saturday,Toys,1,3083,3083
ecad3d6e-fc23-46e7-b8b7-db80f8648868,27/11/2023,Monday,Furniture,1,2106,2106
8bc374ba-c1ec-4471-9722-ca680ff88029,14/11/2023,Tuesday,Groceries,2,2181,4362
653bccb3-afbb-4a9c-b92a-c06d55094192,16/12/2023,Saturday,Furniture,2,582,1164
aa688d73-a2fa-4bd3-aebb-da7ca905f306,05/04/2023,Wednesday,Clothing,5,2092,10460
25722a67-8e47-4421-9253-d4a73bddec1a,01/06/2023,Thursday,Cosmetics,3,407,1221
561efdd6-cd79-4321-8800-cac4c3af8a86,07/11/2023,Tuesday,Clothing,4,427,1708
1ef01c20-c59b-49fc-9e02-573351a8b09e,17/05/2023,Wednesday,Cosmetics,5,2269,11345
69ac09a4-e5fd-4630-a237-cf58ad55c5c3,04/09/2023,Monday,Clothing,1,4538,4538
875bce4e-fd52-4680-820f-91e8ae870902,31/08/2023,Thursday,Toys,2,4847,9694
1a9f9245-178d-4170-9e5e-289c7b697406,31/01/2023,Tuesday,Clothing,3,3357,10071
cc90e8bc-9b1f-4be5-804b-049cdb67e547,09/02/2023,Thursday,Toys,5,2646,13230
e6d04470-7e81-4624-8477-bb8a36deff2a,17/08/2023,Thursday,Toys,3,833,2499
d91764d8-3175-4574-a8ec-187c439e7e3d,05/02/2023,Sunday,Furniture,2,2429,4858
b9f1e668-f51f-48db-8f80-d3f5c3bf15eb,11/08/2023,Friday,Groceries,5,3653,18265
39d42dda-fdcc-4ad9-911b-d4d28e9c4663,06/01/2023,Friday,Cosmetics,5,1032,5160
83a8829e-7ce1-48e7-af4f-61a2ce166098,18/11/2023,Saturday,Furniture,3,3992,11976
01ab0b05-98cd-4da6-bd02-85c585d4058a,08/08/2023,Tuesday,Furniture,2,2640,5280
1ab66083-d053-41ce-9534-7d06284c8917,16/03/2023,Thursday,Toys,1,1092,1092
a1bae37d-28bc-4bd5-b168-d483312f9681,04/01/2023,Wednesday,Toys,5,2588,12940
41715c19-fad5-421c-b105-1fd6821cc0a1,01/12/2023,Friday,Cosmetics,1,911,911
07053be7-82d5-489d-a787-32bc668cdcdf,14/05/2023,Sunday,Clothing,2,1926,3852
fa933230-aa47-4aac-9222-8b9ae129102a,28/04/2023,Friday,Clothing,5,1885,9425
b0d3f935-2f4b-4402-8014-0a8674ecfa9e,04/04/2023,Tuesday,Furniture,5,4258,21290
69d717f2-a745-45f2-bd20-eb22d5d25e29,03/03/2023,Friday,Electronics,1,3576,3576
a5141ddb-b870-4c63-9e74-6834d8ae537f,13/07/2023,Thursday,Electronics,4,1735,6940
e53b4e0b-990f-4349-a08a-344a64870e78,01/12/2023,Friday,Clothing,1,3451,3451
8f4f8a4b-302f-426c-a9e0-bd4eb96ef25b,22/07/2023,Saturday,Electronics,1,1672,1672
9ab18ff7-f80c-4f85-8d85-3cdab5ad858f,26/01/2023,Thursday,Clothing,4,2707,10828
8a9a12a1-8fb5-4775-b7e6-d70ef947a1ac,22/06/2023,Thursday,Toys,2,1982,3964
14732170-44ca-424f-9263-3cf03a7f135e,27/10/2023,Friday,Furniture,2,557,1114
6112f83a-c48c-44c0-b58d-98be70d6e78c,13/05/2023,Saturday,Groceries,5,4611,23055
ec430e20-daf0-4678-a60d-c1e5d46e77c4,22/11/2023,Wednesday,Furniture,3,3528,10584
c87f86fa-e451-4b95-b2ca-e2de60c38102,28/04/2023,Friday,Clothing,3,2706,8118
bfa14770-f366-4b60-a34a-54ee9ae4baf8,20/11/2023,Monday,Clothing,5,1171,5855
20b59214-fb96-493d-809d-5e793a93de19,02/10/2023,Monday,Furniture,3,339,1017
55eb020d-bae0-430d-a1c5-1a1b23e62d51,31/07/2023,Monday,Cosmetics,1,2879,2879
46d4b24c-b3a1-4fea-9919-22aad0023b5f,13/08/2023,Sunday,Clothing,1,2259,2259
698e32a1-8fec-4140-8727-559464abec19,20/01/2023,Friday,Electronics,4,4862,19448
3a1aab3f-4f71-4949-9f55-26aae871d3a7,23/04/2023,Sunday,Electronics,4,1450,5800
3a87d21c-9aaa-44a3-8d5e-315c2737b3f7,20/05/2023,Saturday,Clothing,5,616,3080
7c1246ae-a141-4cd8-bcf8-15a135b5c000,16/02/2023,Thursday,Clothing,5,1523,7615
e559ac3b-aeee-47bb-9937-7427ff7a59b3,01/01/2023,Sunday,Cosmetics,5,2037,10185
8ffb768a-2e05-48cd-ac4d-a4a231b323d7,31/03/2023,Friday,Electronics,1,3837,3837
56099726-97ca-4f5e-ad1f-dc345c1b60f5,22/05/2023,Monday,Clothing,3,3915,11745
c4131cfc-2196-4510-8a01-3d01f5e7a1f4,16/11/2023,Thursday,Clothing,5,3310,16550
9fbd12d7-a551-448a-a65b-0897f9bd1c1b,07/02/2023,Tuesday,Cosmetics,5,3597,17985
c9c48ec2-2a2d-4814-9097-8f9db3b68d14,20/10/2023,Friday,Cosmetics,1,3301,3301
cecf95a4-2966-4317-bc89-49de73cc2811,19/05/2023,Friday,Furniture,1,1766,1766
c68848fc-3133-4e0d-9072-63cd17061a97,22/12/2023,Friday,Cosmetics,1,1062,1062
8b2710e8-a961-48f2-95b7-6b6050b597f0,29/11/2023,Wednesday,Groceries,3,1360,4080
e9730131-c501-41ac-9d54-d14ce9318345,16/09/2023,Saturday,Electronics,5,4620,23100
a826c67a-2566-4256-b16c-5d3bb82d4a35,10/06/2023,Saturday,Furniture,2,667,1334
3f74882f-5dd1-406e-a20b-f2d70a31bb36,27/06/2023,Tuesday,Groceries,2,4786,9572
c0f4eeff-5e03-462d-85fb-f5a9689cb30e,10/01/2023,Tuesday,Clothing,5,4307,21535
7a7ddf38-0552-4bd4-b53f-101dc4e4c8a4,18/09/2023,Monday,Clothing,5,2032,10160
476b388b-51a4-46a1-ada3-038930008dad,18/05/2023,Thursday,Furniture,5,2278,11390
0e5a6646-1515-4967-aba4-ca6725dc33e3,21/06/2023,Wednesday,Cosmetics,5,4870,24350
905596b3-b9c1-4b94-b042-f275666c2758,13/01/2023,Friday,Clothing,3,518,1554
5e315b8b-4d7b-457b-9c16-dcf6f7dda92f,17/06/2023,Saturday,Toys,2,4166,8332
1334e33d-24c8-4e68-90bb-ec3d22dc11cb,10/05/2023,Wednesday,Furniture,4,4405,17620
f264e43e-0f04-4e4e-96a0-b73e2552796f,25/03/2023,Saturday,Groceries,2,1189,2378
57a56f90-0390-41f8-af1f-4017ab330691,17/11/2023,Friday,Furniture,2,1486,2972
4c5e46c0-f436-4492-88c0-64449cb66087,15/11/2023,Wednesday,Electronics,1,586,586
13793f85-367b-4f89-9e4a-253c5304fa61,11/04/2023,Tuesday,Cosmetics,5,1001,5005
8c721086-c040-4b8e-96a4-b1cf3dc7e3e9,25/11/2023,Saturday,Cosmetics,5,2863,14315
f6b77028-3c19-4e4b-bae5-e99f2fe2c04f,30/09/2023,Saturday,Furniture,5,3056,15280
0a96c1bf-4867-4494-99b5-1c68dff316e4,22/09/2023,Friday,Clothing,1,4044,4044
12e06bca-5942-46aa-86eb-4dfd3ba8aadd,07/02/2023,Tuesday,Clothing,3,1890,5670
7db4b09b-961e-4f88-b5f0-07eb1313c1fc,04/04/2023,Tuesday,Toys,3,900,2700
b4d4d042-e771-483c-a2ef-f4e2469151ad,05/04/2023,Wednesday,Toys,4,2021,8084
4075bf3a-42c2-42ce-a3a8-f059601f9a94,01/11/2023,Wednesday,Cosmetics,3,1241,3723
2a3ae83f-cdbe-493c-bfd2-ec0b54414f58,10/03/2023,Friday,Toys,3,3970,11910
af4b847b-744d-460e-9f89-44b0da5affda,14/11/2023,Tuesday,Groceries,5,4678,23390
8b7d7091-0807-4109-b1dd-1b9157bb3455,24/08/2023,Thursday,Toys,2,2112,4224
42e9fe40-e364-4ef9-8e47-6b76b9363f7b,30/11/2023,Thursday,Groceries,3,3096,9288
47388285-82b2-4830-80b5-cc3f243ae601,17/05/2023,Wednesday,Toys,3,4449,13347
45ad81fc-ff63-4cce-8e5f-fb4b298b0685,17/03/2023,Friday,Cosmetics,1,3608,3608
eaad2a66-6d50-4ae2-97f1-ec165dd3de71,04/02/2023,Saturday,Cosmetics,4,4561,18244
25f5fb8f-9d86-4d48-aa50-0b610fdb39a7,01/01/2023,Sunday,Groceries,1,354,354
d04bf946-b214-45d5-9988-813cfec26a5a,23/10/2023,Monday,Furniture,5,4958,24790
68d21b49-c335-4b2e-9f71-31e027d768f5,16/11/2023,Thursday,Cosmetics,2,2897,5794
ffaab920-7874-4ec4-b9c7-eddf014f497e,01/03/2023,Wednesday,Furniture,4,2485,9940
53eeac13-233e-43cc-b8d8-556055a38fe2,16/11/2023,Thursday,Clothing,1,2854,2854
7e7eb6c4-836d-4f33-bd86-2bb6e0b4d81c,15/12/2023,Friday,Groceries,3,2034,6102
adc57f26-b5d8-4d00-ac8d-207e0a6667ba,24/11/2023,Friday,Cosmetics,3,3986,11958
4ff5775a-bb32-461e-a55a-2cfe607e69eb,24/09/2023,Sunday,Electronics,4,762,3048
aade425c-d211-4baf-b1b4-8ceba1237e57,27/12/2023,Wednesday,Clothing,3,2945,8835
62e632cb-1450-48d6-b499-76e3c04ab0c9,17/08/2023,Thursday,Furniture,1,1731,1731
f79782c3-9506-420a-84d7-adaf9e09e143,27/09/2023,Wednesday,Cosmetics,1,1383,1383
c1337fb2-d60a-4fe3-b691-d4130bb24432,12/11/2023,Sunday,Groceries,3,3248,9744
6cc6c10e-f950-4230-a45f-f71d8a594ad3,13/10/2023,Friday,Toys,3,224,672
f8e903d4-ae3c-42d1-8826-038eb9dc8373,18/10/2023,Wednesday,Electronics,5,3255,16275
75ecb041-0d75-4101-888f-45348dfa5350,01/08/2023,Tuesday,Furniture,2,1466,2932
6db2b933-aeed-4529-b106-373140491607,14/06/2023,Wednesday,Clothing,4,2037,8148
f1125a4f-2257-463a-9cd9-1b6f1a0f88dd,05/01/2023,Thursday,Groceries,1,4903,4903
84b5e31c-467d-47fb-8621-bd7444949889,05/12/2023,Tuesday,Electronics,4,1822,7288
00af6f0a-ecb7-47a2-b85c-d4dd62616b30,19/03/2023,Sunday,Groceries,5,4316,21580
9547b177-54c5-40e8-b871-e683ed3be7f7,03/03/2023,Friday,Cosmetics,1,1124,1124
ce3dc1f8-1320-4e58-985c-62acac22bb3c,12/05/2023,Friday,Toys,5,4810,24050
df6423ce-a534-493e-bbc2-5dd22d996ae8,30/03/2023,Thursday,Clothing,5,641,3205
b979b4f1-b9cc-4dd2-98a1-77c5d0efae44,25/08/2023,Friday,Groceries,3,3028,9084
b1336829-14c0-4dc6-8ac4-5ea7fd7ee144,11/02/2023,Saturday,Furniture,4,4032,16128
81c87c99-c5d3-4c2b-8f06-dcfb9c11065c,30/03/2023,Thursday,Cosmetics,4,2460,9840
60328bce-fbbd-44d2-bb2d-f6778c38b0a3,23/10/2023,Monday,Cosmetics,3,897,2691
a2afe466-614c-495c-9e00-8a76c31b5468,24/11/2023,Friday,Clothing,4,543,2172
3b811333-ed30-4179-af45-379d127c7a78,22/10/2023,Sunday,Cosmetics,3,595,1785
192e75b8-e800-496e-a0bf-515eadd46649,14/04/2023,Friday,Furniture,1,2336,2336
36f82003-ed51-490b-aec1-a678ab60b73d,14/01/2023,Saturday,Groceries,5,2747,13735
ffba3c70-9e00-4a0f-b2f2-234fecb42b04,15/10/2023,Sunday,Clothing,5,3887,19435
56f588d0-0230-4779-bd4c-5f58793f0605,28/06/2023,Wednesday,Cosmetics,4,1590,6360
2012cf39-3e7f-4d96-9a43-58052bb2a4c3,05/05/2023,Friday,Cosmetics,2,933,1866
d874d468-9b6c-49f0-9f68-86fcb1f66189,19/12/2023,Tuesday,Furniture,5,4006,20030
e187f888-144e-4545-951b-40818bf12ed4,23/01/2023,Monday,Toys,3,3144,9432
1d588aa4-4646-4e2e-911c-269296b413cb,04/03/2023,Saturday,Toys,2,2415,4830
28bb4934-0059-4485-87cc-438d51c79af5,23/05/2023,Tuesday,Cosmetics,2,3397,6794
7b35aee0-11af-4252-bcb6-8c6e27e0dfa7,02/06/2023,Friday,Groceries,5,3121,15605
02947725-5369-40b4-9351-ba609be4ccc2,25/05/2023,Thursday,Clothing,5,3725,18625
68265a31-7146-41c2-875f-de562df4808e,13/08/2023,Sunday,Cosmetics,5,4765,23825
79dd3f42-c339-4f48-be01-65969c46a4f5,05/11/2023,Sunday,Electronics,3,1002,3006
21331f09-f8b9-4f4f-aaf4-d91ca4b2bbcf,14/04/2023,Friday,Clothing,2,3350,6700
3701fa46-1906-4229-a2c0-0d4710299296,14/04/2023,Friday,Toys,4,3785,15140
b8366a04-b4b1-4b97-9745-1115a673529d,08/02/2023,Wednesday,Cosmetics,3,3229,9687
9e384fb3-bb26-4fe2-8f42-5ef1d31bcdc0,17/07/2023,Monday,Furniture,1,3013,3013
c9f09923-d645-4f10-997d-9cfa89e4f5a4,14/05/2023,Sunday,Electronics,5,4077,20385
a36a7d35-5631-4a3e-9c27-aa7aeb2c91cb,08/03/2023,Wednesday,Cosmetics,2,3297,6594
93588f67-a48c-4eab-995a-330bc6cd8322,28/06/2023,Wednesday,Groceries,3,4465,13395
87b8e6a8-4c82-40e6-a4c0-66458a09abe3,11/02/2023,Saturday,Electronics,1,3407,3407
71721ded-24fa-491d-954a-7579c15de1eb,15/01/2023,Sunday,Cosmetics,3,4898,14694
985018ba-57b9-4f74-b6ba-b64765ab887b,21/04/2023,Friday,Groceries,3,2754,8262
32147af0-b3e6-4af3-a2fa-2ac1b1495f59,06/06/2023,Tuesday,Electronics,4,1087,4348
5e7f0680-6ae9-4675-8888-82cc8ed01fdc,16/10/2023,Monday,Groceries,4,120,480
5c25f879-68c3-4b1b-b414-152ffff1a974,19/08/2023,Saturday,Groceries,3,2924,8772
f24d222f-d58a-40d5-b05b-d295bac482e7,06/06/2023,Tuesday,Electronics,1,155,155
d681a32d-2eae-470c-a7cf-8325757cb947,07/02/2023,Tuesday,Electronics,2,819,1638
fa4aa48c-f4ad-49a4-b340-b8cf83391161,07/04/2023,Friday,Groceries,2,2059,4118
3a4580bb-38f9-4f2c-bdb9-568e2fc7c808,16/10/2023,Monday,Toys,5,2990,14950
05a7dd5a-8b53-4d49-a867-b5b8328cd528,11/09/2023,Monday,Electronics,5,2242,11210
54e2a4fa-fa34-4403-a840-e8f486e575d6,15/07/2023,Saturday,Cosmetics,2,3545,7090
55c02a10-0aee-4a66-8656-5d89831d8bcb,27/03/2023,Monday,Clothing,3,4361,13083
b714d972-ca49-4cca-b998-cd289841ad10,18/11/2023,Saturday,Furniture,3,4405,13215
5c187e0a-f23a-4edf-8a07-a9a93b9188f8,10/01/2023,Tuesday,Groceries,4,983,3932
e34f0ad0-8c03-4955-89be-2272b3bb35d0,05/01/2023,Thursday,Groceries,4,624,2496
48ee6a87-f60b-4612-be5c-1dc56d397c3d,03/05/2023,Wednesday,Furniture,5,3980,19900
bb2f6169-c855-4b8d-a291-1049b8381be7,26/11/2023,Sunday,Toys,2,4430,8860
a33bc721-11cb-4a5c-9540-c1acde8599d7,19/12/2023,Tuesday,Furniture,3,4137,12411
51022184-c102-470a-8958-84ece290f9fc,28/04/2023,Friday,Electronics,2,2581,5162
b770f594-9126-48a6-a9b9-d3f36f3c9d95,21/10/2023,Saturday,Furniture,1,2469,2469
ebda948a-0b45-40fc-9e65-cd53e6373be1,08/06/2023,Thursday,Groceries,2,119,238
fe36994e-98c9-4a82-bebb-9c38dcdf953b,30/10/2023,Monday,Furniture,1,4524,4524
1ab536a5-da3a-464f-b9ad-10e186af8957,16/08/2023,Wednesday,Clothing,4,1352,5408
01a0872c-dda1-45e9-a8a0-b69085363817,31/12/2023,Sunday,Cosmetics,4,3864,15456
680c6082-b1af-4e5a-928e-14083cee5b82,04/08/2023,Friday,Electronics,5,2399,11995
fcb40258-6f60-4276-9f0f-af0919683c18,03/07/2023,Monday,Furniture,2,304,608
7b4fd5c5-4235-4830-be94-1f50cd7649b6,15/01/2023,Sunday,Groceries,2,1757,3514
649ed331-ee2a-403b-9b51-cdc222dc7104,06/06/2023,Tuesday,Cosmetics,1,4837,4837
c29f3651-d1fa-4075-afdc-b4a181027519,16/05/2023,Tuesday,Electronics,4,883,3532
05c95a6f-5cb4-4411-9771-4dd14700c174,18/09/2023,Monday,Groceries,1,2814,2814
a741bcea-8dd7-4736-b7cd-b19e9ab25091,06/06/2023,Tuesday,Toys,4,2521,10084
72f0a087-6e3b-4855-bbe1-c2378fb22129,16/02/2023,Thursday,Clothing,1,3792,3792
3b58a004-4f63-41ce-bd27-cae0e208a698,20/11/2023,Monday,Toys,4,2085,8340
617f9887-cb5f-4c48-9d02-92a5f8e0325d,28/11/2023,Tuesday,Clothing,1,2017,2017
962ae15e-9d06-4be4-8cbd-9fdf170bfd56,22/06/2023,Thursday,Furniture,4,149,596
1bae4c55-ea59-4ac2-831b-9a3ec0b810fb,10/05/2023,Wednesday,Electronics,1,1902,1902
a7c32d84-d599-4eb2-8b22-52881e39e855,05/04/2023,Wednesday,Furniture,2,3233,6466
3bb04be2-3744-46e9-9ac8-904ed1a1f49c,25/04/2023,Tuesday,Clothing,5,2405,12025
a449bd17-d3b2-40ca-9ab2-45aad690805b,31/08/2023,Thursday,Clothing,1,161,161
50df135f-50bb-408f-9fe2-5355f690de68,19/10/2023,Thursday,Clothing,5,3208,16040
15df4b6e-5ec6-4a27-be2c-604058bf9031,09/10/2023,Monday,Cosmetics,2,232,464
c5afeec1-b44a-4369-9843-08a634478cd4,26/10/2023,Thursday,Groceries,2,3902,7804
cc4493dc-7a40-4f73-badb-8467d661e05c,10/10/2023,Tuesday,Electronics,4,214,856
7cd60836-5544-45fd-88e8-d7d0cb830036,10/03/2023,Friday,Furniture,5,2187,10935
dbf83a57-6b4a-45f2-a3f3-7f09067227d3,28/05/2023,Sunday,Furniture,3,2073,6219
867c1e6f-133b-4894-a7f6-774eeb2b30c2,11/01/2023,Wednesday,Toys,4,504,2016
a8b95c38-5116-4952-8ca4-012a6089a273,11/09/2023,Monday,Clothing,5,2335,11675
8031da7b-c91d-4336-bde3-abdf2ff5b450,26/11/2023,Sunday,Clothing,1,4872,4872
69c1b72d-eaf9-49a0-b179-3dccf5e69364,26/12/2023,Tuesday,Clothing,1,591,591
9f28e82f-906d-4284-b6c9-10c7b6a80ee5,07/02/2023,Tuesday,Furniture,2,2715,5430
5f8b8338-59ff-42b3-94b0-fc1afea8cc1d,14/05/2023,Sunday,Toys,3,2499,7497
65ea75db-c6f7-4f74-ac0d-7b1931b2e860,19/07/2023,Wednesday,Groceries,1,4987,4987
1026b47e-0e38-4cb0-8e41-f123a8aa15be,23/01/2023,Monday,Cosmetics,5,3983,19915
0f6c827e-7d90-4ebd-9528-0b348b7dffee,30/10/2023,Monday,Electronics,5,2936,14680
dec0eb21-9fe9-4dbe-a866-27aef87f4011,12/12/2023,Tuesday,Groceries,1,4664,4664
44c47522-03f6-4ec9-a650-a8ef8d50d55b,29/10/2023,Sunday,Furniture,5,4342,21710
1279479c-689e-4d0c-bb6a-4116e7f360dd,29/12/2023,Friday,Cosmetics,5,3954,19770
d43e7abe-4271-4da7-89ab-694cf26e240b,06/08/2023,Sunday,Cosmetics,2,1738,3476
72b45e3a-fb77-4e0c-9e71-11f8c901259d,21/05/2023,Sunday,Cosmetics,3,1687,5061
068ddc2d-5760-4e12-b6f8-c985c631ac5d,14/04/2023,Friday,Clothing,2,4778,9556
7c7e098e-ec4d-49dd-9db0-82c19b6a86ce,29/07/2023,Saturday,Electronics,3,4720,14160
571b12b9-050c-4848-b044-597361c26e6c,21/04/2023,Friday,Furniture,5,4132,20660
efa07aee-23bb-461e-ae12-d4e60b69f747,14/04/2023,Friday,Furniture,3,1940,5820
3c724467-81ed-47aa-934e-fad1a041d520,12/11/2023,Sunday,Cosmetics,5,3255,16275
e9198bd0-2862-467d-9cea-d82fc97dc2bc,20/06/2023,Tuesday,Furniture,5,527,2635
c6aaab31-47bc-4730-9d59-a7451e93007b,22/12/2023,Friday,Electronics,2,2416,4832
ce83dfd2-e792-4136-a04e-7f5a8de6d6ff,20/11/2023,Monday,Electronics,2,2576,5152
65f7b6a5-f26b-43c4-908b-46a6f5bf1af4,13/05/2023,Saturday,Toys,4,416,1664
bdb83b98-b183-4557-a48c-9df332295153,20/10/2023,Friday,Toys,1,1886,1886
41a59c03-6dff-4b9d-87c9-9dee438bf323,24/11/2023,Friday,Groceries,4,1765,7060
291b1d2c-1185-4e9b-b7cf-19a2f44c2f8e,07/05/2023,Sunday,Electronics,4,62,248
67c899b8-36b0-4d5c-a330-623ffd9694e0,16/04/2023,Sunday,Electronics,3,585,1755
0148fabd-896c-47fc-8fe2-617701a87808,02/04/2023,Sunday,Electronics,5,3289,16445
65563b19-ad98-4e38-a839-c86cc4242b2d,14/10/2023,Saturday,Toys,5,2367,11835
8fc7ee15-c4e1-484b-8593-a16c70f52801,20/02/2023,Monday,Cosmetics,5,4092,20460
55aab1c1-bfa6-48b4-9069-c7df38851147,29/01/2023,Sunday,Cosmetics,1,425,425
7fec92f5-89ea-4cf9-b076-b5d5ca4fb039,23/10/2023,Monday,Furniture,3,1774,5322
0a883400-0456-430f-add3-dd70da774eb6,24/10/2023,Tuesday,Cosmetics,3,306,918
980d323b-4ca2-41f2-9b19-53a3e1eb3daa,02/08/2023,Wednesday,Clothing,5,2314,11570
c3759618-a400-48b7-9314-603b332b6d0c,24/09/2023,Sunday,Toys,4,499,1996
c3a0d40c-015d-4dea-9066-e7964f9122a5,14/09/2023,Thursday,Electronics,1,943,943
001c0691-1eea-4242-8aac-42de3a2cee4a,29/10/2023,Sunday,Cosmetics,4,3262,13048
561b56e3-fc13-48d9-b1c8-a44ab1b89e46,11/04/2023,Tuesday,Toys,2,1234,2468
89d55250-89bf-4523-af89-935674523281,12/12/2023,Tuesday,Cosmetics,3,3273,9819
a744918b-cc2a-4cbd-aa77-7d0160b58a42,20/04/2023,Thursday,Groceries,3,1358,4074
345cd202-7116-4c5b-a385-d73280d00bec,01/07/2023,Saturday,Electronics,4,4755,19020
ef40b381-c0ba-4be0-ae45-c35f786cc52d,09/11/2023,Thursday,Groceries,1,966,966
a7d37a8f-1d12-45bd-a9c3-2c61ed8f537e,01/01/2023,Sunday,Electronics,3,197,591
7f6d951c-e4f9-4fb4-b184-75dea25a2490,15/11/2023,Wednesday,Toys,4,4801,19204
abee85f0-1639-4ecf-8915-1a1dfebd4b84,24/02/2023,Friday,Furniture,1,2164,2164
812746c1-99ab-47ce-afba-c8ff6a235e85,29/05/2023,Monday,Cosmetics,4,4066,16264
e7304649-b16f-42ed-b67d-357c765f4a14,05/11/2023,Sunday,Cosmetics,1,3990,3990
e5c3d1ae-1ad3-402e-b181-68ffc9cf905c,17/05/2023,Wednesday,Clothing,5,4121,20605
378fe50c-4806-4b38-af51-bd06891931b5,21/07/2023,Friday,Groceries,1,2845,2845
7c72ab26-9ecf-4076-a2de-6f20525cfd31,09/11/2023,Thursday,Cosmetics,2,492,984
9bae6fb5-93f6-45f5-8f9f-188e7a7bc9da,27/04/2023,Thursday,Toys,5,2994,14970
e48211a2-78f9-426f-a1de-f02b83cb2ef5,03/06/2023,Saturday,Furniture,4,3986,15944
7898caee-1b52-42b6-9c32-165debb345ac,18/10/2023,Wednesday,Toys,5,448,2240
33a21ca5-4335-4955-b7f2-d37752050d12,04/03/2023,Saturday,Groceries,5,1201,6005
efb9b41c-2c92-40f3-ae4b-8b8776c63ab0,01/09/2023,Friday,Clothing,4,3842,15368
85e43290-6757-43ce-ad75-7218d04b288e,25/01/2023,Wednesday,Cosmetics,4,3045,12180
ff1ae9d3-60d7-4b08-9ac4-6c167a63b444,31/03/2023,Friday,Toys,2,2266,4532
1fdff8bd-7504-4f5f-af80-d63efa619a58,16/03/2023,Thursday,Electronics,4,1757,7028
830b8928-651c-41e5-8533-a202f7748a6d,21/10/2023,Saturday,Furniture,3,3381,10143
c257d472-b042-4a4b-88c3-0a0fd1588731,29/07/2023,Saturday,Toys,3,2037,6111
437d631b-9c5a-47c0-8302-7a9c93463964,13/12/2023,Wednesday,Furniture,2,4652,9304
10448b87-f657-4b56-9ea0-1c6c39ec5a32,17/01/2023,Tuesday,Cosmetics,1,2618,2618
f73b8bb7-1e35-46ae-8ebe-62377522448d,08/05/2023,Monday,Electronics,1,210,210
2846104c-e070-4717-9d74-4475a3a476dc,30/12/2023,Saturday,Clothing,3,4485,13455
10cec19d-19da-4bff-a97f-f5194a6bbb7e,08/09/2023,Friday,Clothing,4,3954,15816
007c93d4-55fe-4276-bd31-fff07f0a99eb,28/06/2023,Wednesday,Electronics,2,3623,7246
5ab969b0-4a32-4f20-b2b4-3ba89f5d724b,01/07/2023,Saturday,Furniture,1,3227,3227
0d080032-b09a-4d11-93c5-8878c57e8f8f,01/06/2023,Thursday,Cosmetics,1,1875,1875
f7fc6095-09d6-4e9c-8cb0-94f5c0339f2e,25/01/2023,Wednesday,Toys,5,3974,19870
b2ca60e9-922a-45e1-8c16-ced7babe0f5d,29/06/2023,Thursday,Electronics,3,1673,5019
91473864-3629-43a8-a61d-de03076dab35,17/07/2023,Monday,Groceries,4,1226,4904
da7665a9-2330-4cfb-92b5-8c4f5910e394,10/12/2023,Sunday,Furniture,2,4968,9936
916991e0-d5c9-40b9-be89-b340a29a8a8f,10/06/2023,Saturday,Clothing,1,3770,3770
b7d18842-df6d-4adb-a19b-d41d5ccc1e03,26/06/2023,Monday,Electronics,5,4930,24650
c684db13-60b3-4cbc-9e20-ee4ab9c73e96,12/10/2023,Thursday,Clothing,3,3270,9810
7ac60a8c-9ce2-4e7d-852b-f2fd6eb4b4ac,04/03/2023,Saturday,Furniture,3,3309,9927
2ea2aa3d-6889-41a9-947a-401c5bffdae8,30/05/2023,Tuesday,Clothing,2,180,360
3791ff84-4911-4979-b813-765b91c32092,03/06/2023,Saturday,Electronics,1,3612,3612
64ee1376-1155-4eab-b752-4391ceab1bc6,05/06/2023,Monday,Furniture,2,1549,3098
ba39a283-8c1e-44ce-aef3-ab99418c8199,18/02/2023,Saturday,Groceries,2,2838,5676
8b1ff653-c56d-4a7d-ac84-20d8397f2a23,03/12/2023,Sunday,Electronics,5,4926,24630
a4f87eb9-2070-42ac-8936-894acdae4ef8,25/03/2023,Saturday,Toys,3,3758,11274
faac9120-a5ff-4fa7-8f2b-c8787102ebc5,27/12/2023,Wednesday,Cosmetics,4,1757,7028
cabf6f7b-dd27-48c8-97e9-ccba2896e48e,26/06/2023,Monday,Electronics,3,1819,5457
43e29458-9bb7-4895-8835-c3734083ab19,28/05/2023,Sunday,Furniture,3,1368,4104
59f9e6ee-1dd9-4b01-8e00-526ce904c3a8,28/04/2023,Friday,Cosmetics,5,3429,17145
8d903c94-5559-4e07-a068-7f4fed794502,08/12/2023,Friday,Electronics,4,2823,11292
5cb4db19-65fc-41fc-896f-ed588cf001a7,04/03/2023,Saturday,Groceries,1,3040,3040
45324fd4-dbbf-498e-8115-57814e21a13b,08/07/2023,Saturday,Groceries,4,3094,12376
d61e5bc9-90b9-4dec-b5d9-1f36c37271fe,26/12/2023,Tuesday,Toys,1,425,425
cb984492-7166-4d58-83fb-8a1373c8a96f,18/02/2023,Saturday,Clothing,4,3086,12344
c34cf48f-3626-40d2-8bfd-bfa738f9216d,23/11/2023,Thursday,Cosmetics,2,710,1420
71e6b554-b717-4827-9691-3257e4f98188,14/09/2023,Thursday,Furniture,4,1453,5812
aa9ae659-28c2-4e19-b5cf-0e31944a5da2,12/08/2023,Saturday,Furniture,5,790,3950
6a91bb82-4d20-4bba-a784-5778cf5e19e5,21/05/2023,Sunday,Clothing,1,353,353
734f00a8-60c2-446f-8dcc-062384cb6ddc,03/08/2023,Thursday,Groceries,3,1135,3405
0acb2bd9-5917-462b-b36f-5b8eac03a7bf,30/07/2023,Sunday,Groceries,5,4931,24655
2e8be39f-2b31-4ae9-adea-797b1826e5f0,14/11/2023,Tuesday,Electronics,1,3229,3229
371a3b34-4ac9-4fee-b86d-ce1591611560,01/02/2023,Wednesday,Toys,1,1260,1260
9c51a786-2cef-4c5f-a7ee-191746f7cb84,07/06/2023,Wednesday,Cosmetics,3,3084,9252
80094d10-eb98-4ea8-baa3-76dc2fac4d47,12/10/2023,Thursday,Toys,2,278,556
0f997f19-0f61-40cf-8e7c-82d7ba288952,01/11/2023,Wednesday,Toys,5,3169,15845
b8c62803-02d4-4be7-8b64-a53e117a828d,13/10/2023,Friday,Electronics,3,1904,5712
2c59923e-e7a7-49c7-9394-07ea6880c61a,24/05/2023,Wednesday,Toys,3,317,951
0f3d18b5-ea9d-4d73-80c8-5c9c1c13f1e9,19/01/2023,Thursday,Clothing,2,2824,5648
78b59fc1-818b-4f80-8332-d66845ca24c2,18/01/2023,Wednesday,Electronics,5,2899,14495
b80b12a1-2969-473e-9d33-95955862fa16,14/09/2023,Thursday,Clothing,3,4399,13197
e6e8f774-b7b6-4195-b2fe-20b76b22fdb3,19/03/2023,Sunday,Electronics,2,2184,4368
f9464950-3451-43e8-b6a7-eaa1ed3b516b,24/06/2023,Saturday,Toys,5,3509,17545
fe3b9aed-da32-4bdc-8bb3-c8032302467f,13/07/2023,Thursday,Clothing,4,2319,9276
a26d8a44-ce07-41ef-bb2a-e278900a6d3a,23/04/2023,Sunday,Clothing,1,1039,1039
fab55bb0-c93b-446d-b42f-f60d8926ba89,24/04/2023,Monday,Clothing,2,4542,9084
4f876078-3b20-4ebf-9efd-f469363d9437,10/08/2023,Thursday,Electronics,1,987,987
ed0b99b6-8f8a-46c4-8d4b-3ea3d46c7343,15/06/2023,Thursday,Furniture,4,489,1956
cf946f11-c63d-438a-8e3b-b63788027360,15/11/2023,Wednesday,Toys,3,2408,7224
5e55e759-a7b0-4ef7-a4ad-a1dc46ec4b29,12/05/2023,Friday,Clothing,3,2057,6171
cb4bac22-c0d1-43c4-ba7a-6fde6734f673,21/09/2023,Thursday,Cosmetics,5,3395,16975
47199498-bb3c-470d-b761-9fd484a546d7,24/02/2023,Friday,Furniture,2,4180,8360
e0c20900-fb8e-49fa-9240-a1d4fc7d4314,25/12/2023,Monday,Cosmetics,2,4866,9732
e5279e30-f973-47b0-8692-69c7f340b9b8,11/05/2023,Thursday,Toys,5,3793,18965
c5580b45-787b-469a-895e-77d2e1c5ccc9,15/10/2023,Sunday,Toys,1,568,568
ab38ed28-d867-4bd6-bd9b-a628a35e9fe3,23/09/2023,Saturday,Clothing,3,318,954
e657e989-9f96-439e-952e-036cf785d653,11/06/2023,Sunday,Clothing,3,4783,14349
5f9b6f38-8e6e-4b1e-b318-f24659092160,28/03/2023,Tuesday,Electronics,2,4235,8470
83be9b9b-2788-4a5d-bf84-7ef721f3e428,24/02/2023,Friday,Furniture,2,1438,2876
c4f90afc-df83-434b-9e78-131dbe655847,15/10/2023,Sunday,Furniture,5,1744,8720
a851c24e-7585-452d-82a1-880b18eb1b08,27/06/2023,Tuesday,Clothing,4,3323,13292
08a2e80a-6c3a-486a-9d92-14c311e9a381,15/12/2023,Friday,Toys,1,1439,1439
2cee9dbe-15af-4d21-bb3e-246f2710d658,08/01/2023,Sunday,Clothing,4,3915,15660
273e5752-f1ce-4762-8890-04cab579fe61,17/11/2023,Friday,Toys,4,3079,12316
405598c4-265b-4004-b0a2-63d66dcfabcf,09/11/2023,Thursday,Toys,2,2385,4770
a4e58377-e1ce-48ff-bb28-220c72cff5dd,04/09/2023,Monday,Clothing,2,3724,7448
cb3f17a6-d01d-439b-b11f-5a13703c9eba,19/11/2023,Sunday,Groceries,2,4626,9252
8409a884-edf8-42ef-973c-be64b3d6ce32,12/09/2023,Tuesday,Furniture,4,550,2200
7affc586-1b68-4618-b9e1-ac4518552416,24/11/2023,Friday,Cosmetics,1,1711,1711
187a9a45-e645-4b95-b689-574da4f547ed,23/02/2023,Thursday,Toys,2,2149,4298
8a3e2346-a27c-4768-b35a-3301baa64a69,06/09/2023,Wednesday,Toys,3,152,456
24b604a7-5247-400e-8dc7-8c00c6e3277b,27/08/2023,Sunday,Groceries,1,2796,2796
f6904184-38d7-4c70-8a6c-54fa67e932f6,17/08/2023,Thursday,Cosmetics,3,3326,9978
b78c535b-3a81-4a99-84ea-6d272aaafb33,08/03/2023,Wednesday,Electronics,1,3135,3135
acc0531e-d4cb-4561-8968-d94544cdb07c,20/02/2023,Monday,Groceries,2,3587,7174
367ce454-ddb9-409a-9eb4-c3345077ef5c,07/04/2023,Friday,Cosmetics,5,1377,6885
208ce8bb-c460-461c-8918-c31c0ba384a3,02/04/2023,Sunday,Groceries,2,2524,5048
5104dce1-2bfd-43af-9e9a-ed35dc63cad9,21/09/2023,Thursday,Toys,4,1729,6916
ca235971-a097-407d-9d84-ad6d5d67d3e8,18/10/2023,Wednesday,Furniture,4,3796,15184
370b49ca-bc3d-43b4-bd28-1a70f15581e9,06/04/2023,Thursday,Groceries,1,2612,2612
e21dfb7e-1826-4098-8f27-2a68cac2f98c,29/03/2023,Wednesday,Electronics,4,4213,16852
66b33ecc-3a6b-429d-ae9d-ba4cfefab573,19/03/2023,Sunday,Clothing,2,3367,6734
78fca1b6-6fc5-4caa-809a-a4e1a98ce945,15/10/2023,Sunday,Cosmetics,3,2486,7458
309ca138-37fb-4f91-9007-6a70a3116f34,30/04/2023,Sunday,Groceries,2,357,714
67ecf546-04ea-4338-9217-a2bc5118d15b,29/10/2023,Sunday,Groceries,1,4046,4046
0df60b78-df6f-40f8-a83b-3cfe6177d4a8,14/06/2023,Wednesday,Electronics,4,1139,4556
3d321811-765a-46b8-8ebe-d1447e856563,01/07/2023,Saturday,Furniture,3,4605,13815
138d9eb8-5277-4999-b8c0-c32605848f1c,11/08/2023,Friday,Groceries,5,2444,12220
8789323d-2330-4bb0-83aa-29999ade56c3,07/11/2023,Tuesday,Groceries,3,4054,12162
cb7fb8ab-5acc-4e55-8ee6-11750fbed812,07/01/2023,Saturday,Furniture,3,716,2148
5cd6b8f1-01ce-4650-873b-114e44eb0a4f,26/11/2023,Sunday,Electronics,2,4213,8426
40d92178-8a00-4119-b1d4-4b70073ebd33,20/09/2023,Wednesday,Cosmetics,5,2284,11420
4aa9337e-9ce6-4b3d-aa7c-b0392cd394a6,10/06/2023,Saturday,Cosmetics,1,1286,1286
ee1a5292-0486-41b4-a46a-830e31ac47c5,31/05/2023,Wednesday,Groceries,1,1673,1673
0b12c032-7049-4ec1-8373-3b340f783662,26/03/2023,Sunday,Furniture,3,1424,4272
84aa679c-01b3-40b2-9ec3-3b020778a922,27/05/2023,Saturday,Groceries,3,3361,10083
f788ab26-57fa-4a02-bb62-d61e83687af3,22/04/2023,Saturday,Clothing,4,226,904
f0258ce3-4972-4e4d-be8d-7d917ad8bcbf,05/02/2023,Sunday,Cosmetics,5,1403,7015
1cd7d397-7ec0-4da5-a24a-f04688bac1d0,12/10/2023,Thursday,Toys,3,2978,8934
6acb0eca-8730-4cc5-b4be-27f1ca738e8f,07/07/2023,Friday,Clothing,4,675,2700
38e65698-5715-466f-9f7e-9095ade7cdeb,23/03/2023,Thursday,Groceries,5,2704,13520
4c3076cd-b796-4b72-b817-a27700ab5737,02/01/2023,Monday,Electronics,1,3658,3658
2b984df0-488b-49ee-bef2-468b3bbeecb3,30/10/2023,Monday,Cosmetics,4,3765,15060
70e51580-75a8-4a78-afb8-baf89153a8f9,16/07/2023,Sunday,Toys,5,4324,21620
e38de9c0-0f0e-4e70-b0df-913d335377f8,11/01/2023,Wednesday,Clothing,4,444,1776
0107b194-0c98-4593-b86a-a4f8d5e2b357,22/08/2023,Tuesday,Cosmetics,3,1218,3654
270a8cbb-a49a-42dc-9c5c-fc49c14807dd,14/07/2023,Friday,Furniture,2,247,494
3fb3da8a-c8c2-4dc3-8a92-7a2c661e9abf,29/04/2023,Saturday,Electronics,1,1018,1018
750454b2-0b71-4bb6-b269-bfb9b234c100,20/01/2023,Friday,Clothing,3,3958,11874
87ec72bc-d084-4d13-92ab-2988a3057a06,18/09/2023,Monday,Furniture,3,3205,9615
18f7e9c6-6a23-4135-90d8-43759c429bba,20/10/2023,Friday,Groceries,5,4814,24070
a16d4862-8970-47bf-8a7c-92f2d7f1239d,13/09/2023,Wednesday,Furniture,4,2554,10216
7e38dbd9-40c2-4173-91bd-5b8fa3e0dcbd,10/08/2023,Thursday,Clothing,1,1326,1326
5e5c8115-5a69-4434-a280-158088e3b73e,14/08/2023,Monday,Clothing,3,4217,12651
636f2dc8-0ab4-418f-bf49-e7a6e6d30c3a,22/02/2023,Wednesday,Groceries,5,4368,21840
42baa6bb-bcfb-477f-a00c-7a419df7e003,21/12/2023,Thursday,Furniture,1,1319,1319
b1f2c0b6-96e2-4b96-a070-3d863c01f773,08/12/2023,Friday,Furniture,4,1414,5656
096f74fb-7eae-4346-bad5-08a3c8367760,30/12/2023,Saturday,Groceries,3,973,2919
bff0b237-901f-4b4a-9f93-c3afb3f6eeeb,07/10/2023,Saturday,Furniture,3,520,1560
7befcebe-af11-47fa-be16-32ff3857d4b1,22/03/2023,Wednesday,Cosmetics,3,3066,9198
0c385a67-542b-4102-a60f-9135c822610d,21/07/2023,Friday,Groceries,1,2104,2104
e8a192da-ccc0-4ce6-a944-c442bd9c9934,07/06/2023,Wednesday,Electronics,1,4333,4333
6c756f40-4546-4d87-89be-4a2751e707f4,30/04/2023,Sunday,Clothing,1,2101,2101
b63ddb62-033d-43ba-831f-f7ff960d4d6c,28/02/2023,Tuesday,Electronics,1,3004,3004
671a066c-9e25-4964-8f95-776f0a4c6b8e,03/08/2023,Thursday,Cosmetics,5,1198,5990
7ef3114c-63b1-4dee-acd1-4068b3947b96,08/05/2023,Monday,Cosmetics,2,3136,6272
a95a1f82-b39e-433e-929c-a85ff845b4cd,12/08/2023,Saturday,Toys,5,1009,5045
536d5092-e72d-45b9-a9f0-7b25399069af,28/07/2023,Friday,Toys,3,679,2037
615d16e5-ed55-478d-b239-c2b76d146d6e,25/04/2023,Tuesday,Toys,5,824,4120
f66b78a6-745c-499a-8d8a-1675e3f28053,28/07/2023,Friday,Groceries,4,409,1636
dc8cb677-351a-4c7d-94d7-e48369e13005,14/01/2023,Saturday,Furniture,1,567,567
3b3764c2-fec1-42bf-864d-55a7b99ef5d6,09/01/2023,Monday,Cosmetics,4,1393,5572
494d939b-0a51-4e22-889c-d0eff6c17661,09/02/2023,Thursday,Electronics,4,2019,8076
43e2aaa5-1171-4067-a97c-ce9e263a6482,25/08/2023,Friday,Electronics,3,3277,9831
c368a264-019e-4acb-9bc3-0a408f818c16,08/10/2023,Sunday,Electronics,1,2949,2949
851da2b3-3c8f-42d7-a26c-0c58c86a4897,25/12/2023,Monday,Electronics,4,984,3936
b2dc1f5c-513f-4b8c-80fa-a317027cb914,20/07/2023,Thursday,Toys,3,2036,6108
c21a6f72-3ca4-4876-8ca3-da745892880a,03/09/2023,Sunday,Electronics,1,426,426
46761aa1-0230-4f12-a5ee-45a0f161525a,05/10/2023,Thursday,Furniture,2,3610,7220
4c023b1b-e7be-45b2-af8c-b353349f22a2,23/08/2023,Wednesday,Toys,3,1824,5472
fdb989f9-3e03-46f9-ba3f-a12df45a9693,04/01/2023,Wednesday,Electronics,5,1555,7775
5dabe176-885f-4a6b-8307-95e22b4fddc4,03/06/2023,Saturday,Groceries,1,2704,2704
5d7e70dd-462d-46a3-aa89-2279de2180d9,29/01/2023,Sunday,Clothing,4,1060,4240
c377cd60-55ed-4e09-a0fe-43dd65958c0b,19/04/2023,Wednesday,Clothing,4,3527,14108
8edb2dc5-1f0f-46e1-917e-6c39bb58168a,08/04/2023,Saturday,Clothing,5,1280,6400
4a8ffc79-53c4-43d3-a5c2-ee88c18421b9,03/08/2023,Thursday,Toys,5,1227,6135
7dcbe667-1cc8-4645-9c12-9b3cffff29a0,20/10/2023,Friday,Electronics,4,3907,15628
17908ec0-f6cb-4d53-ab19-206ab4bc36c0,16/03/2023,Thursday,Cosmetics,1,2145,2145
b2069360-718e-4158-b0ec-e3731ea4d08b,22/11/2023,Wednesday,Cosmetics,3,1722,5166
1ea80f9e-86c4-4e9f-9d13-b4ad4055e625,26/05/2023,Friday,Cosmetics,5,1978,9890
9f860839-fa85-4f57-9a46-63efa5e3760b,08/05/2023,Monday,Toys,5,3889,19445
ecc53b26-dff0-4208-ae05-07ba11185b4c,07/12/2023,Thursday,Furniture,5,3228,16140
40b5485e-c41c-4584-8176-259b83a78dde,11/02/2023,Saturday,Groceries,2,4318,8636
04e1db8a-00a3-4bcb-bf3f-7a3fa15f4c4c,22/12/2023,Friday,Groceries,1,2603,2603
c8106fe7-4c83-489d-b305-a654e8c9fe23,10/02/2023,Friday,Clothing,1,2495,2495
73f06f21-8a3e-4a41-aaaf-7b7a8148f891,03/02/2023,Friday,Clothing,1,4439,4439
37595565-4757-4aeb-888a-70fd346a884f,17/01/2023,Tuesday,Cosmetics,1,601,601
b1cf3136-546e-4002-953a-76f69b9e57a9,14/06/2023,Wednesday,Cosmetics,1,2947,2947
ef8a608e-589c-45d3-aae7-da1a8343930e,02/06/2023,Friday,Clothing,4,1089,4356
2929bf59-44ac-4199-9ed9-514656375ed3,17/03/2023,Friday,Electronics,5,934,4670
0140a0dd-544e-4ab9-8d71-0e96c928f4d7,28/03/2023,Tuesday,Furniture,4,3101,12404
338826d0-97b4-451d-b26c-b3ba67d7480e,27/04/2023,Thursday,Furniture,2,4279,8558
9d20585f-a4ef-4eb3-a19b-b1bf1274408e,28/12/2023,Thursday,Furniture,3,4916,14748
cd83f4a2-94b7-4f0f-ab1e-5fbdb67f3c3c,08/12/2023,Friday,Furniture,5,3647,18235
a95cf01a-90bf-4890-8688-f550a0c044d9,27/01/2023,Friday,Clothing,2,2605,5210
308a4867-1afa-4813-981c-b7c6dc210030,09/11/2023,Thursday,Groceries,4,1139,4556
da5330cf-2a30-4c41-a415-107b22d9aadc,14/10/2023,Saturday,Clothing,3,4625,13875
8eb06db2-d30f-4a08-a2b4-ebce7616cb29,14/05/2023,Sunday,Furniture,2,508,1016
01e51508-7216-4d93-be3a-47dbc8c17976,07/08/2023,Monday,Clothing,3,4771,14313
f84ef162-e117-4b54-b24d-a674767d932d,17/06/2023,Saturday,Furniture,2,4304,8608
546d8fd5-a6c1-4531-98a4-b8945573ac89,08/04/2023,Saturday,Toys,4,2057,8228
4be7ef05-fff5-45a4-a705-fef25f29dbfd,25/09/2023,Monday,Cosmetics,3,1970,5910
d90764ee-fe39-4bd7-a6b0-f6816e5ff88c,25/08/2023,Friday,Groceries,2,4577,9154
02c1f401-ba02-49a0-be6c-e37c2eb6a297,05/11/2023,Sunday,Toys,4,1053,4212
5cf924d5-ea06-4671-8e64-c90164b29a05,22/06/2023,Thursday,Electronics,5,3133,15665
48fc62b5-8d08-42c1-a323-6937832d603f,09/07/2023,Sunday,Clothing,4,2164,8656
7fa98c2b-8211-4339-9804-969ec4277299,02/05/2023,Tuesday,Electronics,4,2639,10556
00c863f8-88c2-450a-b4a7-2da098c5e48f,15/02/2023,Wednesday,Clothing,5,2193,10965
e81994d3-8a9e-4119-81ad-204dbc78eea6,05/03/2023,Sunday,Cosmetics,4,4360,17440
fa739cb4-aa36-4d3e-bc60-afaf39c52a50,10/05/2023,Wednesday,Toys,5,2291,11455
19f95943-07ec-412c-9006-dfb464690a14,06/11/2023,Monday,Cosmetics,5,2136,10680
f2204f69-701e-41ca-b0d0-98b47945e077,29/12/2023,Friday,Furniture,5,988,4940
d5517a99-8324-46a6-ab4d-58e915fd891a,12/07/2023,Wednesday,Cosmetics,2,4351,8702
44f96f6c-0c57-4837-a877-4f90632cb85b,03/11/2023,Friday,Cosmetics,3,4020,12060
4d052fd4-4c44-4e4b-9eeb-5b318993ad78,30/06/2023,Friday,Furniture,2,4049,8098
9bab8093-7fb3-46ea-b774-5fa3b7445009,19/10/2023,Thursday,Clothing,5,4700,23500
c16e379a-7943-4250-820e-9db93bb0d511,09/10/2023,Monday,Furniture,3,3458,10374
70b5c649-5566-4d53-920c-f1a38ea2db5e,29/01/2023,Sunday,Toys,3,820,2460
2c8b54e6-4ed9-4b09-bfb2-214d8c956bdf,29/05/2023,Monday,Cosmetics,5,298,1490
4f52a1c7-0531-444d-8528-0a0799dac5c8,24/09/2023,Sunday,Furniture,3,422,1266
5d1e4a14-0027-4d14-abf4-0d617325b47b,23/10/2023,Monday,Cosmetics,3,2976,8928
7684e5cc-fa44-4ad9-b45b-93f1984adf4f,11/01/2023,Wednesday,Toys,2,3907,7814
1ad508ea-322d-45af-8583-05bd3e00d439,13/06/2023,Tuesday,Electronics,3,4980,14940
d70a49da-92d2-43cb-b63d-73db31fe2258,23/04/2023,Sunday,Toys,5,751,3755
bb303616-d25d-4f17-8268-b466603b33cc,06/07/2023,Thursday,Groceries,1,2235,2235
90557c17-3ea2-482b-b50f-f5ac5261ff58,22/10/2023,Sunday,Groceries,1,991,991
cab0431d-b17a-479d-8229-93655a915b38,20/08/2023,Sunday,Groceries,1,3964,3964
04514a51-ea19-4fbf-9ce1-993478ca8794,15/08/2023,Tuesday,Cosmetics,5,843,4215
35c045f7-0e88-4e7e-a0f7-ef76e4e41f9e,06/11/2023,Monday,Clothing,1,727,727
619930dd-7c04-47bb-aa1d-7a4e9b1c07e2,08/04/2023,Saturday,Clothing,2,1611,3222
21514c68-2893-467f-b427-4ecc5ca52e12,24/02/2023,Friday,Clothing,5,4103,20515
6f8caae7-f71b-4132-83d5-674f050d206f,21/04/2023,Friday,Cosmetics,5,502,2510
a34adce8-05f0-422a-a6ae-2e3bb7f17e6f,01/06/2023,Thursday,Toys,5,2516,12580
0c2d6854-e344-48f7-bbc4-44957b114044,03/09/2023,Sunday,Clothing,3,3706,11118
11230fea-ba75-46c3-ae5b-767c3f889bd2,10/03/2023,Friday,Electronics,3,4196,12588
da88dacd-8b2d-444c-ada5-7c56c26af320,08/11/2023,Wednesday,Groceries,3,3804,11412
79435a15-480c-4c06-88b8-88f87e212188,16/10/2023,Monday,Toys,4,259,1036
5cf303ba-5167-4cae-9741-9847ec405321,07/09/2023,Thursday,Groceries,2,1976,3952
7bb07c26-9cbf-46e9-ac04-cc702193d2b4,05/02/2023,Sunday,Clothing,5,4995,24975
0fb1b1ab-a80d-48c5-b691-79983ffd3ec8,27/08/2023,Sunday,Toys,5,4016,20080
7a5c1955-8384-46d3-9782-460852bec794,28/05/2023,Sunday,Furniture,3,1927,5781
56c4542b-8f5a-410f-916b-38c0d7bcc714,15/08/2023,Tuesday,Electronics,5,676,3380
f2ae6aef-3af1-4526-a586-b21b177e8b94,01/09/2023,Friday,Clothing,5,2776,13880
48d88052-9e73-46c0-86cb-0f8e9c043a9e,03/12/2023,Sunday,Clothing,1,1508,1508
281477b4-aa28-423c-bcef-063df3a5025a,31/12/2023,Sunday,Electronics,5,2874,14370
6b8c93a4-5613-46c0-b885-c7401b2c39a0,20/07/2023,Thursday,Electronics,4,1300,5200
dc0fabea-3b77-4b63-8dd2-93a9dc54503d,03/06/2023,Saturday,Furniture,3,4808,14424
d0506f21-2074-4048-9ce2-4820bf51420d,14/03/2023,Tuesday,Clothing,2,4413,8826
adadeb27-1ae9-43c3-a436-18115d498d23,20/07/2023,Thursday,Cosmetics,2,2213,4426
cc05d7fc-739f-4cb7-9601-9689cc3d6568,23/10/2023,Monday,Clothing,1,1673,1673
3c5ccec9-a3a7-4f03-8acb-65903da8286f,17/01/2023,Tuesday,Groceries,2,1903,3806
733a67ec-6a45-447b-aac1-d7498c6fe00a,09/05/2023,Tuesday,Toys,2,803,1606
5074039d-0f1a-483e-ae46-5ebb530e2b28,05/08/2023,Saturday,Toys,3,1918,5754
676c7eb6-2f0c-48db-b7e2-13bd085ed335,02/03/2023,Thursday,Groceries,3,231,693
b60230e7-68fe-40b4-88fb-5c1441792763,14/04/2023,Friday,Toys,4,1563,6252
50194d9d-edb1-41b9-b292-88f9159a1ccd,11/02/2023,Saturday,Electronics,1,952,952
4275e7a0-83f9-4f2b-827e-19b56a0fe24f,25/01/2023,Wednesday,Toys,2,3394,6788
52de0c06-37c4-417a-ad80-ed273e66f795,08/02/2023,Wednesday,Toys,4,3503,14012
1096dbb2-972a-4b6f-a237-62b6c73bfd8d,18/10/2023,Wednesday,Groceries,1,3657,3657
baa126f5-8fef-4208-88ca-6d7eb8d52f1f,11/05/2023,Thursday,Furniture,2,2606,5212
54bcceaf-dcf2-461a-98a3-a5e122202969,17/08/2023,Thursday,Toys,2,2189,4378
b19b4a3e-b095-4beb-9648-5ad12922aedc,18/04/2023,Tuesday,Cosmetics,3,4294,12882
9d84ca51-ea29-4b05-b3be-f2a71ad35366,21/06/2023,Wednesday,Toys,5,2214,11070
5d75eeb2-5521-4ad9-a7c1-3ae5e4081d5d,12/04/2023,Wednesday,Furniture,1,2662,2662
155aa279-fbf8-41c1-a790-83bb2fd9a230,20/12/2023,Wednesday,Groceries,2,2071,4142
fc1b33b9-2404-45d0-af41-bfbab2755aa6,12/01/2023,Thursday,Furniture,1,2871,2871
959f624f-2161-47cc-a991-8adfbfc6869f,02/10/2023,Monday,Groceries,4,2331,9324
9cfaf10b-8c28-4787-b99d-943a790875c2,11/04/2023,Tuesday,Electronics,4,1620,6480
d2ceb267-2754-45b0-b580-07c0ae54ecb6,13/02/2023,Monday,Groceries,5,2022,10110
c01a4211-a460-459a-9110-6adc3fc8d6b0,01/11/2023,Wednesday,Electronics,2,4036,8072
65bf6d49-e810-4f48-b64d-2279d75f6a4f,17/01/2023,Tuesday,Electronics,3,2294,6882
0e64f3a0-e5fa-45e0-8813-6c0f0ad5140f,26/11/2023,Sunday,Groceries,2,2492,4984
304dad90-9638-4850-b27d-418ef2fb3f75,26/02/2023,Sunday,Cosmetics,1,763,763
b8c726b4-43de-4edb-aad3-f9361f19a1f7,07/11/2023,Tuesday,Clothing,4,3595,14380
9c428a1d-4814-444e-a9db-4ec29e0f92da,30/10/2023,Monday,Groceries,1,272,272
38afc826-939b-4318-9f5b-4fd3d87828d9,12/01/2023,Thursday,Toys,5,913,4565
2525c285-7f35-4e75-9a0e-4053ac9a5d62,14/11/2023,Tuesday,Cosmetics,4,4675,18700
156a8207-72ac-4d96-a03b-889fd21f51d9,21/03/2023,Tuesday,Cosmetics,3,1475,4425
87bdb601-9972-4e92-ae9c-b0edfba10995,04/08/2023,Friday,Toys,4,2354,9416
df776e24-6ed8-412a-b9d3-6a5aa81146d3,05/12/2023,Tuesday,Clothing,2,703,1406
9b0fb136-a0d1-4d9e-861d-ce184fa96503,21/09/2023,Thursday,Cosmetics,2,1209,2418
2f48300f-c117-430d-bdee-3c5d7c60dc74,29/05/2023,Monday,Electronics,4,1892,7568
f8cd02eb-cd17-446c-8b5f-b2e32fea73bf,22/03/2023,Wednesday,Clothing,5,493,2465
a5cd69e3-586d-4216-b8e2-c2fa263b07f8,03/08/2023,Thursday,Toys,2,2515,5030
e2bc3188-5ffa-4e6a-8164-392a4edc0998,17/07/2023,Monday,Clothing,2,4719,9438
d22bc266-23b6-431f-ab0a-d9da0957ddf1,19/07/2023,Wednesday,Groceries,3,4486,13458
15ea27c6-a958-46fd-9149-68f44dd5a5d0,25/01/2023,Wednesday,Clothing,4,2907,11628
886f6719-e379-4e42-a695-ab75525578a0,30/03/2023,Thursday,Electronics,2,1330,2660
39db92f3-ce1d-4488-bbdd-bee5a5fcead7,25/09/2023,Monday,Groceries,5,3089,15445
ce23999e-fa16-4223-8978-4e01f1173ede,23/05/2023,Tuesday,Furniture,1,3845,3845
c288ce45-3014-4242-a0b2-775a7841d271,28/02/2023,Tuesday,Toys,4,3687,14748
353041b8-602d-4e03-aa3c-fccb0d2bc618,31/12/2023,Sunday,Toys,3,3808,11424
6b8a297e-dc26-40d3-b5a6-7a936ef46cad,26/01/2023,Thursday,Clothing,2,149,298
a2d6a24b-5e63-40ee-9bb3-0bd0a15396c6,16/02/2023,Thursday,Cosmetics,5,2136,10680
3b606cab-b098-45d0-ae95-5f679e0d0345,15/10/2023,Sunday,Groceries,4,2360,9440
c391a24f-150f-4fea-bc3c-3b99dc04c328,23/09/2023,Saturday,Furniture,5,4295,21475
615e781c-721c-45fd-992c-115ad0b50370,16/01/2023,Monday,Groceries,5,2787,13935
0465b880-20ee-43a5-93c3-9dba888530bf,18/07/2023,Tuesday,Toys,3,1657,4971
5b71c6dd-4f2a-40f2-99cb-bcca1997d50f,09/10/2023,Monday,Groceries,4,3003,12012
809cc6ff-9cd0-4ab1-98bc-fd6263530077,27/03/2023,Monday,Furniture,2,4031,8062
ab347f08-c2b3-4c81-a671-b9d19a58f190,07/09/2023,Thursday,Cosmetics,3,3244,9732
1242fb02-bd63-49ea-8948-abcd79b92ec9,27/09/2023,Wednesday,Clothing,2,4389,8778
f859d781-9920-4ca3-8581-34b36bc995de,01/12/2023,Friday,Electronics,1,4732,4732
dfc0ebeb-8710-4e7d-a734-e60c136acfc5,27/04/2023,Thursday,Groceries,5,3142,15710
eb76b1b7-a1e2-4d68-89e0-c4cb565c5523,07/01/2023,Saturday,Electronics,1,3012,3012
243ac2e2-59fb-4f50-a581-8acfea6c8cf3,17/05/2023,Wednesday,Toys,5,2712,13560
5a858b04-f41b-4d0f-9e02-15d455d947a4,25/06/2023,Sunday,Clothing,3,905,2715
3ca2d1f6-195a-4f71-940f-e5cb2690f806,24/11/2023,Friday,Clothing,2,2196,4392
e7ec7eee-4105-440d-ac96-c36da1132cd0,11/11/2023,Saturday,Groceries,2,4975,9950
dee8621f-8d73-46ea-9326-36821b7dd469,03/08/2023,Thursday,Cosmetics,3,1436,4308
d9608355-e61b-49be-838a-a085c0df61fe,23/03/2023,Thursday,Clothing,4,1766,7064
58302a80-be52-4cc2-ad7e-e3d5f48483a5,11/08/2023,Friday,Groceries,1,4201,4201
d7bfae06-e609-4ff3-ab57-26e58ec2e591,13/04/2023,Thursday,Groceries,1,1775,1775
6a33241c-65cb-4c2b-80be-c00a518259a6,30/09/2023,Saturday,Electronics,2,2003,4006
3e019654-1a91-4085-b6ef-ce154cba2635,14/01/2023,Saturday,Clothing,2,234,468
a6ad55b6-f6a9-48ea-9bba-d604deb8cf97,08/06/2023,Thursday,Groceries,2,571,1142
64eecc0b-3dc2-4287-8001-88e77b64ecce,01/06/2023,Thursday,Electronics,3,2361,7083
a9747f61-d0ec-4b7c-bf66-b4f10e07ca1b,18/04/2023,Tuesday,Furniture,4,1298,5192
cdc2c46d-ff2d-4977-805d-414b8691faca,07/07/2023,Friday,Electronics,1,1708,1708
129f8a83-d25d-4480-b9c5-5923468f4882,28/10/2023,Saturday,Electronics,5,1052,5260
13579115-7994-4355-8855-f1d23f014bc4,08/04/2023,Saturday,Groceries,3,3277,9831
5e097dbc-5656-4b09-9708-b10703517d63,11/05/2023,Thursday,Toys,1,3188,3188
edf301cc-bd8a-47a1-94de-4b8e3c84ba9f,20/10/2023,Friday,Toys,4,1978,7912
88e2fe39-9935-439f-b9c1-eac225e0c524,20/06/2023,Tuesday,Cosmetics,3,443,1329
f42ff9e3-0e4e-4d38-b94f-e091be9cb757,02/07/2023,Sunday,Toys,1,1667,1667
6a66d759-7a19-489f-9714-42cef650476c,30/12/2023,Saturday,Electronics,3,3691,11073
e11de994-a083-44bc-97f7-b183b8ddfffe,08/02/2023,Wednesday,Cosmetics,1,710,710
fb6e52c0-94df-4f1f-a580-cd126ca943d8,15/01/2023,Sunday,Groceries,1,4214,4214
ec50abe8-1f3b-44b6-a2cc-6fb9ffae3404,04/01/2023,Wednesday,Clothing,4,369,1476
50babb31-2e69-4987-98b0-8acb8a7fdfb6,15/12/2023,Friday,Electronics,5,2274,11370
786e02e7-dae3-408d-a599-2f5b08b7d41c,29/07/2023,Saturday,Electronics,4,633,2532
f95a9e7e-7cc3-41d0-aa01-fa9306be5ae7,10/06/2023,Saturday,Cosmetics,1,3650,3650
f338cbf4-d77a-4f50-a1aa-eaef6d6be40a,16/01/2023,Monday,Groceries,3,631,1893
a83d6c40-b759-4fc1-b667-215879b1ecea,18/04/2023,Tuesday,Furniture,4,3746,14984
ae283ea6-427c-453b-af9d-7887177782e8,07/11/2023,Tuesday,Electronics,5,1817,9085
6bb1700b-3179-47e3-af53-950dfb9d1c19,15/08/2023,Tuesday,Furniture,1,1606,1606
09e0cedd-2702-43d5-9c58-e5b888b2f474,19/06/2023,Monday,Furniture,4,1848,7392
514c6c64-3e38-4db0-a914-8815724171d2,03/02/2023,Friday,Toys,4,4256,17024
3381e268-1154-4f71-aa61-f3519cac676e,08/09/2023,Friday,Groceries,4,1048,4192
d27bfca0-1764-4d91-962b-e2dba9f3a1f9,04/09/2023,Monday,Furniture,4,807,3228
13226246-d628-4662-be34-3e57c5f8e8ff,26/09/2023,Tuesday,Groceries,3,332,996
efdfd3b9-54ee-45fb-871e-85b4d58fc8b8,21/05/2023,Sunday,Toys,5,4946,24730
f0c3e3b2-58f9-404b-bbda-e51b46bae619,01/10/2023,Sunday,Groceries,5,180,900
f621fdd2-4b09-4ad5-b7f3-479b22e7ec8a,06/04/2023,Thursday,Electronics,1,1343,1343
cfafd525-fba6-4a14-889d-b508b6a1a2a0,15/08/2023,Tuesday,Furniture,2,110,220
d49651b0-39a4-49ec-8180-7effc6952ecf,08/02/2023,Wednesday,Groceries,3,2261,6783
cfc1dee5-b91d-401e-9544-abebf7257aba,29/10/2023,Sunday,Clothing,1,1598,1598
0755c24e-aa95-4892-847d-e6697929b3a5,29/01/2023,Sunday,Groceries,1,4417,4417
e8b45865-02ef-4604-94e2-70f490e0a799,14/11/2023,Tuesday,Furniture,4,1831,7324
67098964-df14-4271-a028-6f0894f524fa,02/09/2023,Saturday,Toys,2,87,174
5b19e59c-c1cc-43a2-bf6c-f67b8424b785,24/08/2023,Thursday,Toys,2,3681,7362
e697d170-033b-4496-a15e-bfb79b9b5a84,04/07/2023,Tuesday,Furniture,3,2714,8142
15a0a52a-356c-481d-8926-2ac63fe63f19,29/09/2023,Friday,Electronics,2,523,1046
01bee6d2-4ac6-453c-bae6-452fcd89d84b,24/08/2023,Thursday,Electronics,1,108,108
9a68cb60-fb83-4181-be08-a1173b59bef6,27/08/2023,Sunday,Toys,2,2686,5372
6c6d8a12-f767-4369-aaaa-e91362ae66a0,23/09/2023,Saturday,Toys,2,2664,5328
22ab1477-9966-492f-8aba-d92bf9765247,25/12/2023,Monday,Furniture,5,2664,13320
2272ad76-07df-4285-98e8-7e329a08dcdf,06/12/2023,Wednesday,Electronics,1,4528,4528
abe36880-7a30-4189-abec-976c2e3394c5,06/03/2023,Monday,Toys,2,1461,2922
3c1c3885-19b2-4caa-a8a9-5351ecec695b,26/06/2023,Monday,Electronics,2,134,268
e6783119-6843-4277-a8ad-27eaab9f6923,03/01/2023,Tuesday,Toys,4,1583,6332
d54c93ba-d760-4677-8516-04547d8c14ef,22/05/2023,Monday,Groceries,2,3847,7694
c9f6ac70-e7e6-4bb5-a1f6-9dcd9fcee1d3,07/06/2023,Wednesday,Clothing,2,2724,5448
4fa8ee94-2989-46a2-a719-539b9cf9b56e,20/11/2023,Monday,Cosmetics,5,2923,14615
62e9a67e-a736-4070-9857-c624d9905f3f,26/05/2023,Friday,Groceries,1,3170,3170
2297c75d-3fe2-44b0-a1da-d32304745187,20/10/2023,Friday,Cosmetics,3,1140,3420
b0068b5b-4884-4013-ab47-47854f25f451,02/06/2023,Friday,Toys,1,2884,2884
58d6828a-4448-45af-9108-fe9599f2ec5b,12/07/2023,Wednesday,Clothing,4,4274,17096
98df4117-0ea3-4982-9336-c825201b8858,14/03/2023,Tuesday,Clothing,1,2126,2126
497b085f-7295-4ce5-90c8-b752df4a152d,01/11/2023,Wednesday,Toys,2,3240,6480
dca99d94-ee01-4b53-ae97-74d193394a6e,10/12/2023,Sunday,Toys,4,4837,19348
53e00936-0ef7-405c-a204-4eeab79f07bf,20/05/2023,Saturday,Electronics,1,4278,4278
fff28c10-1725-4f3d-8192-6b2423cc074d,06/07/2023,Thursday,Toys,4,1258,5032
0123512f-7a18-4acd-90ab-0558dc37b57a,20/10/2023,Friday,Furniture,3,3627,10881
b1b9eb5f-5692-4e7a-b7cf-b32be78a6093,02/03/2023,Thursday,Toys,1,4791,4791
e74b982a-f69f-4773-bf22-fefd28da0f8c,17/07/2023,Monday,Furniture,2,2631,5262
eb14a266-42de-44fa-b7f1-f625c602001c,22/10/2023,Sunday,Toys,4,3837,15348
04d08856-7d3e-4ff9-be11-05d9fbb30398,15/11/2023,Wednesday,Electronics,5,565,2825
023f5eab-72ab-4132-83cc-deb4a46412f2,29/10/2023,Sunday,Furniture,4,2262,9048
a60700bc-a677-4c68-831e-9e7bc9402b8a,10/12/2023,Sunday,Groceries,5,3024,15120
9831ee55-4904-46ad-beae-32f01fe8bc36,11/01/2023,Wednesday,Furniture,2,982,1964
393fb779-be57-47fc-b9e7-c3d3da84f89d,03/03/2023,Friday,Electronics,3,1713,5139
19f427ae-e50a-401a-915e-e76f6149df6e,29/11/2023,Wednesday,Cosmetics,5,606,3030
ef25ace1-f0a9-4c52-820c-9f8a8fac6993,14/08/2023,Monday,Furniture,3,1721,5163
25a6ae1d-34f5-44a5-a384-b127f71342d3,02/06/2023,Friday,Toys,4,1042,4168
cf7b3eaa-7c65-4231-b247-9f3415fae250,18/07/2023,Tuesday,Toys,2,1678,3356
a6382629-ff98-4aae-acc6-dbc1811a6403,21/02/2023,Tuesday,Cosmetics,5,1741,8705
13a567e1-2289-4ddc-bad1-f3fb361fece7,17/09/2023,Sunday,Electronics,4,4902,19608
53c164e0-db94-4519-b8e9-f9b8f27d5e0d,28/02/2023,Tuesday,Clothing,1,1154,1154
2251bc0a-4461-464d-9f3e-219b105bc2a1,13/03/2023,Monday,Toys,4,1320,5280
058e8b0b-1356-4fcb-b70c-f67bed3f24b2,28/05/2023,Sunday,Groceries,3,2952,8856
711074f3-530f-4e18-8e93-dc83939d5c91,15/12/2023,Friday,Electronics,2,4794,9588
49030909-9f91-4e61-9b6c-6b24fe58d1a4,04/03/2023,Saturday,Furniture,2,1459,2918
ef068feb-e160-4f3e-8d76-f8f354bf448a,06/11/2023,Monday,Furniture,4,3696,14784
fa078b9f-136b-4841-b521-7b5c34ad45ca,31/08/2023,Thursday,Groceries,1,1380,1380
4adf4926-88b7-410f-a8bc-d4a1883c64d8,26/11/2023,Sunday,Toys,3,4773,14319
2a7ab6a2-8425-4a56-9de2-38a944d54ad9,17/04/2023,Monday,Electronics,4,2104,8416
bf5d70a0-8a24-404a-a496-62a80ee87de4,14/08/2023,Monday,Groceries,4,1003,4012
87484823-cf19-41aa-8567-b59dc0a4402e,09/11/2023,Thursday,Toys,2,1892,3784
bbcc8c10-b419-47ff-84ea-3fa8803869fd,06/08/2023,Sunday,Electronics,3,2852,8556
9c6dcf66-b282-4b2b-9d52-4698fd4f9837,29/08/2023,Tuesday,Furniture,1,59,59
b8309fbb-d01a-47ab-a036-0c52a2f52362,16/09/2023,Saturday,Electronics,2,2659,5318
dab39373-5f8c-400b-96f2-35669673cb64,19/09/2023,Tuesday,Cosmetics,4,171,684
b42ca4d5-fe79-4718-89af-f8113dabd25c,05/01/2023,Thursday,Clothing,2,4832,9664
1728c1d1-8fba-4153-92dd-b07c7eeba542,18/09/2023,Monday,Electronics,2,2610,5220
1eafa1e7-caab-4fdc-b284-ce364e451ad0,23/02/2023,Thursday,Clothing,5,3087,15435
27bf1aab-8162-4591-8ca0-70a0f702549a,16/02/2023,Thursday,Electronics,2,490,980
bb61c0c6-a7c1-4af2-870b-70af1c124c18,03/08/2023,Thursday,Clothing,2,2799,5598
22aecd13-2d9d-4872-a410-eca0e03a18b2,26/06/2023,Monday,Cosmetics,3,640,1920
d42028ff-8617-4b31-8ac6-127b33dbef52,09/01/2023,Monday,Furniture,2,1418,2836
3de92e06-3364-4d17-bb53-b4dc1e41f393,09/04/2023,Sunday,Toys,1,2039,2039
d62286e5-6e85-4b1f-a2c3-7ab21e632b2a,20/01/2023,Friday,Clothing,4,1411,5644
29f61b61-e37a-4f09-9d9c-937d7e57b039,29/08/2023,Tuesday,Cosmetics,3,3823,11469
267f2523-4f62-4f1d-99de-8784768c718c,02/03/2023,Thursday,Clothing,2,2114,4228
fe86bdb4-3479-47b6-a176-e8749c35e6d8,27/06/2023,Tuesday,Furniture,1,2465,2465
0fdc1927-f8ac-4d3d-b8ac-585ec91ad977,04/12/2023,Monday,Clothing,4,3001,12004
9b04c706-7640-47d2-afad-1d779178ec81,03/03/2023,Friday,Cosmetics,3,2818,8454
cc09e6e7-ab21-4563-b0e7-cb70f45c8afe,25/05/2023,Thursday,Cosmetics,1,3466,3466
52002006-dd2f-4e73-8b2d-1863f7eca287,04/08/2023,Friday,Groceries,2,1626,3252
56d9f7cc-5217-4fbf-96ff-1932280b7b78,03/01/2023,Tuesday,Furniture,5,164,820
8aeedc3d-f8fc-4916-8ea5-587f50a6269b,09/06/2023,Friday,Groceries,5,1418,7090
ac7c76b2-7494-4d37-958d-2bbfec00fccd,15/08/2023,Tuesday,Furniture,3,188,564
1c83b578-58c0-425c-b4fa-49f5ce561c5d,26/09/2023,Tuesday,Clothing,1,4973,4973
a9b8eb18-3ade-4fb7-9b99-0fd2b0be9915,30/04/2023,Sunday,Cosmetics,4,4991,19964
928598de-7824-4cdc-af7e-0559befad039,30/03/2023,Thursday,Groceries,1,3423,3423
fddc030d-1880-4882-bd66-1efb7798ea42,25/11/2023,Saturday,Clothing,5,1365,6825
d027fd74-a47d-408d-af9c-7801d40bbc5e,09/03/2023,Thursday,Cosmetics,3,123,369
1b9528d1-55b7-4b8f-b2ac-cafefa5ce626,23/12/2023,Saturday,Furniture,2,3896,7792
dceb1295-da11-4e02-bd9c-ffe9ada36a82,08/04/2023,Saturday,Cosmetics,1,533,533
cb13cb16-a332-4e22-bd79-93bccc33f90d,24/09/2023,Sunday,Clothing,5,4161,20805
82d56767-092e-41a3-acdd-19d056ebab92,15/04/2023,Saturday,Groceries,4,1599,6396
ae0e041b-81d8-4048-9a15-c66d8d7eed8c,19/11/2023,Sunday,Groceries,3,1409,4227
9fd0f147-1cda-4228-93b6-a7ace71622d1,03/05/2023,Wednesday,Cosmetics,2,1946,3892
dbe1383b-1c1c-494a-b31a-701cd968118b,29/01/2023,Sunday,Clothing,1,4274,4274
4d845e68-03c0-4eac-93db-64eeb6a2df99,17/05/2023,Wednesday,Electronics,4,560,2240
ada49187-5232-4a14-b34f-844cea63aa01,14/07/2023,Friday,Furniture,2,472,944
707e4a2c-d605-4a06-8f5f-4477dfd0fe0e,14/08/2023,Monday,Furniture,5,2482,12410
f26d2a8c-edba-4b99-9537-7005030780c0,28/11/2023,Tuesday,Clothing,5,1956,9780
c304b80f-7cf8-492d-9ae3-384cd77ac827,19/06/2023,Monday,Electronics,4,4377,17508
050ebaa5-5e3e-4214-8f35-09d30c725b8c,09/01/2023,Monday,Groceries,5,1008,5040
fda413e5-be20-45f3-845c-05ec827f0aa6,09/02/2023,Thursday,Toys,3,874,2622
c486d154-f5ad-4d20-99d8-269727b585a7,25/01/2023,Wednesday,Toys,4,114,456
9aa82cfc-ca33-43a6-a8a3-f995ff17fefa,18/09/2023,Monday,Clothing,5,4978,24890
50e1fc8c-7f48-473d-8311-63c21207e450,14/08/2023,Monday,Electronics,1,4760,4760
1c1ae019-cecb-4fb8-8f79-49aecaccf63c,04/05/2023,Thursday,Electronics,5,3398,16990
5dcedafd-01a8-45b8-ba64-1ab6e08d0107,07/02/2023,Tuesday,Furniture,3,850,2550
d35e9d03-7ed1-48d0-9e30-0e3a682f832d,24/11/2023,Friday,Groceries,2,327,654
7764cf6e-1231-459e-a568-41403b23bf52,08/09/2023,Friday,Cosmetics,2,1767,3534
5db0d7de-45f7-404d-b97f-c6a06e3b6e9d,25/06/2023,Sunday,Electronics,5,2463,12315
725f3b98-2b28-4c35-a8ca-80c588ad4103,31/03/2023,Friday,Cosmetics,2,1288,2576
7c18d0fa-76fa-446d-8c73-5501c1cb9c74,06/02/2023,Monday,Toys,5,4573,22865
3eec72cb-0e8f-4728-bcd9-f3f00ed5bf23,12/11/2023,Sunday,Cosmetics,3,1536,4608
6e7539f7-f8b8-455a-a660-7fce57a969e5,25/06/2023,Sunday,Groceries,2,4731,9462
badbe1dd-0146-44e1-8d1a-551f66e9aa4e,11/10/2023,Wednesday,Groceries,1,3348,3348
b0e7d8af-14cd-4204-9e0d-28dc1a7a4906,22/03/2023,Wednesday,Cosmetics,5,4520,22600
d7fa8347-f99d-45b3-aa5a-b778bc1a8724,24/04/2023,Monday,Clothing,2,3045,6090
5ffa2109-016f-491a-8bcb-f75d22e3d74c,09/02/2023,Thursday,Electronics,3,142,426
63329d85-961d-43fa-baf7-8eefdbb17e2f,28/10/2023,Saturday,Clothing,3,3581,10743
85be1a91-3d43-4fec-ba77-1dccd29afed0,12/08/2023,Saturday,Cosmetics,1,1890,1890
05a8d106-4faa-49b1-96b5-cc90f5e5e74a,14/11/2023,Tuesday,Electronics,3,3577,10731
a362045d-fa7d-4a74-b28b-d7e5ef945b4f,15/12/2023,Friday,Furniture,3,1671,5013
7ecd8b1b-2dbe-4382-9584-c2cb775c010b,25/04/2023,Tuesday,Clothing,2,1611,3222
b69581e7-7d71-4bcb-8789-8199d700e37d,05/07/2023,Wednesday,Clothing,5,1466,7330
60b92131-f129-45e1-8a8b-3f7198b8688b,19/11/2023,Sunday,Cosmetics,4,3014,12056
b8c1ca57-6d9a-43b2-957a-9d7a5465dd19,25/02/2023,Saturday,Toys,3,4240,12720
119bca2f-0174-433e-91e1-2036fbc43ff9,09/02/2023,Thursday,Cosmetics,3,1180,3540
7e1895c7-83a9-46db-b29e-4a0fb16da02b,20/12/2023,Wednesday,Clothing,4,1463,5852
dfa2500a-0fc2-4dca-b207-342daeb9382a,09/02/2023,Thursday,Electronics,3,3647,10941
bf75d712-3ce8-4caa-a302-9a4f27e6d1e3,13/12/2023,Wednesday,Toys,2,3794,7588
c59af64d-8551-4b00-b41b-ec3dd0fd243e,25/08/2023,Friday,Cosmetics,2,2168,4336
2b4f9b5a-4068-454c-a2b5-6a71506025bc,16/10/2023,Monday,Cosmetics,4,713,2852
bdc5988b-32d7-45ee-bd15-e74d59f443e8,19/09/2023,Tuesday,Clothing,3,2684,8052
b1b564ff-a688-40a3-89aa-a247d1705ad3,04/08/2023,Friday,Clothing,3,2824,8472
31f8dae9-173c-46df-8eea-9ad285bc1267,27/05/2023,Saturday,Furniture,5,4019,20095
e6216224-0345-4bfa-ae25-8735884bfdbc,02/12/2023,Saturday,Cosmetics,3,3540,10620
e392ea9c-a573-4681-b744-f922e6043149,17/06/2023,Saturday,Clothing,2,1621,3242
ee71fa35-f4e2-45a2-b66c-f170bd1b76a1,02/04/2023,Sunday,Groceries,1,1573,1573
72883979-4522-4218-bacf-5e9d912024bc,19/12/2023,Tuesday,Toys,1,1037,1037
92997840-ebac-4357-8d04-7abbe25c0557,28/02/2023,Tuesday,Groceries,1,3288,3288
37eec8b9-a1cf-4122-93b9-0ba21a56b487,28/02/2023,Tuesday,Toys,1,3895,3895
a96301ea-25b0-4727-ba3b-881bcd6b20c6,31/10/2023,Tuesday,Cosmetics,3,3743,11229
a979b017-e5ab-46bc-b083-f4f0ea23a202,18/06/2023,Sunday,Furniture,3,148,444
ef39226b-a20e-48d0-9656-7879f0e7376d,26/09/2023,Tuesday,Clothing,5,2338,11690
c6ff6070-9ec1-4949-bbb0-7a6a8f282695,29/12/2023,Friday,Clothing,3,1564,4692
bda92d1d-a2a8-43e0-bd86-7c3f3b055ed8,14/02/2023,Tuesday,Clothing,1,4347,4347
215bd046-1c49-40f2-9a38-d2461c104d70,11/12/2023,Monday,Cosmetics,4,683,2732
92b13269-c00c-4fe6-86c6-99059a37c178,30/06/2023,Friday,Toys,4,4891,19564
9c7d4264-9d47-4dde-9a7a-cf4f172e0eac,19/06/2023,Monday,Clothing,2,4635,9270
ab183c58-eaee-423e-9229-553aa259b07c,22/12/2023,Friday,Groceries,2,628,1256
a36ea1d0-6b10-4bd9-9523-9c9d042f046a,10/07/2023,Monday,Clothing,3,4009,12027
278e8264-2ffc-46aa-8a03-df1f71ccb919,04/06/2023,Sunday,Cosmetics,4,322,1288
f386d354-c1b0-449f-ad4b-3d906afc998b,07/07/2023,Friday,Furniture,1,4931,4931
83a20f33-be47-4a6d-8c24-b5db4a22fac0,07/01/2023,Saturday,Groceries,1,4004,4004
68c75e1b-2a00-4821-8454-9a0d76f90736,13/05/2023,Saturday,Clothing,1,3977,3977
e60840f9-e3a7-49ba-9b3b-9aab7615e469,23/08/2023,Wednesday,Clothing,3,502,1506
1f9c73f7-68c6-4b60-a248-faa557c579a4,14/02/2023,Tuesday,Electronics,3,1225,3675
35f15821-fbe1-4290-aabd-6389b0c4b70b,10/11/2023,Friday,Toys,5,4961,24805
6835a05c-49b0-4b47-95cf-8768d8b0a167,06/09/2023,Wednesday,Groceries,1,463,463
23881704-35ba-4713-95d4-13449aa622fe,31/01/2023,Tuesday,Electronics,1,1600,1600
93ea96e6-3ec4-414a-aae8-ba5b8a06a886,23/01/2023,Monday,Furniture,3,4576,13728
7e5bd965-cb68-4dc0-8606-4650f9b12274,09/06/2023,Friday,Toys,3,1996,5988
1cc43425-fdec-4f6e-b900-b8c8db518b62,29/12/2023,Friday,Groceries,5,241,1205
da6ff5c3-6f96-40e8-9c38-e1b0e10faaf8,07/06/2023,Wednesday,Clothing,5,90,450
afcc46b0-d83f-4f9f-9e59-416085e443bd,08/02/2023,Wednesday,Groceries,2,1909,3818
77bf6c96-5326-475a-a934-e8893eb02450,23/03/2023,Thursday,Clothing,4,1382,5528
2639d5a9-86f2-4594-bfcf-4c501f339c32,22/12/2023,Friday,Toys,1,3499,3499
a143f7ae-ecaf-4109-9c7d-110115e14616,15/09/2023,Friday,Clothing,1,185,185
149e99c1-3753-464b-b2c3-534f514c69be,25/07/2023,Tuesday,Furniture,5,4251,21255
494ff388-305c-41c6-99e7-d498973e19c7,18/03/2023,Saturday,Cosmetics,5,4664,23320
5bfaa053-a43f-457b-81cd-94c8d16bff0e,12/01/2023,Thursday,Clothing,2,1991,3982
f6ef6de6-3f36-4f92-8305-db811b86dffb,22/10/2023,Sunday,Furniture,4,1615,6460
cb7fa870-b6e1-41ea-9357-e5f3a4c41bf2,12/08/2023,Saturday,Cosmetics,2,4271,8542
7dc888e8-229f-4079-9dd1-d69bfc035b25,13/01/2023,Friday,Toys,4,438,1752
661aeea1-ed13-47c6-87db-e0c7a5adc8c0,15/02/2023,Wednesday,Toys,1,1608,1608
51633a57-c1c8-4d4e-9806-6ebe6b4eb98a,04/06/2023,Sunday,Groceries,2,2171,4342
b114f3dd-d857-43e3-bc51-4b4b746dd637,23/04/2023,Sunday,Furniture,5,1078,5390
66691df6-71ff-4990-8aff-105ee856d8c1,21/08/2023,Monday,Furniture,2,3584,7168
4794b360-f753-4f2c-8e13-5231e50b5184,17/01/2023,Tuesday,Electronics,2,131,262
3dcfd1af-7712-4263-ae43-2e12c0ebe948,26/12/2023,Tuesday,Electronics,1,825,825
863e2f47-dba9-4cde-a0b7-02da8a0a1a97,11/08/2023,Friday,Cosmetics,5,3088,15440
0233c441-6a49-48a6-b9b2-9b108304c14a,20/12/2023,Wednesday,Cosmetics,5,4423,22115
08cd41be-040c-4e98-9af9-dbce5ca772ae,07/07/2023,Friday,Electronics,3,2937,8811
04e014d2-6b74-43b9-b46a-53e0c8ddddd3,10/12/2023,Sunday,Cosmetics,3,1928,5784
f359fafd-6e29-431d-8e07-87e78bd2e9be,31/12/2023,Sunday,Clothing,3,2321,6963
75311ca0-04ca-4809-a0f6-1edbbc1649dd,12/06/2023,Monday,Electronics,1,1657,1657
944baa43-f0c5-4cf7-86aa-5a1a63d96e80,22/11/2023,Wednesday,Furniture,2,3189,6378
f0be59ee-3591-4290-b625-0b742758ef1e,15/03/2023,Wednesday,Clothing,5,655,3275
15faeffd-1253-4f33-9e0c-ee2c536088b8,21/08/2023,Monday,Cosmetics,5,4785,23925
0c09443f-23ad-4fe7-bf4a-c6f35cd147d5,12/08/2023,Saturday,Toys,2,3464,6928
8ff7400d-3372-4074-b073-7ab185334558,15/11/2023,Wednesday,Groceries,5,3715,18575
bfda9e05-659f-4561-86a2-52d7c20cafce,01/03/2023,Wednesday,Electronics,2,2194,4388
862781c6-f610-4ad4-a495-0264fd8e534c,01/12/2023,Friday,Toys,1,4320,4320
1dd24860-bccd-4c93-88b5-46965ca27a77,10/08/2023,Thursday,Cosmetics,1,3815,3815
a6786c5f-9773-4844-b527-c5416f735759,06/02/2023,Monday,Furniture,1,1426,1426
101d94e3-db93-4064-8cc1-52ac45d5daf1,05/10/2023,Thursday,Groceries,2,3512,7024
cf267874-6c05-4e39-bd9d-5428551c0ee3,15/07/2023,Saturday,Toys,2,397,794
8f818f2b-61d0-4d5a-bdd3-a81ac1304d6d,18/12/2023,Monday,Groceries,4,50,200
4325f394-638c-4703-878e-b695639df56e,30/08/2023,Wednesday,Electronics,5,112,560
d6b0d28d-3878-4537-8f1f-81f4820f1886,20/11/2023,Monday,Cosmetics,5,1833,9165
cd6eec4f-bc8b-4513-8366-54b6d4624f30,07/08/2023,Monday,Furniture,4,3864,15456
6296a7e2-3589-4217-8d02-183c7a295f6f,11/07/2023,Tuesday,Cosmetics,4,275,1100
3c83837f-a593-40a9-bda0-e2b61db329e9,17/01/2023,Tuesday,Groceries,1,1092,1092
b0886367-7dbb-4c24-9ebd-3aeb17d7a545,12/01/2023,Thursday,Toys,4,894,3576
b77cb371-6773-4e9d-ba05-de5bcb52d04e,12/07/2023,Wednesday,Electronics,2,2730,5460
823683b5-8316-4cff-b22f-7fb3184e7c83,22/01/2023,Sunday,Electronics,3,4169,12507
31800ef6-3765-4488-bccb-d95dfe3b5014,30/04/2023,Sunday,Cosmetics,2,1284,2568
96c2f428-d694-44d3-9d5c-a6458dabb363,29/07/2023,Saturday,Toys,4,2034,8136
5aaeee06-6cee-4c6e-b712-1c7596a95666,02/11/2023,Thursday,Toys,5,4306,21530
03c4092b-3d95-4d34-9bf4-4ac57582789d,27/09/2023,Wednesday,Groceries,2,1328,2656
9e0a5473-3cc1-427e-9639-7f080dcb54be,11/07/2023,Tuesday,Cosmetics,5,1644,8220
7f76d09a-7921-456d-ab7b-6af2ced136a6,24/06/2023,Saturday,Cosmetics,2,2601,5202
361b606c-b5d9-4d85-920c-64c14a2ec029,12/10/2023,Thursday,Clothing,5,2002,10010
35efbcee-160e-428d-8fa3-fad68d17aada,23/07/2023,Sunday,Cosmetics,2,1745,3490
d9346d8c-3c87-4d4e-ab93-772dabd2f21d,13/06/2023,Tuesday,Electronics,5,1004,5020
4f53baf3-98a7-44c0-b505-345cb6e55cc0,08/09/2023,Friday,Groceries,3,3341,10023
fb97eb19-05b1-4272-991f-f84f66c0d101,15/08/2023,Tuesday,Toys,1,406,406
c7a4fdde-e464-4732-8e7d-be6199e8e77d,07/01/2023,Saturday,Cosmetics,2,3645,7290
fa719d1f-dc0e-44eb-84f4-eeb1225fbde0,29/01/2023,Sunday,Groceries,3,1018,3054
f4bad9c7-4250-44af-8c9d-5d8fb78d9786,02/02/2023,Thursday,Cosmetics,1,291,291
049057d5-3d26-4d7e-b756-ee52dd86cd2b,14/05/2023,Sunday,Toys,2,3496,6992
5f171d90-0bab-4c2d-8647-dc1f65e87060,20/03/2023,Monday,Furniture,3,4284,12852
ecf315a6-3a41-4dcf-a703-8421f72b9b85,27/02/2023,Monday,Toys,3,2194,6582
97e8d353-9c67-439c-955c-2692a020f726,26/01/2023,Thursday,Toys,3,196,588
c07ba5e4-7284-41d0-a388-8e88f0ee169a,14/08/2023,Monday,Toys,4,592,2368
325aa84c-59d2-4107-ba37-94913055bd71,12/10/2023,Thursday,Cosmetics,5,741,3705
902b359f-e6a7-4e00-bbd0-db7f9a74ec99,04/01/2023,Wednesday,Clothing,1,1075,1075
63d6ae7f-489c-4c7d-93d4-51e64ec65a0e,09/04/2023,Sunday,Toys,5,4100,20500
0ae35be4-86d0-4456-b0a6-2ce02e238c00,08/02/2023,Wednesday,Electronics,5,4055,20275
1a0e7d71-5196-460d-912e-db7bb9f589d6,28/09/2023,Thursday,Electronics,5,3409,17045
00a25429-9fdf-4e7a-8e8d-f45f6a650a06,12/10/2023,Thursday,Groceries,3,3001,9003
f06d869a-247b-4f3a-9b92-4a7b33c09d95,06/06/2023,Tuesday,Clothing,5,779,3895
e08e82a0-6624-4ba7-86e3-d08febc2817c,16/03/2023,Thursday,Groceries,4,4549,18196
ceef0792-ddcf-49c8-b03d-94580f2d3c93,15/10/2023,Sunday,Electronics,2,2605,5210
27d2738c-2a74-4d43-a4b2-a69ff2248d8c,10/05/2023,Wednesday,Electronics,3,1200,3600
653a2401-0e72-4f93-90c5-bb1cb6bfd14e,24/06/2023,Saturday,Furniture,1,1785,1785
c332e849-6b40-4cf8-8b48-19210e97a121,25/03/2023,Saturday,Toys,2,1088,2176
981df52a-6515-4c07-87ff-501fe98ac0fe,22/01/2023,Sunday,Electronics,2,2962,5924
20a9df00-233e-4b94-8f77-7560aa432d82,27/01/2023,Friday,Cosmetics,2,4890,9780
b866d7e0-8720-4f69-85fa-909a8be30064,14/07/2023,Friday,Cosmetics,5,2590,12950
e97ccf16-ee49-4343-a334-1460a43e6b26,03/12/2023,Sunday,Groceries,5,4464,22320
97448492-396c-4b8f-9126-48f4a5dc4e9b,24/08/2023,Thursday,Groceries,3,1292,3876
dfec056a-9a99-45f7-93d8-121c3dbd41d8,02/04/2023,Sunday,Toys,5,822,4110
8a68a44a-c1ff-46d0-b03a-e9c86e92fd2e,21/01/2023,Saturday,Toys,5,1966,9830
54c6846d-cfec-4969-9f88-ffe700c995ec,30/10/2023,Monday,Furniture,5,3462,17310
ab6abf7b-6cf9-4fe3-bc38-b96afa1c6ba6,23/12/2023,Saturday,Clothing,3,2549,7647
74e4ae39-0c46-4c45-9d52-57e67233ee15,25/03/2023,Saturday,Groceries,3,3490,10470
986dcaff-b5f9-49e7-bfea-b7ef57eb26ad,19/09/2023,Tuesday,Toys,4,3595,14380
d015c5e9-5163-4667-9a99-3a76f337428f,27/05/2023,Saturday,Groceries,4,1263,5052
6eade415-6504-4bde-bd27-525f5c61c0f0,14/09/2023,Thursday,Toys,4,2981,11924
9011e890-7940-46e5-b5f0-18ba39de6821,27/02/2023,Monday,Electronics,4,468,1872
8ff7f13c-71b8-4f6b-90a4-bb9fe5c1883d,15/01/2023,Sunday,Groceries,2,3831,7662
3825d899-9394-40f6-ac1c-2ecb1ca9a739,11/06/2023,Sunday,Electronics,2,838,1676
7b9c56cf-f2dd-40d3-83db-fe84cf92a37b,12/06/2023,Monday,Groceries,4,1921,7684
f8b6f118-65e2-4b78-89c8-5ae749d05fbe,16/11/2023,Thursday,Clothing,4,4640,18560
ab07cfc5-3bf4-4847-999c-1e4e55dffd32,08/10/2023,Sunday,Furniture,1,2075,2075
74540b28-a6e4-4aeb-afab-26ce5f5df822,07/10/2023,Saturday,Cosmetics,2,2496,4992
9a0e648a-ee8f-43f1-b1fd-c7b3fdbb90f5,12/01/2023,Thursday,Cosmetics,1,4873,4873
684a6c81-ebef-4d8f-b1b0-5eb5dd59f953,01/10/2023,Sunday,Cosmetics,1,610,610
194042c8-8607-483c-ad42-22884e644ad9,28/09/2023,Thursday,Electronics,5,2701,13505
82f274e8-bb60-4d8e-8474-57e0276cd49c,27/07/2023,Thursday,Toys,3,3954,11862
7894646e-be0b-422a-9afc-077b94a754cb,27/01/2023,Friday,Cosmetics,2,589,1178
12583b56-a185-4957-9b31-a1d6b74c7d3c,13/03/2023,Monday,Clothing,4,4805,19220
1379fdd3-022f-46be-889b-f48ce4a4ae1d,01/03/2023,Wednesday,Cosmetics,4,3186,12744
e1e740b5-04b2-4166-bbe0-8387c3be8170,25/05/2023,Thursday,Groceries,3,3339,10017
4dcc8f1a-cea5-4294-9536-1bc99a7ae690,03/04/2023,Monday,Electronics,2,2660,5320
f2cdbcfc-043a-4a93-bd4c-6bbd00560496,05/11/2023,Sunday,Groceries,4,4962,19848
ff73144c-ca09-4b8d-a07a-7d79f78dd12b,08/01/2023,Sunday,Groceries,4,1994,7976
bdb9620b-441e-4cf8-b69e-4c0738cb5cb4,20/03/2023,Monday,Groceries,5,3195,15975
de761af8-6df6-4a6b-8a05-178137fe865f,27/01/2023,Friday,Furniture,1,2808,2808
e8de745b-3af7-4514-9f19-0e904e3d1894,23/06/2023,Friday,Furniture,4,3310,13240
db95ce44-5c82-432a-879c-e5d3cdc2bcd6,19/02/2023,Sunday,Toys,2,4157,8314
f6a1b2aa-53bd-4f9d-8666-5b9ad664e6ba,18/07/2023,Tuesday,Electronics,3,1945,5835
87dd8118-6a18-4c88-9333-de7b33b4acbb,15/12/2023,Friday,Clothing,5,2550,12750
6a720219-a11a-43dc-93e8-f1e63e7d9381,30/06/2023,Friday,Clothing,2,2879,5758
7186b294-c959-41aa-8312-4e72a4530b70,24/01/2023,Tuesday,Clothing,5,3923,19615
9ab3117a-2d57-4e8a-a75b-94001ce0d84e,12/11/2023,Sunday,Groceries,1,97,97
2be68dc4-1c8a-46d1-b0cf-d9f875f04a98,15/02/2023,Wednesday,Furniture,4,2414,9656
1fb6c7bc-6661-4199-ac70-75a43a520506,15/01/2023,Sunday,Electronics,2,2306,4612
53d03081-0d4c-4e21-a233-a111d924b21c,02/06/2023,Friday,Groceries,3,4722,14166
9ee6e918-09e3-4d9e-ba1e-335e3b682a7f,10/08/2023,Thursday,Furniture,1,803,803
07282563-da72-4895-91de-586cb296cfdd,25/07/2023,Tuesday,Furniture,1,2852,2852
58ec0607-6035-4bb3-bc20-190af711f936,30/09/2023,Saturday,Cosmetics,5,4699,23495
933450f9-201d-4cf2-93f0-0944d0a01fbe,24/08/2023,Thursday,Cosmetics,1,3702,3702
3c26e00c-5070-4cae-99bb-8ba93164d41c,06/12/2023,Wednesday,Electronics,2,452,904
c09b3fcd-020a-4479-a2a8-80801ce65777,16/08/2023,Wednesday,Electronics,5,2136,10680
ea645bd4-b7bc-4801-8011-f246065887b2,09/01/2023,Monday,Electronics,1,2277,2277
94900e82-cb12-4b08-bf11-2c2b8d6d8d80,15/06/2023,Thursday,Groceries,3,3460,10380
db01bbcb-08d3-4fc8-ba51-459480b545ff,15/11/2023,Wednesday,Toys,2,3040,6080
65fb7fa2-fa32-44c6-8e4a-f57cf510406c,02/08/2023,Wednesday,Electronics,3,4693,14079
be55cd8e-3ed9-405d-a545-8a6245ea8d99,27/04/2023,Thursday,Cosmetics,3,1199,3597
1887cea4-34e9-4394-b223-f34a4cbf7fc2,10/12/2023,Sunday,Toys,5,112,560
8576a3a3-4b47-4aa2-be64-b1384cac37f6,13/03/2023,Monday,Groceries,4,4989,19956
87b03343-fd8d-4a3b-bf40-347ca12c6d0d,05/03/2023,Sunday,Toys,5,3203,16015
41c8acc9-d43d-400f-af20-b32262de3d89,24/07/2023,Monday,Clothing,2,1058,2116
25bba332-a686-4978-abd7-c8704c9b2de6,28/07/2023,Friday,Toys,2,2081,4162
e13e96a8-f6f6-432c-99ce-9d73d8b29427,13/03/2023,Monday,Electronics,5,1372,6860
821fabae-eaac-43f2-a0fb-770aa2acd20c,04/10/2023,Wednesday,Groceries,4,2131,8524
7b4180cd-255d-4039-ac5e-c4a862e1b46d,01/10/2023,Sunday,Electronics,5,801,4005
3acc4a1f-61c4-4a3b-b8f5-accc1bc7b2a4,16/11/2023,Thursday,Cosmetics,2,4194,8388
33d8c02d-eb79-4060-86b1-ac3f3f142c89,04/12/2023,Monday,Clothing,4,707,2828
d39c8cb5-7ed8-4758-987d-a4e13196984f,05/04/2023,Wednesday,Cosmetics,2,1710,3420
5ab54a8e-7c79-42b7-88e5-2514cab31be5,15/06/2023,Thursday,Electronics,4,750,3000
f0af730f-e395-41c7-acf4-6792cc39ffaf,01/02/2023,Wednesday,Electronics,4,1130,4520
d2de6b49-701f-4e9e-aa89-6abc0349986f,11/01/2023,Wednesday,Electronics,5,2206,11030
cd71cb0d-ec73-4176-a0bf-f71223363d8c,28/10/2023,Saturday,Furniture,5,1590,7950
0bc7bbdb-b677-432f-8f2e-c9d330a63ddc,05/08/2023,Saturday,Clothing,5,3082,15410
190d6edd-cf82-4e3e-b82e-501d00b143ac,16/10/2023,Monday,Electronics,4,2033,8132
9795349b-6034-451f-8304-257d68f91669,12/04/2023,Wednesday,Electronics,4,364,1456
ca4bda00-758d-4d97-b232-5f6109c58d1d,24/09/2023,Sunday,Cosmetics,2,3131,6262
17d1cdc8-b3b0-4b18-b7d5-10815adfe949,02/08/2023,Wednesday,Cosmetics,3,4783,14349
02a5becf-7bf4-41b5-9142-77700be6bd1e,28/06/2023,Wednesday,Electronics,5,2364,11820
3451e3fc-ffd5-44f9-ac1b-e954aedd4f45,29/03/2023,Wednesday,Groceries,2,2185,4370
c00c71b4-47a9-4839-9b06-53a75a392bf0,10/02/2023,Friday,Furniture,2,1699,3398
214024f7-aa22-41e9-b83d-da0889ee147a,17/03/2023,Friday,Cosmetics,1,3269,3269
8f9c1e64-c2f5-405d-b185-6b6b06465c10,15/02/2023,Wednesday,Groceries,5,3850,19250
65259b4b-358f-40bc-8e3b-198ecca9bf8b,09/06/2023,Friday,Furniture,2,2528,5056
eccf2cc3-dd9c-49c3-b0a2-54738acb1be7,21/03/2023,Tuesday,Electronics,1,4117,4117
570780b3-7564-4ed1-83d8-0014aff3a435,06/11/2023,Monday,Clothing,5,1825,9125
777f8a89-a94c-4576-b3f5-490d4eff1733,27/03/2023,Monday,Toys,4,2016,8064
e8d9e357-9c4a-4d37-88be-4cd291da4c27,02/04/2023,Sunday,Toys,1,1817,1817
2b347abc-1023-4d71-80f5-5d7e58ec1e6f,28/05/2023,Sunday,Electronics,4,3865,15460
1b602f25-89b3-49d6-bef3-e9dcc5be13b3,10/06/2023,Saturday,Cosmetics,3,291,873
e810b17a-e23c-4ff6-8818-e14357a80ac2,21/07/2023,Friday,Groceries,3,4847,14541
404189db-2fe7-479a-a97f-cb5f4bec85a3,30/08/2023,Wednesday,Clothing,3,2999,8997
32f437b7-935d-48d6-ba16-c9d2f3626101,19/12/2023,Tuesday,Furniture,3,4886,14658
8c9fd578-0295-4a9f-9de9-401f92300a58,02/01/2023,Monday,Electronics,2,4926,9852
225f5bd9-5d24-444b-9726-06c652367532,13/08/2023,Sunday,Clothing,3,2306,6918
c87baf26-39e9-424c-8ea4-3d0a5f598fb8,16/10/2023,Monday,Clothing,2,4161,8322
49320a0f-2f19-4b89-813d-d2d22d403d2d,21/08/2023,Monday,Cosmetics,2,3418,6836
7b66a72b-70a6-4bdc-8f63-ab1750725a73,18/03/2023,Saturday,Furniture,5,416,2080
3b568027-248f-4228-abc9-3af6288b33e8,26/04/2023,Wednesday,Clothing,2,2877,5754
7f4e84cf-cc02-4639-8aa7-762ef077dd44,03/06/2023,Saturday,Cosmetics,2,1302,2604
0096d222-8a11-4b2d-95ee-f6da9b1bef69,13/04/2023,Thursday,Groceries,3,2537,7611
b7d1965f-5125-4376-a0bf-aca03373148d,13/07/2023,Thursday,Cosmetics,2,4835,9670
17beb8f0-2049-4764-9c94-447e35a1a991,15/06/2023,Thursday,Groceries,4,3653,14612
d6ba210e-8b7d-41ce-8b18-7ae71810c26b,25/12/2023,Monday,Groceries,3,3571,10713
353c1d34-966e-481c-905d-72a2816a1a3d,31/03/2023,Friday,Clothing,1,4992,4992
1deb9833-4fe8-429c-8d9d-c32a7194e2c6,23/06/2023,Friday,Cosmetics,3,4567,13701
fdbb21dd-f7ec-4fb2-bbbc-50e38464e1af,02/05/2023,Tuesday,Groceries,2,1693,3386
d75c3fb7-eff8-441f-bef1-078b7d1ac14d,23/05/2023,Tuesday,Furniture,4,1262,5048
53c8374e-4718-427c-8e4c-b6356a319db8,16/04/2023,Sunday,Clothing,3,4753,14259
06fcc4ff-0997-4b2f-b339-69d6c85bdbe4,01/11/2023,Wednesday,Cosmetics,4,69,276
bdf7d796-f183-4f8d-9e43-6084032e5cb7,26/12/2023,Tuesday,Cosmetics,1,725,725
4c7a13b5-01bf-4e48-afd0-d62befdbf047,13/11/2023,Monday,Toys,1,4527,4527
6d14d167-509f-42bb-b924-a93318c9bcab,03/05/2023,Wednesday,Cosmetics,5,658,3290
8ddf8172-13a4-4fcd-8bbe-c3b8f1558de4,09/01/2023,Monday,Clothing,5,111,555
abbb59d4-7feb-4c91-b062-913949461854,19/09/2023,Tuesday,Furniture,3,1315,3945
d03253be-25fa-4555-bbd5-8ff3267b0bbc,14/03/2023,Tuesday,Cosmetics,5,2335,11675
c726d38d-6c00-4b74-a409-88a114423d2c,25/12/2023,Monday,Toys,4,1204,4816
0aa8761f-5423-404e-bc2d-d5d60efe095e,11/08/2023,Friday,Clothing,5,1678,8390
d42e6f19-2c48-4392-85c3-ea795465503d,10/02/2023,Friday,Groceries,4,1676,6704
0128f491-1908-41c9-b8a0-c06dc8523cf6,23/07/2023,Sunday,Electronics,5,3766,18830
42e789d3-4c2b-4e01-89c0-9abfa851c66a,21/09/2023,Thursday,Electronics,5,1492,7460
ab7d3b48-2f37-4143-bb48-b87b0ad16bbb,24/11/2023,Friday,Groceries,5,1703,8515
b964af18-d4ae-45af-b3e4-1d0a1eb2c083,27/06/2023,Tuesday,Cosmetics,2,2552,5104
2a39d070-bac4-4097-ba37-ed9f7987bf67,14/12/2023,Thursday,Electronics,2,3319,6638
5873c17d-2460-4ba0-8cba-5b6a50201c6c,14/11/2023,Tuesday,Electronics,5,331,1655
ccc4e620-472a-4a77-bc1d-af06c2eab92b,25/03/2023,Saturday,Groceries,4,1074,4296
b654b4f9-7dfa-45bf-b974-a2d1bf2f2a0d,14/11/2023,Tuesday,Cosmetics,3,4868,14604
6b574e69-92d5-480f-b48c-b7e1a12d6540,21/04/2023,Friday,Cosmetics,1,3453,3453
b0cdca3f-bf69-4db8-8ac5-effca90a87c0,08/09/2023,Friday,Groceries,2,1285,2570
4d5c1faf-bd5b-4685-af70-74173d3b0284,07/01/2023,Saturday,Cosmetics,5,4232,21160
945b7b39-3122-49ae-b078-7f974e7328c4,25/03/2023,Saturday,Cosmetics,1,4810,4810
f38d5f0a-015e-4896-9878-5d2a3b030c4e,27/07/2023,Thursday,Clothing,2,835,1670
b681782a-8396-44bf-897d-776ce9e81dda,10/11/2023,Friday,Clothing,3,3367,10101
b56cc1e5-e5fa-4454-8dbe-bcbcd245c3bf,22/01/2023,Sunday,Groceries,4,1717,6868
d7a61e96-fe1e-4491-be0b-bca45d666672,03/01/2023,Tuesday,Furniture,5,3058,15290
210e38f7-b94a-4e41-97c3-bb484b1c7146,07/05/2023,Sunday,Electronics,3,3244,9732
574a5c98-ffb4-49c6-9e1b-ae8d81aa8e6e,24/10/2023,Tuesday,Clothing,2,4839,9678
3098fedb-3c3b-4650-bfb4-a38092e27a33,07/07/2023,Friday,Electronics,5,3825,19125
a0301d95-0785-455c-aee9-51ef0fa81e23,28/12/2023,Thursday,Toys,1,2496,2496
223c856d-264d-46a7-a740-9d3f162778ce,14/01/2023,Saturday,Groceries,4,3840,15360
ae19b5a8-d698-4c7f-a258-6fd5b8c56a07,12/01/2023,Thursday,Furniture,2,583,1166
b20e4738-8728-4272-a38c-82fa1f4ca407,28/03/2023,Tuesday,Toys,4,451,1804
0d51bf34-68c2-4576-8b30-9799e4bca699,12/01/2023,Thursday,Toys,5,3713,18565
cb702a80-ff0b-4fac-92ad-da1c2310a87e,25/01/2023,Wednesday,Cosmetics,3,179,537
9a1f197d-4dc5-4a7a-a6d3-487b24c925c1,28/10/2023,Saturday,Toys,4,2389,9556
1b42d752-ed2c-4dbe-b876-db0b386900a0,31/08/2023,Thursday,Groceries,1,4421,4421
a3752ae5-f513-42e4-bcbe-32de8be37973,02/05/2023,Tuesday,Clothing,2,3009,6018
1c70c4bf-a1f1-457f-bb68-835b7eb4bf5d,27/05/2023,Saturday,Groceries,1,1908,1908
be6b1641-98b0-490a-abc2-09ea6954de12,24/02/2023,Friday,Clothing,4,3023,12092
00a447e2-4844-4491-8eb6-d43804390115,26/08/2023,Saturday,Toys,3,4200,12600
0a2015ba-77ac-4071-9d2a-2b945f4f16ff,22/12/2023,Friday,Toys,3,3699,11097
1774d3ef-8fb9-490e-bc1c-e67493dd27dc,22/06/2023,Thursday,Furniture,1,2836,2836
a680471b-a59a-4527-9fa2-12eac81afa74,09/08/2023,Wednesday,Clothing,5,3147,15735
31ab73f7-e574-4e17-996d-3b92fae98790,29/04/2023,Saturday,Toys,5,3562,17810
0966d21c-0f52-4726-9c95-1f8bfac260b9,05/11/2023,Sunday,Cosmetics,3,4910,14730
2a78f522-6944-4c6b-85e4-02e50e5d96c8,02/07/2023,Sunday,Electronics,1,1270,1270
33af29cf-c6a1-48e0-bb33-78689cc6aa5d,15/10/2023,Sunday,Furniture,1,691,691
50213f20-11e9-4741-bb7e-4919eaee1f4a,03/11/2023,Friday,Groceries,1,3364,3364
51ec9589-219f-4cab-a848-2fa3c571ee4c,27/10/2023,Friday,Furniture,4,773,3092
225294b5-4b23-479c-a04e-49381a562cf7,23/03/2023,Thursday,Electronics,5,4947,24735
98180e21-d202-45bf-949f-8417f747a500,30/07/2023,Sunday,Clothing,5,787,3935
bfd8651b-9610-46ea-999a-cbc533c43913,30/05/2023,Tuesday,Groceries,4,4903,19612
f86422b2-f24e-4366-a1e5-a346cbf9eb41,06/02/2023,Monday,Groceries,2,1349,2698
5bdd820a-692d-4e1c-85ee-f31a6b9a9eb5,18/12/2023,Monday,Clothing,4,3530,14120
cc0fcbe5-6d86-4160-9273-ec97a74af7b2,08/11/2023,Wednesday,Furniture,1,389,389
cc455c6f-4985-499c-9cd7-e42e04d09767,27/12/2023,Wednesday,Toys,4,202,808
681ff914-0bdc-40df-911e-3ad3f77aaeec,28/02/2023,Tuesday,Furniture,1,1471,1471
1f4a5bfa-15ae-4567-a494-ce4888ac387d,11/05/2023,Thursday,Electronics,3,3101,9303
284c4d86-05d0-4606-9849-4a5273ed8316,21/07/2023,Friday,Cosmetics,1,476,476
687d47c5-d2d9-425d-bc0b-8b340b61897b,31/08/2023,Thursday,Toys,5,3608,18040
1c9077c9-6b75-42e3-bcc3-bf51b163610c,04/02/2023,Saturday,Furniture,4,1185,4740
b143bd86-d92f-41ce-92bf-eb1b2e103ccd,03/04/2023,Monday,Cosmetics,1,2422,2422
33efc725-4a2b-4767-871d-c1636706a685,26/07/2023,Wednesday,Cosmetics,2,3379,6758
8b2f81cc-8821-4306-83bf-a1813a80ec60,19/12/2023,Tuesday,Clothing,3,999,2997
acda4f92-e854-42c9-b471-0dd18a20ea0e,28/11/2023,Tuesday,Electronics,2,1423,2846
7e5e5cfa-f7af-4df8-8671-329c1f637a7e,01/11/2023,Wednesday,Electronics,2,1006,2012
8a4c4dc1-1763-485e-a87d-92a69eb31250,16/12/2023,Saturday,Electronics,2,1751,3502
9c025e24-8e13-4034-94c5-6c73b81b87c3,01/08/2023,Tuesday,Toys,3,2991,8973
830b4d57-c34f-42c6-b499-b0759a9c8c5a,08/06/2023,Thursday,Groceries,3,2532,7596
c50bd600-955b-4249-9637-8569192d2563,24/01/2023,Tuesday,Toys,3,1353,4059
83383ba1-8b29-4c39-a7e2-523ec155bae8,20/10/2023,Friday,Furniture,3,420,1260
4fcae6c3-883d-4fae-9c85-ce6af75e60bf,04/01/2023,Wednesday,Cosmetics,2,3030,6060
be65e075-5748-468f-9b01-71aaba951b01,08/08/2023,Tuesday,Cosmetics,5,2346,11730
f0016433-4527-4246-b488-868179ec7980,30/12/2023,Saturday,Groceries,5,4848,24240
124a4dee-0457-484c-af7a-21b03cc3cc10,20/01/2023,Friday,Furniture,3,2175,6525
684c1143-6244-4434-90f6-a344423162cc,01/06/2023,Thursday,Groceries,4,3016,12064
9169020d-d654-41e2-9b7e-1c1f78624f4f,19/02/2023,Sunday,Cosmetics,1,4195,4195
0b58b496-4994-4465-a6ab-bce9ef688665,26/06/2023,Monday,Toys,4,2792,11168
56b4e5c5-f4ce-4de7-a09e-e871c4584460,06/04/2023,Thursday,Electronics,4,4071,16284
ea890be8-9596-4108-9583-5cfde9ba7caa,15/04/2023,Saturday,Cosmetics,4,2414,9656
55eaec92-5ffc-4fc0-bebd-77c2bf42c370,07/09/2023,Thursday,Clothing,5,812,4060
8eeeb8a3-b479-4993-9549-f032f67b0321,27/04/2023,Thursday,Electronics,1,4112,4112
03ea4fb3-8639-4b81-8ce3-eb69fdc16b48,20/12/2023,Wednesday,Cosmetics,4,1054,4216
e94f9fc2-aabe-4dd3-9f55-246a204f8d7a,16/08/2023,Wednesday,Toys,3,3805,11415
c5f22de4-6fdf-4853-9792-ae3f454fea24,07/03/2023,Tuesday,Groceries,5,2896,14480
48982aca-4495-46f4-b28a-546fd18fb6be,01/12/2023,Friday,Electronics,3,399,1197
749c929e-9b0c-47df-9408-48b17191a559,19/09/2023,Tuesday,Toys,3,3014,9042
a173d6f3-1883-450c-bae3-b62c72068105,22/10/2023,Sunday,Furniture,4,736,2944
c5bb9ce3-a4dd-4dff-9c81-c8668dea8bb8,31/08/2023,Thursday,Clothing,3,4687,14061
65c9eb3a-8a6a-45d8-a83b-af2ecdddd800,05/07/2023,Wednesday,Electronics,1,3176,3176
e481a1d3-ae3e-4d0d-9fba-dbb9c48590fa,03/09/2023,Sunday,Groceries,3,4506,13518
e55195cd-34ff-43e4-8d40-7b52185a81cc,05/05/2023,Friday,Furniture,4,2805,11220
e4e9acea-e2bf-4657-9bcc-423f0377990c,25/09/2023,Monday,Toys,3,3574,10722
1343899c-7a94-438d-a086-8cbba880b834,11/05/2023,Thursday,Clothing,5,3674,18370
a00fe7f4-42cc-4904-b4d5-da3b28de7032,25/08/2023,Friday,Groceries,5,2782,13910
d7164595-b88f-47af-b850-c024d59235ff,18/01/2023,Wednesday,Toys,5,1743,8715
774194d7-922b-445b-9b7f-4f65ddef4f7b,09/02/2023,Thursday,Toys,2,2942,5884
2de0e4bd-a890-4bd4-a875-5a1758a3789c,21/01/2023,Saturday,Electronics,5,3861,19305
a1807f49-f144-401f-9b70-fa8139bd76c0,13/08/2023,Sunday,Electronics,5,4230,21150
3d1175c3-f7b3-42b1-b48a-0f5da3d2fc57,21/12/2023,Thursday,Groceries,2,734,1468
a36b65f3-8090-43ea-b84e-acbfd38ce91d,09/10/2023,Monday,Cosmetics,5,4390,21950
32503a16-0494-4725-9b1b-5483ecafd605,08/01/2023,Sunday,Cosmetics,4,2969,11876
f5f9e6a3-8928-4b98-ac08-f5d45d00562b,10/04/2023,Monday,Toys,5,3806,19030
b79d7269-e2e1-4851-b187-8a1cfaedcd46,28/08/2023,Monday,Electronics,5,3333,16665
b30af4fc-a266-43fa-bb51-ee71e3a5e84e,28/03/2023,Tuesday,Clothing,2,4741,9482
71914525-1f82-4aed-b265-b5e5d5707ffd,25/10/2023,Wednesday,Clothing,4,4076,16304
0672131b-70e3-408e-95c9-b68a2d42cbe4,14/01/2023,Saturday,Toys,3,1206,3618
04339b8e-30ba-4694-993c-cdf09f5dd212,30/11/2023,Thursday,Electronics,1,3111,3111
d0cf4900-1735-4a47-8bef-b5b94177e0b5,02/01/2023,Monday,Groceries,4,4495,17980
ca001709-e2a7-4ff8-8d9b-a79b51a082d7,20/10/2023,Friday,Groceries,3,2379,7137
55350807-7b68-47f3-a355-346efc042ffa,21/11/2023,Tuesday,Groceries,4,1342,5368
588e6f1a-9b07-4120-8643-96a67b83fcf4,10/02/2023,Friday,Clothing,3,1934,5802
88f9f1aa-410a-446a-97b8-1affbb36d5a7,14/11/2023,Tuesday,Electronics,3,1610,4830
d08f6ce0-29a5-4bd7-8aa0-bd16db9f5f33,12/11/2023,Sunday,Electronics,4,1033,4132
32267780-0e75-4255-8616-913766ff022d,21/04/2023,Friday,Clothing,2,2117,4234
52f0a446-1154-4511-81de-11918c22ad9e,14/01/2023,Saturday,Groceries,4,1913,7652
b4c0a17a-1a2e-408a-b7c6-3242bd02a4e1,19/08/2023,Saturday,Groceries,4,2029,8116
62849041-b287-4b7a-8bd6-1fc75ad21b5a,25/03/2023,Saturday,Toys,3,1786,5358
0cf0f9c2-2c4a-47e5-b5dc-a747914f5139,10/05/2023,Wednesday,Cosmetics,1,2502,2502
e067ce50-4fee-4c30-ab71-91a127a35d09,19/08/2023,Saturday,Furniture,3,1968,5904
5d94b941-4ace-407b-931f-6ea6f7e04354,22/11/2023,Wednesday,Cosmetics,5,750,3750
64a2fa38-c955-43ce-8a9f-e53b7b59a48c,25/05/2023,Thursday,Electronics,4,4096,16384
7c8c7de9-bc22-49e5-b8d3-361418d17d82,11/12/2023,Monday,Electronics,4,2123,8492
dd2b98bc-c19b-462a-8219-beb32b9879e5,28/01/2023,Saturday,Electronics,2,4711,9422
9e9603a1-a3a4-4237-8acb-a6a66463cc83,07/03/2023,Tuesday,Cosmetics,3,3803,11409
2ee93ee4-f5b6-4ac5-9b9e-2874d86076e2,12/06/2023,Monday,Furniture,2,444,888
dc3a86f3-4278-4ac7-a14e-ea2ccc6de8cc,17/08/2023,Thursday,Toys,4,2006,8024
42c72359-d8fb-42c2-b982-1d63ba0a73ce,18/09/2023,Monday,Cosmetics,3,3098,9294
b7540328-8ef9-4dc7-a677-9c4c701f0649,13/06/2023,Tuesday,Furniture,3,3502,10506
3589563a-c99f-4c0a-9acf-a38889011563,28/10/2023,Saturday,Groceries,5,572,2860
c7b06568-abd2-453f-a5c2-7c2d3c17ac4b,30/10/2023,Monday,Groceries,5,1612,8060
67ffc8f9-d225-4bcc-80e5-50a480e62aa6,14/10/2023,Saturday,Electronics,1,2959,2959
4f969793-d289-4490-ae76-e4a352207509,10/01/2023,Tuesday,Clothing,5,2899,14495
5f11bb51-34b0-4ac2-ab6d-87b74001edb7,14/07/2023,Friday,Electronics,3,599,1797
48ad967a-7351-4ba5-b103-f2bcf204a2ea,28/04/2023,Friday,Clothing,5,1518,7590
1afbd2a7-3b23-471e-92f9-0537cbc8dcdd,27/09/2023,Wednesday,Furniture,1,882,882
1a0f20c6-8879-4e22-a43b-77d65d319b7a,21/03/2023,Tuesday,Groceries,4,4532,18128
377c49cc-5f88-422f-ba5a-8511912d01ef,03/04/2023,Monday,Cosmetics,5,1471,7355
27e67fab-6cde-4d2a-9f52-98500130060e,23/09/2023,Saturday,Clothing,3,335,1005
e1a1c01e-2dd7-4f9a-b48a-abf9481e38a4,28/11/2023,Tuesday,Furniture,4,2795,11180
308822e2-ee26-4376-b75c-73aaa8808491,16/12/2023,Saturday,Groceries,3,3815,11445
903280af-d569-4b5e-ae64-5ba6b23d458c,27/12/2023,Wednesday,Cosmetics,4,4514,18056
2df479fe-a3db-4cfb-aef7-78c29a098a41,14/09/2023,Thursday,Clothing,3,1495,4485
96b9544f-d56e-4fd2-82ea-ff1c577aadca,13/05/2023,Saturday,Electronics,5,1516,7580
177d29f1-8e99-43b9-b706-73a88191c4bb,03/10/2023,Tuesday,Electronics,5,1826,9130
de1ca4ae-49bb-476d-95ff-1a22122b704f,21/09/2023,Thursday,Electronics,1,3705,3705
3a3dc275-8cfc-4cfd-99c7-90ee63c34909,20/06/2023,Tuesday,Furniture,4,964,3856
d7867c07-1323-492e-8a56-7701952c2a9b,01/01/2023,Sunday,Electronics,1,337,337
ae893ccd-8571-468a-8fa4-17098fd1dbd2,09/11/2023,Thursday,Toys,2,4240,8480
457172f2-a793-4b2d-9415-1635af4a734e,05/03/2023,Sunday,Groceries,5,2138,10690
26d1d169-bb1e-423f-9d40-257b4702c609,11/10/2023,Wednesday,Furniture,4,4476,17904
42e55df9-28df-4f6d-a5ee-74b6fca5c408,01/05/2023,Monday,Cosmetics,1,1854,1854
b3801b25-02ba-462e-8171-f8b4ac02267f,17/04/2023,Monday,Electronics,1,1228,1228
c99ed249-80ed-440c-82dd-47d685cf1c5b,24/06/2023,Saturday,Groceries,2,2601,5202
54c930ad-2f31-48d7-96c7-fc55000a535b,23/07/2023,Sunday,Clothing,1,4420,4420
454d2387-3351-4c14-bac2-c39273f8162f,14/06/2023,Wednesday,Electronics,3,1638,4914
97ff5199-f630-43be-b4db-cadd67a90856,01/11/2023,Wednesday,Groceries,5,2006,10030
eecd0f91-be21-4f7d-9284-91bc93f9ad7d,30/04/2023,Sunday,Toys,1,1825,1825
f0393cb4-ec3f-4555-84d1-5c33cde56601,13/02/2023,Monday,Clothing,1,4912,4912
304a0ee4-eca7-40b6-944e-a51aa2a5265d,08/11/2023,Wednesday,Toys,2,1037,2074
1acf8acc-db94-4c76-aec4-2a2d269b4c42,05/06/2023,Monday,Cosmetics,3,1253,3759
85d67aca-4d60-4176-84ee-99c40b4d8e3c,26/07/2023,Wednesday,Groceries,1,3380,3380
6297c521-83bb-498d-bdbf-af58d0292567,18/04/2023,Tuesday,Toys,5,1169,5845
68e1d126-cf1b-465b-bc13-3891f657830a,08/09/2023,Friday,Cosmetics,5,246,1230
d43b2f5e-466d-47d9-9d13-e4f701e09b4a,30/11/2023,Thursday,Groceries,1,4025,4025
41f76d7d-570f-465d-aad1-3e3ba894f305,10/05/2023,Wednesday,Groceries,3,575,1725
6fb00b19-9691-4418-ac48-1206a530c816,20/10/2023,Friday,Toys,5,4777,23885
b9a41363-9971-4354-af30-ce22036e9a3d,20/01/2023,Friday,Groceries,5,1460,7300
ee1c51ee-3904-4798-8a6e-0971824206d6,09/10/2023,Monday,Electronics,3,4553,13659
c21b9129-91a2-4703-963b-6f35f957a44d,12/10/2023,Thursday,Groceries,3,1342,4026
2204139b-d016-4f36-a699-d54423f16f29,01/01/2023,Sunday,Furniture,1,1244,1244
56d3bd08-b168-499b-b5c0-616f47bf8c54,29/04/2023,Saturday,Cosmetics,4,1998,7992
5ade5b53-30f1-4970-a40b-ed6662e08b51,04/02/2023,Saturday,Groceries,2,3705,7410
718527ce-d7ce-4ee7-b695-5c309fda4da4,17/07/2023,Monday,Furniture,4,4836,19344
f128bf45-ce4c-4c3c-9ff4-bcdeb7005a5d,02/09/2023,Saturday,Groceries,4,2267,9068
30149148-5ff7-4236-9f09-7b1c1816c310,28/02/2023,Tuesday,Groceries,5,4304,21520
85072a63-921e-4150-9939-afbff8e20988,21/11/2023,Tuesday,Toys,3,3630,10890
e79df86d-806a-478a-90f3-72d43e3c3574,10/06/2023,Saturday,Electronics,5,1067,5335
231d142f-a61d-459b-8872-fd2a6b650b1c,28/06/2023,Wednesday,Cosmetics,2,3203,6406
edeb182c-c7e2-4da4-ba3d-7677145ddb57,25/07/2023,Tuesday,Electronics,1,3640,3640
aedd8fac-572f-4242-a0c4-3b3ff3f512db,12/01/2023,Thursday,Clothing,2,4257,8514
ed89f8d3-2d3b-4f59-b5cd-6b649f239dc9,03/10/2023,Tuesday,Toys,5,4119,20595
53e6e0ab-6b96-4b9e-ba83-c794b661874e,30/06/2023,Friday,Toys,5,97,485
7f63c979-0563-449b-920d-dabc71a7a160,30/08/2023,Wednesday,Electronics,5,3713,18565
49c7c75c-abf3-4798-9f0c-bc211b6668f9,04/08/2023,Friday,Toys,5,4521,22605
2aa9475b-de10-4708-b5c8-91916009132d,08/09/2023,Friday,Electronics,4,877,3508
16a4820d-5e79-4f18-b452-d69c29abfc30,26/10/2023,Thursday,Toys,1,4772,4772
c6ef197f-4fde-4b27-b3f5-13a39f3a3bdf,06/05/2023,Saturday,Groceries,4,2139,8556
246bc10f-f075-4b2b-81b7-e10b75d7bf4b,05/08/2023,Saturday,Electronics,5,2106,10530
d50b424c-3229-41d2-a8e5-93bcdde0cf94,02/11/2023,Thursday,Electronics,3,868,2604
d6d1d54b-a7e0-4610-8187-56835d62b65a,12/10/2023,Thursday,Furniture,4,4802,19208
b8c32d1a-77cc-41e3-98e2-6773905a18a8,04/07/2023,Tuesday,Toys,5,4034,20170
09e0377f-65da-453a-b230-0a8aa89fa45f,08/02/2023,Wednesday,Toys,5,3730,18650
e8ee4c7c-9cf0-4d21-9944-f16552856cf9,11/08/2023,Friday,Electronics,1,1861,1861
fcef48fd-0aa7-4e97-903c-b298e6e0227b,03/07/2023,Monday,Groceries,2,4935,9870
29a73c15-cfc4-4686-93f4-b9a05b9cafe9,27/06/2023,Tuesday,Groceries,4,3164,12656
113643a9-82f5-4fd2-a757-6f770ce8ae0e,21/10/2023,Saturday,Cosmetics,4,1679,6716
f751f927-c2d1-4ca4-bce0-6ab7bd3c714b,06/12/2023,Wednesday,Groceries,4,1593,6372
59172e93-3593-4713-9e06-e7e5ed752963,31/05/2023,Wednesday,Toys,5,3629,18145
560e779a-6109-4506-8786-c3804f6b9e01,06/05/2023,Saturday,Furniture,1,1954,1954
38c25580-9da3-4feb-862b-65fa9ddb7d07,28/10/2023,Saturday,Electronics,5,1486,7430
a7e3428b-40d9-4b8f-94e0-aff371c93ed5,04/11/2023,Saturday,Clothing,5,3367,16835
0f8fc9eb-aa42-422b-b476-a9f3f65875d0,02/12/2023,Saturday,Furniture,3,3570,10710
56a2b1f0-c6b8-4589-ad6c-c1c4dd99cb9a,22/08/2023,Tuesday,Clothing,1,3109,3109
d038c199-d42c-4094-b1f2-1fb502c9fef7,08/01/2023,Sunday,Furniture,4,4166,16664
9867a6ad-d08d-4055-8a65-72e5f34b6067,07/12/2023,Thursday,Groceries,2,1048,2096
7f90aa5c-802e-4e76-81c8-caadf9fea1d7,09/05/2023,Tuesday,Toys,4,1481,5924
ad0e717d-6106-4caa-9177-4892cec0fac3,21/09/2023,Thursday,Clothing,5,4602,23010
aba48436-ffbd-443a-b17f-bbbfbaf40e66,06/06/2023,Tuesday,Furniture,1,3111,3111
5dd05d6c-ecfc-4e8d-83ee-7cd9e2269911,18/12/2023,Monday,Toys,1,314,314
9e1e0b37-ed5a-4e8b-beb4-beda53997a0b,24/12/2023,Sunday,Clothing,1,3781,3781
8236fa0c-17b4-4a4d-9473-fbf032404039,05/01/2023,Thursday,Electronics,3,2324,6972
572fc995-7231-4e58-9600-211d28f2dd54,27/03/2023,Monday,Furniture,4,3925,15700
450c0e76-5ac0-44c2-b46e-aa2f6e2f33df,24/06/2023,Saturday,Electronics,3,3367,10101
2b1fd2ae-3549-4ab3-ac2a-498f9dba0453,17/10/2023,Tuesday,Groceries,2,2096,4192
1183f93e-81f6-4fe3-b2ac-dc0dd031a690,12/07/2023,Wednesday,Electronics,5,3194,15970
ac1cd04e-fb3b-4d0e-827a-da9ef89f665e,07/11/2023,Tuesday,Electronics,3,3271,9813
a0fa7f3a-6eb3-4ab8-8caa-7b3bef1cb881,29/04/2023,Saturday,Cosmetics,3,3190,9570
f3f6b9b9-db71-4845-8be4-f36196feb95b,06/08/2023,Sunday,Furniture,5,4950,24750
f204c7dd-3666-4517-aee2-e3dc50811d20,24/04/2023,Monday,Groceries,1,1303,1303
c925ab61-e62d-49c7-9c81-ce9a919d779d,25/05/2023,Thursday,Electronics,5,772,3860
6aeff12c-439d-4241-96e1-127a96b4fad7,26/01/2023,Thursday,Toys,4,133,532
3421bcb9-648f-470a-83da-1162d1e1f8eb,16/05/2023,Tuesday,Clothing,5,4885,24425
a7b82e7f-a6b5-4983-9d93-d649c278edab,30/10/2023,Monday,Electronics,1,3420,3420
a2dcd765-2b01-4109-a563-f81a56024a07,20/08/2023,Sunday,Groceries,5,3869,19345
5cfa4538-ba69-47d2-8a54-cd030e732c4d,17/03/2023,Friday,Electronics,3,3414,10242
b3c43d90-edd4-4ead-b5c7-40eac4b6e2bc,24/11/2023,Friday,Clothing,2,1807,3614
5d53ac74-a94d-4791-94b5-fdc77fb95f69,11/12/2023,Monday,Groceries,3,4368,13104
16fd2c22-0c7d-401c-b1e9-55554d188c6c,29/10/2023,Sunday,Furniture,2,2830,5660
9d9431ee-7190-4159-9234-8ccf3d921358,16/10/2023,Monday,Groceries,5,3337,16685
4400cfbd-d637-479c-82f4-360c13eb61d8,01/01/2023,Sunday,Furniture,4,2502,10008
48ea8a44-bd08-4de5-af55-936881339c93,27/05/2023,Saturday,Groceries,5,378,1890
23192c69-6cf5-409b-bd90-2554429bac51,14/10/2023,Saturday,Clothing,1,475,475
c6dab93f-6e14-4ece-b3dc-ba205c0bd1db,22/05/2023,Monday,Clothing,5,819,4095
2f86dd0f-1cf7-4683-a388-2a18dd410413,22/02/2023,Wednesday,Groceries,2,4025,8050
6ee94ee3-f711-4909-94f8-771dd89bf5d7,31/10/2023,Tuesday,Electronics,3,657,1971
802f9cb2-8f03-412b-95e4-65b3fa60e316,10/03/2023,Friday,Clothing,4,1902,7608
d840ff44-da0c-4b14-aa9d-c361fac74a46,27/12/2023,Wednesday,Furniture,5,2722,13610
9efe379d-bc61-4e04-ac54-3bc5288d6115,31/03/2023,Friday,Furniture,5,2174,10870
cd70db67-f05a-4b85-8e5c-2452c9d3fa16,08/08/2023,Tuesday,Toys,3,1350,4050
2f2cb1c5-e3bb-414a-850d-7452159d2f3c,11/07/2023,Tuesday,Cosmetics,4,515,2060
f6fe874e-ffb8-4fb5-aa85-906d306d4f96,04/03/2023,Saturday,Cosmetics,5,2014,10070
6633c014-1976-4579-b1b3-316e4c2538ba,14/03/2023,Tuesday,Cosmetics,5,1995,9975
e08a959b-dac6-4782-b391-d4f4da23f103,10/06/2023,Saturday,Furniture,2,2589,5178
0bc1fdfc-e426-4302-89b0-00d87a5142a0,18/06/2023,Sunday,Toys,2,2410,4820
c9e64eb8-e920-4e30-b53f-fc115f0a7434,30/03/2023,Thursday,Cosmetics,1,2089,2089
789b8849-0292-425a-8259-734678d7cc5b,25/06/2023,Sunday,Cosmetics,3,1234,3702
b9678a4f-6e77-496e-be51-abd1ea7568fe,26/09/2023,Tuesday,Groceries,4,3984,15936
38f2cc4e-60a3-45ea-831d-6faba92d4066,14/03/2023,Tuesday,Groceries,5,3267,16335
b4fe9c6c-78e2-4c99-991d-01d6c230850e,02/09/2023,Saturday,Groceries,5,2832,14160
1fcd18bd-a8a9-431f-8dc9-d87471c8ac08,18/03/2023,Saturday,Electronics,1,827,827
f9f93b70-c2f0-4b52-bd6b-06a22722fc47,08/06/2023,Thursday,Cosmetics,5,3429,17145
a91e1d29-dde3-410e-846d-984431328405,20/11/2023,Monday,Electronics,3,2468,7404
d00e0ad9-76dd-4cf1-9016-02dbe5a22a06,08/04/2023,Saturday,Toys,1,4127,4127
d6db9050-ec06-496f-b508-def529e8f9d2,12/04/2023,Wednesday,Furniture,3,4312,12936
cfe2ad5c-7273-4d80-acd5-b3ac39013792,12/05/2023,Friday,Cosmetics,1,2489,2489
a8e01a17-19a6-4fed-a6a7-e1c3f538af79,12/04/2023,Wednesday,Furniture,5,4881,24405
de9e983c-6b92-4a95-84f1-02bf4bb823b5,19/01/2023,Thursday,Groceries,1,2039,2039
05ac38da-6300-4b1d-a32b-ab1ac9a3e248,23/03/2023,Thursday,Cosmetics,2,1116,2232
ed12262b-f12a-4805-b0bd-51e9749f9afe,06/10/2023,Friday,Clothing,4,994,3976
3b4bdd87-614f-48dd-91c6-606e7a42d054,05/12/2023,Tuesday,Electronics,5,78,390
f5672cb6-d7fa-4c89-a146-420857e7878e,31/12/2023,Sunday,Electronics,4,1947,7788
bdd6ce36-a728-44b4-95b4-a789cb9dcf67,27/11/2023,Monday,Cosmetics,5,1747,8735
7af317bb-aa53-42ed-9095-5b85909e23ae,09/05/2023,Tuesday,Groceries,4,2864,11456
c561571c-5730-48e2-89fe-39d1f1f716da,10/12/2023,Sunday,Electronics,2,3415,6830
824095b5-b384-40ba-9bcd-1f87c6375153,06/11/2023,Monday,Groceries,4,2538,10152
b0edb6dc-2697-48d1-91c5-a05ef722fb77,30/03/2023,Thursday,Toys,1,1715,1715
a0be94fa-4fd7-4f99-8f49-8dbfbdefcd5e,01/08/2023,Tuesday,Furniture,4,4669,18676
e19a2ee4-744f-4b58-aea1-ee1c70b9890a,23/05/2023,Tuesday,Clothing,5,1620,8100
81313418-090d-47f5-ae21-094aa5073f83,06/03/2023,Monday,Furniture,3,1783,5349
087c43e9-239d-4a16-a1f2-eaea302622ad,17/03/2023,Friday,Furniture,4,809,3236
87a56bac-853b-4dda-aa45-799be93c21b9,18/07/2023,Tuesday,Toys,4,2207,8828
419ae221-9789-4e19-a9fe-f3e8eda9b0d5,23/05/2023,Tuesday,Electronics,4,1401,5604
7ff4abc7-034c-47ea-86ac-9d461f57a7cc,12/11/2023,Sunday,Clothing,5,3526,17630
4d973db1-ce5a-4124-b751-577b2a6a2393,03/04/2023,Monday,Electronics,4,1318,5272
09cdc86c-c565-4f79-817c-71e3f8f4a212,01/11/2023,Wednesday,Cosmetics,5,1835,9175
3e5f95c0-287a-4a19-97b1-84065de76a6d,12/08/2023,Saturday,Furniture,5,3999,19995
9f2cfda3-05c0-4dd0-945c-9c1f65dcab4a,18/10/2023,Wednesday,Cosmetics,3,2657,7971
c6fa7125-ac5e-442c-9635-5d1d3d0ab490,12/04/2023,Wednesday,Groceries,1,448,448
7f0ab9b3-ed6b-4090-8beb-fef50be1d136,24/09/2023,Sunday,Furniture,5,2680,13400
27564aaf-a572-4dcf-b408-9dc3f6c4eedf,21/12/2023,Thursday,Electronics,2,2496,4992
d212a37e-b872-4ba8-83e5-adad02d52737,20/04/2023,Thursday,Furniture,4,1719,6876
5fb76e93-076a-4662-bdf4-4210d01e976e,26/11/2023,Sunday,Groceries,2,288,576
b4ea2453-f217-4c10-8e1c-69211b41ef43,22/09/2023,Friday,Toys,4,3586,14344
5b57afe7-87de-40e9-90a0-5fdff29db7ac,03/01/2023,Tuesday,Cosmetics,3,3911,11733
07789dc5-8cb0-4654-a521-643d2072d76e,26/03/2023,Sunday,Cosmetics,5,3153,15765
547770b0-c6f2-493c-80bb-ea360750ee78,09/10/2023,Monday,Electronics,1,1196,1196
001bcc59-6899-48d1-8506-ddb2ce24457f,24/11/2023,Friday,Furniture,5,1607,8035
b75bf773-66cc-4e76-8218-6eb85d99b5c4,31/10/2023,Tuesday,Electronics,4,3788,15152
2c73ba30-2d01-49ac-ab5b-9e4e510d81c5,27/04/2023,Thursday,Toys,1,2207,2207
ce518b49-952f-4ee3-b7b8-575d87da5d5f,09/08/2023,Wednesday,Furniture,5,3501,17505
49fbcf5d-e15f-40f5-b4b1-25f9f34b3be5,03/06/2023,Saturday,Furniture,1,349,349
7158ef43-9ae8-44c8-bf12-1817e64bf8dd,02/06/2023,Friday,Electronics,4,3748,14992
36176ad3-9edd-4dc7-87f6-80b0ef024f09,12/01/2023,Thursday,Electronics,3,4103,12309
2af7a953-f4f8-4e8a-a8ce-f1ea78300c41,13/05/2023,Saturday,Groceries,3,4909,14727
be0a69b1-87c6-4521-8ce4-14db6bdd6d8a,31/10/2023,Tuesday,Toys,5,298,1490
b2c1d2aa-060e-4ed8-a011-13616662f96a,20/10/2023,Friday,Groceries,2,2618,5236
90b47448-7df5-4fe2-982c-d1adb2727452,27/10/2023,Friday,Cosmetics,4,4179,16716
f83f4cb6-41e3-4641-bdc4-6c6c97337b7f,16/08/2023,Wednesday,Furniture,5,4373,21865
99b60649-8b57-4bfd-ae73-95bc319ad27e,28/09/2023,Thursday,Electronics,5,4730,23650
73fdebe9-767f-4fb1-b450-34a1d790e280,12/02/2023,Sunday,Furniture,3,2910,8730
ebc078f3-3860-4589-9494-0826864f3c80,09/12/2023,Saturday,Furniture,1,773,773
8a77831b-9fb6-41d1-a3a3-4eb8e98ee8fb,22/11/2023,Wednesday,Clothing,4,619,2476
a0e68fc9-fdbb-4472-b4f0-90b158d7322f,29/10/2023,Sunday,Cosmetics,1,269,269
d2b88284-fbed-4dd3-849a-9dbe7c2c7477,30/12/2023,Saturday,Clothing,4,1444,5776
4e299dac-a12b-426f-b6da-1150ee13b170,21/01/2023,Saturday,Furniture,2,2884,5768
37b82844-bb89-469f-a6cb-916feeed2dff,17/04/2023,Monday,Electronics,3,2172,6516
ddf4b98d-52a5-4d47-b2bd-46fe62859c01,02/12/2023,Saturday,Furniture,2,4281,8562
4c5f4dca-5210-4b28-a782-9407b1462c94,30/10/2023,Monday,Cosmetics,5,4050,20250
a0b4b3e6-d520-4bb1-88e0-939586034b2f,27/04/2023,Thursday,Clothing,3,4399,13197
9932c4cc-2998-46fa-baae-07e95961403d,04/05/2023,Thursday,Electronics,5,3139,15695
857f281a-3740-445c-b7b6-b7e34793cc42,08/10/2023,Sunday,Furniture,2,99,198
5f8601d7-795b-4608-b09a-ebea9bfff81a,19/10/2023,Thursday,Toys,4,564,2256
79c10cde-7a51-4963-98b3-aa9253471e3c,22/07/2023,Saturday,Cosmetics,5,2841,14205
04c66b6b-4f61-45d7-aafc-5c2abd452ed8,20/02/2023,Monday,Cosmetics,1,2828,2828
b5e4a41b-537c-4195-902b-f29195bcfefb,28/09/2023,Thursday,Toys,4,2668,10672
f2a72dda-0115-439c-bc31-af83e3e228f0,20/11/2023,Monday,Furniture,4,1887,7548
2e75bd55-4e57-40df-b831-eb5c5a7e233f,04/10/2023,Wednesday,Cosmetics,2,4721,9442
f9791951-a2a7-4684-b5f5-f07b64fb43f5,21/05/2023,Sunday,Electronics,2,1215,2430
e3003e50-2bd1-4bb8-b908-a4b27b1842a8,02/10/2023,Monday,Furniture,3,2299,6897
2b10d1ba-65ff-4c19-b0a2-32b9bec0cd09,17/10/2023,Tuesday,Furniture,3,464,1392
a3db6c05-cf00-4b04-b0d5-681d21607d38,30/11/2023,Thursday,Clothing,1,2318,2318
86d146b1-efb5-4bf2-bd4e-939f76e66d47,21/02/2023,Tuesday,Cosmetics,4,1154,4616
5290216b-bdea-4ed1-a5b8-4fd7b98b6c73,27/01/2023,Friday,Cosmetics,1,4908,4908
99bc7a47-46b2-400d-82fc-f936bb1b1097,06/06/2023,Tuesday,Toys,1,4708,4708
b8550b34-3d5e-40c2-add9-f101bbd5af95,27/08/2023,Sunday,Clothing,2,3406,6812
58a86fda-8fe2-4be8-95e0-89975427c93a,05/06/2023,Monday,Clothing,1,2466,2466
cbdbedfd-1515-48a4-b586-e07929c20660,18/10/2023,Wednesday,Cosmetics,1,1984,1984
e39a92f0-68fe-4ac1-92fd-eec4c2f9a086,16/05/2023,Tuesday,Furniture,5,253,1265
adeaf5ed-3eac-4cb2-8ce9-f84bbd81137d,24/05/2023,Wednesday,Clothing,3,118,354
6b53e15e-5e8e-4697-8921-ab6607bb7d1b,16/04/2023,Sunday,Toys,3,565,1695
aa39c179-3eae-4e99-b1de-f1a932b2fdec,07/06/2023,Wednesday,Clothing,4,3613,14452
6900b3a0-531b-4681-b9af-776080711c51,26/05/2023,Friday,Toys,3,4506,13518
85d89fa0-5146-4b0a-9ce3-30f764601386,02/01/2023,Monday,Clothing,4,1514,6056
ff167b37-9598-497a-b366-9e3eff9a94f5,18/03/2023,Saturday,Toys,5,1702,8510
e858774b-7e55-4e6c-8d10-7f51640df9ef,12/05/2023,Friday,Clothing,3,756,2268
b6e70397-3018-4cba-a064-a057d75f6496,31/03/2023,Friday,Clothing,5,1675,8375
a42d3b2b-7786-4303-9d9d-217681ab0e60,11/12/2023,Monday,Electronics,3,4802,14406
877f3c72-848a-4d38-8be2-6e78f38cd564,16/12/2023,Saturday,Toys,3,3835,11505
9c60f19b-0e09-4ca5-8594-19b52d95b4d7,20/09/2023,Wednesday,Toys,5,1395,6975
22c26fec-30a0-4697-847d-3e38d1c873a5,17/12/2023,Sunday,Toys,1,393,393
2353380b-dbaa-4029-8178-4d4fe7063c87,18/04/2023,Tuesday,Groceries,1,3836,3836
8f53e630-45ac-42eb-8a70-476e9d1dbabf,15/03/2023,Wednesday,Clothing,1,585,585
52bd6b8f-4b2c-474d-890c-47e2280e0a34,08/02/2023,Wednesday,Toys,1,404,404
59f524e0-a916-4219-9971-87f9142c78cb,08/06/2023,Thursday,Cosmetics,3,3592,10776
39c35ebe-200f-48a1-af61-b3f8d261cf24,12/03/2023,Sunday,Groceries,2,1032,2064
bd9fb558-ecd1-42ee-be44-87c076efe79b,08/11/2023,Wednesday,Electronics,5,1395,6975
56351ccf-9f6f-435a-beef-d61bf8012cd6,29/08/2023,Tuesday,Toys,2,3059,6118
e4888508-335a-4ab6-8d19-5cc20fe801ac,25/10/2023,Wednesday,Toys,2,576,1152
7710342c-80ee-49cd-ae28-84ff6e1acf86,05/02/2023,Sunday,Groceries,4,980,3920
c60aeb81-b989-4357-a0fe-bc997aa5c96f,25/03/2023,Saturday,Clothing,1,2806,2806
12866846-b8a9-4bfa-ae4f-475c229c0dd9,20/09/2023,Wednesday,Cosmetics,3,2332,6996
96783e27-e7a7-4061-8d50-74ba66afad98,06/11/2023,Monday,Electronics,1,1996,1996
ec1a321e-2fa2-4e02-b248-09c17d87824a,21/06/2023,Wednesday,Toys,1,3977,3977
5c48db8c-a8c8-43bc-bafb-66da089e9cb3,22/06/2023,Thursday,Clothing,2,2591,5182
086e9832-712b-4ef6-b2eb-40685330dbe8,28/12/2023,Thursday,Cosmetics,4,1966,7864
dd8aaddc-cce6-478c-a2fb-505e5df21f64,16/02/2023,Thursday,Cosmetics,1,3410,3410
f238143e-ff5d-44f1-a80d-81b176626188,21/05/2023,Sunday,Electronics,5,1643,8215
834d3135-4122-4206-b9b7-2d61aa764469,28/04/2023,Friday,Furniture,5,2975,14875
260f36b2-2682-4e0a-961c-0d210e4a1d4d,04/10/2023,Wednesday,Cosmetics,1,3675,3675
1436cd6b-a2a7-4052-b9d8-9a655b3e1faf,02/08/2023,Wednesday,Furniture,2,1273,2546
0be97a93-df16-4cb5-94c6-79a2932ac025,08/08/2023,Tuesday,Cosmetics,2,2009,4018
da7cedeb-b462-40ab-bcbb-077584615551,26/01/2023,Thursday,Electronics,3,1015,3045
43044585-ce77-43e1-89da-10be7f8b1098,09/01/2023,Monday,Groceries,4,3728,14912
445ef057-e1f6-416b-bfd3-f3f92b92eb45,28/09/2023,Thursday,Electronics,2,4362,8724
95633488-24a9-46fb-8912-1bb106af92dd,10/01/2023,Tuesday,Electronics,3,672,2016
56736ded-3105-4dd2-b8bf-e23128585389,01/05/2023,Monday,Groceries,5,4498,22490
c4c50a6a-6024-42c0-8440-325c788b1c5f,05/05/2023,Friday,Groceries,5,4837,24185
96f8af38-4f80-4443-b0e2-6c9781938564,19/06/2023,Monday,Clothing,5,4776,23880
cc90905e-1917-42a9-a0f0-0092a79735fa,13/03/2023,Monday,Cosmetics,1,2422,2422
fed7073b-73ec-4a21-b66a-249462178c39,01/06/2023,Thursday,Clothing,4,2998,11992
707d57f7-4667-45a5-92fa-75b72c74f112,27/07/2023,Thursday,Groceries,3,3349,10047
ff0d3fe8-d6c8-4134-a2ce-1950d8ac9db0,18/02/2023,Saturday,Furniture,4,1218,4872
a50dbed8-f8d4-408d-9ec1-c9e325e291bf,03/06/2023,Saturday,Furniture,1,4799,4799
d7267ecb-d0b8-440d-a7c1-21b6c5cfc8ef,13/12/2023,Wednesday,Electronics,3,441,1323
a52d7511-0bdb-481e-8cd8-05952137a879,20/10/2023,Friday,Toys,3,3859,11577
307308d1-1c27-4044-84fe-a955db06246c,09/03/2023,Thursday,Electronics,2,2457,4914
decea05a-e6b8-42db-bbcf-360f1da2c298,19/02/2023,Sunday,Electronics,4,4914,19656
4862b475-87c7-419a-bedd-1027fd8d2e81,01/06/2023,Thursday,Toys,4,4942,19768
0feefaa0-e529-49c7-b48e-5cab9ab1e6ff,19/01/2023,Thursday,Cosmetics,2,4310,8620
5b84eb18-cb2f-4924-acdf-22712b662108,10/04/2023,Monday,Groceries,5,4878,24390
781ab2ee-4d8f-4281-b5bc-386aa10e3ec8,01/03/2023,Wednesday,Furniture,1,630,630
2d8276d0-1ca7-42f8-b7b8-ac9704cc1949,16/06/2023,Friday,Electronics,4,870,3480
57bbcba2-cfa3-4f88-8ba9-89d2f4f05d26,21/07/2023,Friday,Toys,2,1297,2594
a0286e65-a98a-44e7-b843-e2b05faee2ed,11/12/2023,Monday,Clothing,3,173,519
e63b2acb-7b38-4f5d-a019-c326251a72d5,26/05/2023,Friday,Electronics,2,4489,8978
2d72694f-776a-441a-b8a4-8d31d22805aa,13/06/2023,Tuesday,Furniture,5,1924,9620
bcafc899-53c1-4ec5-8253-0133fb8c6ed3,30/08/2023,Wednesday,Groceries,1,573,573
a7e0e299-26dc-49d7-9a38-26a6548704ae,10/03/2023,Friday,Electronics,5,3173,15865
3898edd9-48ef-4fdf-b4fe-0054ff9be50f,24/06/2023,Saturday,Electronics,3,4274,12822
3d4319fb-2445-4079-b3e0-6efc4accc5c8,18/02/2023,Saturday,Cosmetics,3,3248,9744
51e12e9a-a76e-43c5-a501-8e7a5d5a9c60,18/04/2023,Tuesday,Toys,3,2835,8505
075e2264-0b56-48dd-bc0c-af4fb1827890,14/08/2023,Monday,Clothing,3,2168,6504
912d2713-31f0-43f8-9fce-910d136939f7,10/06/2023,Saturday,Clothing,2,1260,2520
18971313-060d-467b-b03c-c22aec831959,29/04/2023,Saturday,Groceries,3,1076,3228
620d06dc-1736-45f4-acf4-fd675172ef37,29/05/2023,Monday,Furniture,3,4167,12501
8558534e-3c0a-404f-826f-926eca8111f1,30/05/2023,Tuesday,Groceries,2,4311,8622
07e508ef-193b-402a-a68f-1ab8a82cc14a,20/10/2023,Friday,Electronics,3,547,1641
51dc2a8a-70cc-4420-9c27-441184f47764,23/05/2023,Tuesday,Electronics,5,4579,22895
d23197a1-7f0f-45f2-8703-26195e197735,09/06/2023,Friday,Clothing,5,2855,14275
63d3fc06-f96e-4ffd-a4fd-397c0d7eb7ed,11/01/2023,Wednesday,Furniture,4,4982,19928
1864d85b-6bb4-4650-8eb2-adccbd1323ce,18/05/2023,Thursday,Toys,5,1743,8715
8a9d4976-70e0-4b48-9c34-e6191c6142d0,19/03/2023,Sunday,Furniture,1,4808,4808
719c92e7-c456-49e8-a291-d18e395d5564,18/03/2023,Saturday,Electronics,1,774,774
ee37d6d3-382f-4fb9-98ec-2cdbbce5ed66,11/09/2023,Monday,Toys,1,425,425
b90d6bb7-4d0b-4301-bf34-35f4fcb3a720,15/09/2023,Friday,Furniture,2,4448,8896
46e5fd78-c5bd-46a0-b1ad-144741b7131b,16/11/2023,Thursday,Furniture,5,2502,12510
b2b75db7-3328-4087-9a05-2a8a0c6a8209,18/10/2023,Wednesday,Toys,1,3909,3909
39bfea6b-a4c8-47e2-a012-76260799390f,20/09/2023,Wednesday,Electronics,4,1736,6944
12738863-a989-4a36-850f-fca183399c86,26/03/2023,Sunday,Furniture,2,4853,9706
65606fa5-a3ae-4a80-8570-e401a69110ec,26/05/2023,Friday,Toys,4,306,1224
57466b67-c0bd-4faa-8ef3-f2f50397a88d,19/11/2023,Sunday,Cosmetics,5,4544,22720
21edb947-c54f-4aad-935b-fba86ad5579b,11/02/2023,Saturday,Cosmetics,3,3650,10950
c20bac82-b194-409f-9334-6949587c72b7,05/05/2023,Friday,Electronics,4,100,400
a8bdd377-7257-41f4-a3c0-ef78b793d6f7,16/06/2023,Friday,Toys,3,644,1932
d077a9e9-1917-40d4-88f9-86de0182ec0f,29/08/2023,Tuesday,Cosmetics,2,4963,9926
ef38c655-d507-469a-92dc-4ada14322a65,07/10/2023,Saturday,Toys,4,4781,19124
9eee5d94-b8fb-4226-8012-14cd906a442c,07/07/2023,Friday,Furniture,4,3923,15692
fe8e086e-f4ea-4532-8a4a-df94d992dfcc,29/10/2023,Sunday,Electronics,2,3486,6972
4d93808d-a841-416e-9552-2dd2b6dbea3d,19/01/2023,Thursday,Cosmetics,2,1122,2244
70fbad39-db32-44e3-af2b-49e83e498444,09/03/2023,Thursday,Furniture,1,1526,1526
3ce3f2d1-f947-4cc3-a95a-69ada43a2cb9,06/08/2023,Sunday,Groceries,5,4920,24600
7b069f0c-075e-44b4-8e7f-b1f4b189f640,12/04/2023,Wednesday,Groceries,4,3070,12280
62fe9950-2e3c-4d9d-9375-1278ffbfc0ce,11/02/2023,Saturday,Electronics,4,1714,6856
327fc737-5e67-424a-96cb-c49e238a793d,15/10/2023,Sunday,Cosmetics,2,4542,9084
25372b00-9a6d-4337-8cc4-7680851d1540,16/06/2023,Friday,Cosmetics,2,2780,5560
aef6cf7a-37cb-43f3-87ed-e82f62cc54d6,19/04/2023,Wednesday,Cosmetics,5,1445,7225
5270b3c5-e506-45ad-aee6-162955870823,05/02/2023,Sunday,Toys,2,3947,7894
89b37dbb-bece-49f1-857a-591612da44b4,20/08/2023,Sunday,Furniture,3,4674,14022
b4da147c-2404-4afe-a552-820ea20c931f,17/08/2023,Thursday,Cosmetics,3,4830,14490
56595e94-1179-41af-893d-c12ebb127c00,19/12/2023,Tuesday,Furniture,3,4095,12285
e75b6268-ec30-4588-b418-d235f9525bcc,13/06/2023,Tuesday,Electronics,3,2710,8130
71dd7a84-9e62-4660-972f-c6e0e4c76aae,14/03/2023,Tuesday,Cosmetics,5,2283,11415
f0f9d0a7-1e40-4320-ab42-e6843bfaba10,16/05/2023,Tuesday,Electronics,4,3372,13488
833ca94a-56d8-439b-b7d6-c0943cf38f88,19/12/2023,Tuesday,Cosmetics,3,4247,12741
333529e0-4fcc-4faf-a717-c182235425cb,11/03/2023,Saturday,Groceries,2,4268,8536
077cd94f-8e06-42ae-89e3-e935fe820608,15/07/2023,Saturday,Clothing,3,2151,6453
932ecefd-73ce-433e-af93-efd1350a8fae,26/09/2023,Tuesday,Electronics,5,1356,6780
f23294ff-1a81-4e3e-bb9e-c8d972da830c,18/02/2023,Saturday,Cosmetics,2,1687,3374
2ac4cfee-75f2-4971-ac31-93d7fcddb29d,12/11/2023,Sunday,Clothing,3,1190,3570
2469cf25-00f6-4e68-8836-062b96112bce,10/05/2023,Wednesday,Electronics,4,665,2660
262eb987-0f75-4a36-86de-518e35d4222f,05/01/2023,Thursday,Toys,2,4702,9404
ccc0d1a2-c826-4f93-b754-1d4f4a6dedfe,27/01/2023,Friday,Cosmetics,2,4259,8518
378f714b-b598-4c9a-9163-81230e6e0773,09/06/2023,Friday,Toys,4,1616,6464
f7cf5276-7091-4f84-a521-4496859fe716,29/05/2023,Monday,Groceries,2,1026,2052
22cce44e-36ef-4205-99f2-0b23e201fee4,21/09/2023,Thursday,Cosmetics,3,4846,14538
41b4294d-1fbf-4d3e-bbea-7ecad0cbfd89,18/08/2023,Friday,Groceries,2,1366,2732
c1962a34-84c3-4483-a887-52d148002467,19/07/2023,Wednesday,Clothing,3,2389,7167
45bb6fba-c768-47f2-82c1-725ee864ea0a,19/02/2023,Sunday,Electronics,4,4406,17624
5af7c6bf-2b80-4f78-9016-af35a546a0fb,08/03/2023,Wednesday,Furniture,1,2146,2146
3d60ebdf-2687-428e-a3b9-43b09a3791df,27/10/2023,Friday,Groceries,4,428,1712
368fba31-2fc1-4456-825a-c106f1368919,27/02/2023,Monday,Furniture,3,3515,10545
f7ccd60c-371b-4814-add7-a821ddef35d3,16/09/2023,Saturday,Furniture,5,2321,11605
9edcba26-aa9c-4c84-a63a-66053da77286,08/12/2023,Friday,Electronics,4,1096,4384
7410f518-f746-41db-be4e-beabfc6060cd,22/11/2023,Wednesday,Clothing,5,1057,5285
c9e06079-528e-434c-88ed-6ebcb0bcb027,10/05/2023,Wednesday,Electronics,5,159,795
06108a36-fe25-47e6-a066-47f6d40c5b40,03/08/2023,Thursday,Cosmetics,3,2821,8463
b1cfb8fc-9673-40af-8270-b0b20aed64b9,21/06/2023,Wednesday,Groceries,3,3933,11799
94512318-b08e-4322-a8c2-489389f73b35,15/09/2023,Friday,Furniture,1,2650,2650
0acbe476-bb7a-4af7-8415-23b24247e603,12/04/2023,Wednesday,Electronics,2,3293,6586
52732eb9-57a8-48ff-b71f-e9e71442be76,28/07/2023,Friday,Electronics,4,1055,4220
a85bfd71-f6df-4b33-af29-1e2a36ede5e1,18/10/2023,Wednesday,Electronics,3,4843,14529
99721a33-6536-43a5-8ec8-0a8f8cdec820,20/12/2023,Wednesday,Groceries,4,355,1420
a7f76c85-1e96-4555-8ba4-5851b4fda47b,13/10/2023,Friday,Clothing,5,1008,5040
30fc5d08-4f2f-48ff-bc03-ad9bc298ced7,26/04/2023,Wednesday,Electronics,2,1003,2006
e38816d8-a838-4666-b8f1-fe99d1f4b680,21/09/2023,Thursday,Groceries,1,2718,2718
e09b863d-68f5-42cb-a372-33c6ea054e0b,30/05/2023,Tuesday,Furniture,4,3588,14352
14f35b66-e7d3-4fa2-a6aa-0b4e6bd77666,27/10/2023,Friday,Cosmetics,2,2727,5454
88ddf32f-7f40-47fd-bcef-b11183a8260c,05/02/2023,Sunday,Toys,1,1680,1680
dc61467d-9c74-46f6-b08d-b4afc3dd2456,29/11/2023,Wednesday,Groceries,4,1841,7364
1f4af40b-43b6-4d40-914d-926e01e08ebf,14/10/2023,Saturday,Toys,2,2653,5306
d96c0779-c825-4760-9b36-0cc0a8011205,30/10/2023,Monday,Electronics,3,2021,6063
d6b56814-3867-42dd-a9b1-a151c7a0648f,07/11/2023,Tuesday,Electronics,4,116,464
7eedc228-fe12-497b-be53-f023bcf8c7fb,27/07/2023,Thursday,Groceries,2,884,1768
c0d23b62-990b-4e2a-a813-104ade93b46e,16/04/2023,Sunday,Toys,1,255,255
8e384c50-63ad-4d27-b684-51468dd0a70a,07/06/2023,Wednesday,Electronics,2,2883,5766
34763132-9cf3-41a3-89f8-e77ac83adcc9,01/05/2023,Monday,Furniture,3,4300,12900
09a40221-057d-4ba8-a7a1-76a5c7ce3c8c,24/02/2023,Friday,Clothing,4,1764,7056
8757abf6-d782-4acb-be7f-fd8b84f1d8e8,12/01/2023,Thursday,Clothing,4,1582,6328
61ac4c22-a127-42a3-84d4-410a3d9faa10,25/05/2023,Thursday,Electronics,4,3195,12780
3bdf32d1-43ad-4259-b1ed-eaf9a31902e7,16/05/2023,Tuesday,Toys,3,3170,9510
f9e8c8a4-d14d-452b-a04f-ff4a7fd7cb6b,03/01/2023,Tuesday,Cosmetics,1,757,757
65ab5707-6845-48a4-8e3a-662ae6773b9b,24/05/2023,Wednesday,Electronics,4,228,912
1b400ac7-9166-4a92-a5ec-cc837a073890,30/01/2023,Monday,Cosmetics,1,162,162
000dfb4f-10cd-46a8-8fbc-c2fc9e6106bc,25/08/2023,Friday,Cosmetics,2,806,1612
5ef1da53-4c91-4678-a12b-268dfab72a54,06/10/2023,Friday,Toys,1,946,946
94fb5f5a-052e-400d-bcd6-c1509b36ddc9,14/12/2023,Thursday,Cosmetics,1,2918,2918
51ee0bcc-9e85-41d1-afe2-7a10b28a09e5,25/04/2023,Tuesday,Furniture,4,208,832
ee1f9d9e-a4c1-4e7e-a7c3-6adebf0534b7,14/04/2023,Friday,Toys,5,835,4175
2dc98ed5-caf1-4bed-a7b8-ae320420dd4d,28/04/2023,Friday,Electronics,5,1853,9265
70638093-fc01-4829-b60c-7f7423a77947,05/01/2023,Thursday,Furniture,3,1889,5667
617beda0-2588-4640-a951-4d8c2451cf3f,26/12/2023,Tuesday,Groceries,3,3218,9654
0a0a79e6-378d-4659-ac72-d7574046a5f1,05/09/2023,Tuesday,Clothing,5,2348,11740
980044a6-126a-4d1a-b707-131f3ca68665,30/12/2023,Saturday,Electronics,2,4128,8256
da4e1a70-f33a-416e-87d2-f9fd49572569,17/11/2023,Friday,Electronics,4,1592,6368
12db2a7e-d4cd-4388-acce-6dfeed62f50e,01/05/2023,Monday,Electronics,4,4258,17032
c85b6f7f-e2a7-4e11-8772-480766cb8273,13/10/2023,Friday,Furniture,2,4404,8808
c244ad37-0aba-4c77-b1eb-298ed3138763,29/05/2023,Monday,Groceries,2,2204,4408
e3203f3f-5b0e-4d3d-b81c-4365598a1022,25/03/2023,Saturday,Toys,5,624,3120
a452631c-6513-490f-a65e-ba0730ea5e30,19/08/2023,Saturday,Groceries,3,3088,9264
2c3788eb-2dcf-4e9c-8633-0c17af45ca71,15/10/2023,Sunday,Furniture,2,1431,2862
93c41785-b0cf-4a51-87f1-6fc4c1bbb1a0,10/06/2023,Saturday,Electronics,3,1272,3816
ca299293-79f4-425f-904e-de892a79b2e0,29/09/2023,Friday,Clothing,1,2524,2524
e926cdcc-7873-4654-a11f-35df0288190b,07/02/2023,Tuesday,Electronics,4,1551,6204
0fd9b9e5-c32f-4946-b359-e71c6920947a,14/08/2023,Monday,Toys,5,908,4540
cdc2f5f0-8809-4022-8d47-e14b10ea642e,22/05/2023,Monday,Cosmetics,4,3624,14496
653cf122-6c18-46c5-987b-685c69b8ea8d,19/10/2023,Thursday,Clothing,5,3779,18895
f10aaa86-cc4f-4d6e-b070-8492af6df722,31/05/2023,Wednesday,Electronics,1,3015,3015
82d68448-9995-406b-bd90-5406b9939d83,24/04/2023,Monday,Clothing,4,3241,12964
af773c78-9fd0-49ce-b39d-3e09c8afc716,25/08/2023,Friday,Cosmetics,1,1646,1646
dc5c9319-5a20-4d9f-bc2c-5126dcdced8e,07/03/2023,Tuesday,Groceries,5,1611,8055
0cc39f34-5d0a-4f43-acd9-962b2a42f408,27/12/2023,Wednesday,Furniture,2,2572,5144
26a35de3-b3f2-4e22-85e7-b4c5b4a51097,07/12/2023,Thursday,Electronics,4,2649,10596
b1e69548-e032-4be6-a9f8-5e02063ee739,15/09/2023,Friday,Toys,1,2441,2441
803d23e8-df18-423a-a133-f5d8b22a7c22,06/09/2023,Wednesday,Groceries,4,2725,10900
f9c5411a-6fc0-4e24-b290-9db959bf611f,27/11/2023,Monday,Electronics,4,2233,8932
180ed6d2-a4bc-4711-8f70-420102857cdf,19/11/2023,Sunday,Groceries,4,326,1304
f7d55fcb-6f1a-40de-b822-57ec8f8ac54b,29/06/2023,Thursday,Toys,3,3932,11796
e742dcb3-ad5a-4c8b-9110-b8d9b9a29b65,09/07/2023,Sunday,Electronics,1,3654,3654
8fac923f-03e1-4735-b22f-d614a99d023e,03/06/2023,Saturday,Cosmetics,1,2128,2128
68227042-dcff-47ae-9aa2-1d530e716b2b,15/07/2023,Saturday,Cosmetics,4,4392,17568
73a7f71b-d2f9-4961-80d2-e5e171b20a04,07/11/2023,Tuesday,Toys,2,4556,9112
6742046d-71a8-4761-8bf6-8a9cadc6d512,19/09/2023,Tuesday,Clothing,4,4127,16508
47beeffc-0d30-4173-a94a-cac9acccbdc6,23/05/2023,Tuesday,Toys,3,4218,12654
91b48944-e643-4640-ba73-23dbb1b5ca57,08/12/2023,Friday,Clothing,5,1170,5850
5edc3101-8bf9-4edb-8dfd-2d6d947343a8,12/11/2023,Sunday,Electronics,3,4818,14454
62261fc0-d666-4c72-bdc6-6977777bd855,11/04/2023,Tuesday,Clothing,2,2573,5146
438eeca2-e0c9-4356-8897-cddf17b0c315,01/09/2023,Friday,Electronics,4,3420,13680
9e922f60-d825-4ab7-a110-9eee532eabbe,12/01/2023,Thursday,Electronics,1,4432,4432
1f0fa381-3677-4f29-b38c-1e32db288b57,27/08/2023,Sunday,Furniture,4,1958,7832
83a57e39-df33-4a17-b691-cec31ef875aa,18/02/2023,Saturday,Electronics,2,3570,7140
74f29954-f38d-4851-bcf3-8769be80c336,11/02/2023,Saturday,Clothing,1,4357,4357
50f0314a-a53f-40fe-ada0-c10bc3112896,15/06/2023,Thursday,Furniture,3,4546,13638
38ef267c-0b06-4813-98a0-084da33789fe,23/03/2023,Thursday,Furniture,5,4800,24000
e952c220-be24-45b7-8e76-099f6c666ad5,18/10/2023,Wednesday,Electronics,5,3155,15775
0e8ae77d-5dd9-4071-be3f-b1a272076318,07/06/2023,Wednesday,Toys,4,547,2188
e7761879-91ef-47c7-9ffc-946b4e709e80,04/08/2023,Friday,Toys,3,3637,10911
24ffcd1c-5348-4680-ae25-040392bd64a6,07/06/2023,Wednesday,Cosmetics,2,4243,8486
2dcce8b1-c087-4427-b6aa-e27a883004e0,14/05/2023,Sunday,Furniture,5,2463,12315
2c291618-ec5a-4e14-a6b9-40629f5f3ea6,08/03/2023,Wednesday,Electronics,3,3850,11550
9985ab05-a882-4989-ac9f-56a7fed8f957,02/12/2023,Saturday,Toys,4,512,2048
3dab4b03-6516-4fa2-9115-12d7101d8dcd,07/01/2023,Saturday,Electronics,1,2810,2810
77ecc2e7-c68c-4985-ba19-8a73935d2f9c,14/01/2023,Saturday,Electronics,4,3507,14028
ee20d7c8-1bf7-4689-8f66-7f8cad81c95f,14/03/2023,Tuesday,Furniture,4,322,1288
70cd2738-17a3-42e6-b464-fe10c9fe5383,12/06/2023,Monday,Cosmetics,3,1200,3600
092ac972-1106-4e67-8ea2-0e5d50f9f42c,07/03/2023,Tuesday,Furniture,5,3439,17195
3aed770e-cc17-407e-add9-2693eac66026,13/12/2023,Wednesday,Groceries,3,68,204
8ca32632-a37e-44ec-bc51-60b227e0cc12,10/05/2023,Wednesday,Toys,1,1666,1666
097e9520-f3af-4145-a1b1-324ad77e3b21,25/07/2023,Tuesday,Toys,3,3228,9684
31ecfd02-2e90-456c-b6d9-3d872b48b066,03/10/2023,Tuesday,Toys,2,4131,8262
7b93f9e4-7786-485c-81ff-334a193a5ec2,13/09/2023,Wednesday,Clothing,4,461,1844
94a9dbdd-2417-4f09-848a-8d978d4349bd,23/09/2023,Saturday,Electronics,5,791,3955
04ff9f1e-a5fc-4ff2-b24b-44cf96e36206,25/01/2023,Wednesday,Furniture,1,2721,2721
1d65ab92-f9ee-4219-aab3-e6268c7e52c0,08/10/2023,Sunday,Toys,4,2829,11316
f8fa84e7-eb8d-457b-923d-17d60964f221,10/09/2023,Sunday,Groceries,3,2674,8022
3b892a31-5b96-4c8d-a21f-8a216e39a940,06/11/2023,Monday,Toys,2,564,1128
a5366e28-457f-45ae-ac65-d2018f7010ad,16/10/2023,Monday,Cosmetics,3,256,768
76ab4e80-ae7f-47d8-b1a5-ffd11a578977,13/06/2023,Tuesday,Electronics,4,997,3988
ec06976f-c823-459d-9034-609ed0d66787,05/04/2023,Wednesday,Electronics,1,2491,2491
d69ff8e1-24fd-4e66-9458-580a8be3b93e,27/09/2023,Wednesday,Furniture,5,1878,9390
eb4dacae-5355-4536-a52f-48139fcce252,17/11/2023,Friday,Clothing,4,3648,14592
59fcaa50-c6e5-4119-97c5-81d441ddf2e1,20/04/2023,Thursday,Furniture,1,2217,2217
9f79f374-feaa-4f0a-8a8e-9aa42c05a944,02/12/2023,Saturday,Toys,4,1706,6824
c014bd81-00b3-444c-aba7-e04c5c23df8f,06/11/2023,Monday,Cosmetics,2,651,1302
02baa824-366c-485d-a58a-d13ead34491b,26/08/2023,Saturday,Groceries,3,761,2283
8372cc0c-c320-4f8a-8b54-79f159dddb64,25/01/2023,Wednesday,Furniture,5,1253,6265
242acace-7065-48cb-b468-df9c52083182,21/05/2023,Sunday,Clothing,1,1441,1441
f87b2f91-1787-467d-a8da-0aeab2f5c274,27/04/2023,Thursday,Furniture,5,2746,13730
40bb37c4-1a87-4a72-a2ed-0d8c67832ec2,25/01/2023,Wednesday,Electronics,5,3322,16610
241976f9-3c9b-4024-a45e-2934e456cb6b,20/03/2023,Monday,Toys,5,4975,24875
2008175d-2811-4ed0-953c-ed1ceb18457e,09/03/2023,Thursday,Toys,1,3181,3181
753c05cb-b806-4b55-9c27-e5fd4b5f2d33,22/06/2023,Thursday,Toys,1,3780,3780
fef2ab10-5e98-4789-b387-5c18886a4838,12/01/2023,Thursday,Toys,5,2716,13580
09c1f80d-222d-49c4-bc7f-932d7ad95d4f,15/10/2023,Sunday,Toys,3,599,1797
af88e8a3-f83b-4696-99fd-7163d4fc73d8,08/05/2023,Monday,Toys,4,4791,19164
25714427-3c0b-4bd5-990d-49a128dd6620,06/04/2023,Thursday,Groceries,5,4032,20160
ea891d0e-8f28-4b5d-9f36-ad9e79626d56,02/04/2023,Sunday,Clothing,2,1294,2588
c0931694-46c1-4d4e-b590-703c6964b1d6,21/05/2023,Sunday,Toys,5,3936,19680
2cb3629f-f2ad-46ff-bcb6-a8833b1d02e7,31/01/2023,Tuesday,Clothing,1,4062,4062
1afcfd65-4063-41db-bbc2-12729ff2c0c6,30/11/2023,Thursday,Cosmetics,4,2599,10396
40fd988f-d19c-42e9-a348-f98df909a206,20/01/2023,Friday,Toys,2,3254,6508
9781896f-7d21-474e-8d44-1f57d3ba8278,26/05/2023,Friday,Furniture,4,895,3580
89edec98-a2e1-48e4-a721-ffe4cc935995,12/11/2023,Sunday,Toys,4,4595,18380
a29a1b97-7c2a-4faf-b37e-6a42b894c7a2,09/06/2023,Friday,Electronics,2,93,186
7d3f98f4-143f-462c-8cc1-76bc64b0c2f2,15/12/2023,Friday,Groceries,5,708,3540
b69f5d11-3435-49ec-b662-4d19855fa6d0,12/02/2023,Sunday,Furniture,5,4873,24365
1df523a5-d771-449f-a470-c859f8a57041,11/09/2023,Monday,Furniture,5,3980,19900
0689d472-fe70-445a-aa08-491b99fbf640,10/05/2023,Wednesday,Electronics,3,2917,8751
99355de8-61ff-46e7-8b10-128af91bea0f,01/03/2023,Wednesday,Toys,5,3697,18485
fdd3731d-b092-4b5e-a20b-6f6b59beb726,31/05/2023,Wednesday,Groceries,2,2832,5664
828b0261-f1ed-44f7-ad63-cbdcd776c001,14/10/2023,Saturday,Furniture,3,1741,5223
35f40630-e44e-4ff8-86cd-60a3eb1efd26,05/01/2023,Thursday,Groceries,5,2275,11375
f3fb1cdd-21a5-41b7-908c-d73a82fac73c,23/09/2023,Saturday,Furniture,3,3116,9348
b5999b7b-8a81-4ed6-81ab-dd70080fb384,11/12/2023,Monday,Toys,2,1997,3994
ad9b7696-1818-4adc-8a57-a908291f7b52,10/05/2023,Wednesday,Cosmetics,5,1415,7075
6282433d-d2cb-401f-bdd7-f0352c6bd12e,24/09/2023,Sunday,Furniture,1,3180,3180
13748111-3978-4d93-9831-942dad6b6905,27/06/2023,Tuesday,Cosmetics,2,4583,9166
299fd016-023b-44ec-9e6a-6006ef7c5203,10/09/2023,Sunday,Furniture,4,4571,18284
1cd2360b-0187-41c1-b8fb-b29446cb1bed,25/02/2023,Saturday,Clothing,4,1017,4068
4e7dfb91-e381-41a8-93c2-0c61835c2a5f,24/03/2023,Friday,Toys,2,1454,2908
26cf927d-af7c-411d-af10-3729b791a2de,09/04/2023,Sunday,Electronics,4,535,2140
ce4a7b9d-f2bc-4c9a-919c-9c7fb8d54b1a,29/05/2023,Monday,Cosmetics,2,1805,3610
7000b12d-ff65-4538-b4e8-e37d2954d6f1,25/11/2023,Saturday,Electronics,1,3680,3680
16be8c8c-d6b8-4573-801d-f82c153c80d2,05/06/2023,Monday,Toys,2,3018,6036
dc98c0c4-2dd1-4404-a75d-3bb90658f6c7,09/07/2023,Sunday,Electronics,5,1629,8145
c7bf0472-dd6a-4ded-bbfc-b0d4738bea15,20/09/2023,Wednesday,Toys,5,2845,14225
800c7725-c992-45d7-9620-37176dc52e26,21/03/2023,Tuesday,Electronics,3,100,300
2704ca78-6197-4565-a9b2-e4cbb85e29ea,09/09/2023,Saturday,Cosmetics,4,1709,6836
935c5117-dc18-41ce-a5c9-cc5e935bf980,07/04/2023,Friday,Clothing,4,4350,17400
cb7939ab-2d9f-4fce-815d-7042573bf7df,17/09/2023,Sunday,Electronics,2,2837,5674
2e8f6096-03c5-487d-99a7-c48ed5af0034,17/09/2023,Sunday,Cosmetics,4,4678,18712
927d91b0-9e0a-441b-b22b-e9258838a6d4,13/04/2023,Thursday,Furniture,5,2205,11025
7bc14b49-cdd7-4eff-bbe7-a96689d7dee4,09/02/2023,Thursday,Toys,1,4396,4396
a1267b0f-c387-494a-a6a2-3300a4ab7cec,30/09/2023,Saturday,Groceries,2,4280,8560
2c318777-971d-41a2-88ba-89a90da31c08,11/04/2023,Tuesday,Groceries,4,3211,12844
b021b3fd-ffe2-41f4-9416-18c40353c8dc,25/12/2023,Monday,Toys,5,1664,8320
41cc357f-dcaa-4b77-bc0e-e3909e6f9097,04/11/2023,Saturday,Clothing,3,2786,8358
d5c212e4-5181-406e-b5bb-56cf94145be4,09/08/2023,Wednesday,Electronics,4,456,1824
c85005f3-7b01-4051-b3f4-f1291c290fb8,04/11/2023,Saturday,Clothing,1,3429,3429
684191ef-9e81-48ff-86da-f9274072b947,04/05/2023,Thursday,Groceries,1,4247,4247
b354c7f4-3d2f-4794-ab0c-6370666216b0,19/08/2023,Saturday,Cosmetics,4,1434,5736
9c28a595-83a7-46b7-98ed-b880f57ce958,27/06/2023,Tuesday,Toys,4,3745,14980
b915b9cc-f9c1-496d-85ba-229e082b3823,04/03/2023,Saturday,Toys,5,4549,22745
95cf2400-628d-40ca-b1c6-a341671b3e7b,26/04/2023,Wednesday,Clothing,4,4959,19836
fbd25e8f-60b6-4067-9abb-952de14fdf1a,10/07/2023,Monday,Cosmetics,3,2952,8856
ade58fa4-ca82-44b8-864a-783d2bb8c29f,03/03/2023,Friday,Clothing,5,1679,8395
7403dffa-a6b7-4eb7-9a54-bb483cc5c94c,13/09/2023,Wednesday,Electronics,2,3312,6624
2e51b24a-cd61-495f-80b4-8b44513ce85a,07/01/2023,Saturday,Furniture,3,1076,3228
050d0e43-83cf-4fa2-9c31-787360c87218,04/06/2023,Sunday,Cosmetics,5,3039,15195
96df0262-b7da-4353-be74-990dd371f63e,02/04/2023,Sunday,Furniture,5,2274,11370
35eec16a-126f-4ecd-9895-0e177222e154,14/01/2023,Saturday,Electronics,1,2970,2970
3584d29c-48fb-4310-9d7b-4969b05b99f0,17/08/2023,Thursday,Furniture,5,4365,21825
9bc5fbc9-180e-49e6-9518-0a57c55f887e,27/03/2023,Monday,Groceries,3,4318,12954
2484fe0d-e253-4f1c-95c9-fd5ef2ed480e,13/05/2023,Saturday,Furniture,4,2833,11332
78b0683e-6f55-45fd-83da-835d5b8d42f8,02/07/2023,Sunday,Electronics,3,1463,4389
076c5bb1-3af2-4822-adfc-3cdedc918555,03/03/2023,Friday,Furniture,2,4647,9294
96277602-1dd0-4b3d-924e-95c09e74f0de,07/08/2023,Monday,Toys,5,3698,18490
cbdfd1ab-2b4c-4c8c-b7a9-aa913bcb7841,03/09/2023,Sunday,Clothing,5,2858,14290
849b2996-39d7-4c8c-aaa9-bbfff26fa606,18/08/2023,Friday,Groceries,5,3381,16905
3332e990-e98d-4202-ad90-e49d4bd3da24,20/03/2023,Monday,Toys,5,2228,11140
c74f7c31-a938-4090-82b7-50cc5553aac9,29/05/2023,Monday,Toys,1,847,847
c8e05c74-ac14-4389-937a-0853df2829ac,18/05/2023,Thursday,Electronics,1,2896,2896
7daee729-bb79-4a5a-8373-2d1e543ddeb5,10/11/2023,Friday,Clothing,4,979,3916
12a1d1e4-d5ed-43b8-9b37-e0b642219139,06/03/2023,Monday,Clothing,5,4868,24340
e420b223-07ad-463e-b1de-68dfc6a7676e,13/01/2023,Friday,Cosmetics,2,3141,6282
1e1ba2d1-110f-41bc-973e-b6f6f546e6b8,01/08/2023,Tuesday,Groceries,4,2312,9248
023e3e86-c328-4226-9f1d-ce20d2705fce,30/08/2023,Wednesday,Electronics,5,1383,6915
eaaddfba-47fb-4442-bcf4-5de946e726d1,01/08/2023,Tuesday,Groceries,1,1324,1324
0f952488-39fd-44c9-82d6-7703c681c31c,30/06/2023,Friday,Cosmetics,2,4633,9266
6cbea97f-cf05-4e78-a7a5-c9be16f07c4a,04/12/2023,Monday,Furniture,4,3530,14120
905127aa-585c-4ebb-8ea6-e10f3e776b8a,22/06/2023,Thursday,Toys,2,3392,6784
368c4a37-d8db-49eb-8c85-fd2f5e1e4375,09/06/2023,Friday,Groceries,5,1267,6335
3c23dd44-d2b2-4c8c-93a3-825000909f49,13/06/2023,Tuesday,Toys,3,1514,4542
cd3149b0-6892-4df2-9c3c-5aa7087957c5,07/07/2023,Friday,Electronics,2,4458,8916
21f9feed-a46a-4d50-9c4b-8b0f2aa9de4e,10/07/2023,Monday,Furniture,2,4224,8448
2bf698a5-ce69-47a1-9479-01126e4892f0,04/11/2023,Saturday,Electronics,1,4820,4820
1602ee94-d920-437c-ad18-6470faa2097d,13/09/2023,Wednesday,Furniture,5,63,315
f9869af1-e6b7-4390-8a7c-3ea5e0f68fcc,02/07/2023,Sunday,Furniture,2,2343,4686
60a55550-98fd-4f35-9804-58a59aea0a26,27/04/2023,Thursday,Toys,5,2095,10475
1e551cd8-eb02-4d6f-95de-d3b2b9d102ff,09/10/2023,Monday,Electronics,1,1087,1087
bc2f3819-74bb-488d-bc33-271e7f64bfde,15/07/2023,Saturday,Electronics,5,4178,20890
45078707-aef1-4f1e-abdd-14977795174f,03/02/2023,Friday,Groceries,1,1509,1509
236dcfb0-600a-40e9-a8bb-5bf1561b140c,21/02/2023,Tuesday,Electronics,1,306,306
9456a2db-9e8f-4fae-8cb5-13a992dc8ea6,22/04/2023,Saturday,Groceries,4,4179,16716
f13ea38e-9c75-4ed3-b32c-7b4c96bf7370,09/09/2023,Saturday,Clothing,5,4123,20615
6c43981d-5bd9-44ed-99a6-d33cb6e99528,23/03/2023,Thursday,Clothing,3,1333,3999
a69792ff-01a9-4dd1-a7d0-ed1644486751,20/08/2023,Sunday,Clothing,4,3537,14148
ad155cc0-ff45-4be6-bcc2-2bfc836b9cba,15/08/2023,Tuesday,Cosmetics,1,2234,2234
7f9a68e5-e073-429f-8206-9ff7784d7462,21/08/2023,Monday,Electronics,3,408,1224
008180fb-631b-48ee-b681-c416d49170cc,09/08/2023,Wednesday,Cosmetics,2,3841,7682
54e0ede0-1851-4d61-b5b1-fe7071b4850f,11/02/2023,Saturday,Electronics,2,4899,9798
2bd9b408-0b0e-4c84-90f0-0fb364585216,21/01/2023,Saturday,Groceries,4,3237,12948
503ad816-77b2-4e31-8074-91c7960c88a5,11/02/2023,Saturday,Cosmetics,3,4549,13647
99e3b616-88ec-4ee1-ad2e-13d381bca90e,23/04/2023,Sunday,Cosmetics,5,1275,6375
09f9aaa0-008b-4dc7-8826-e5e0f5abf08c,15/04/2023,Saturday,Cosmetics,3,2347,7041
5e3d074f-0604-4ec5-bd57-762b71abd478,11/07/2023,Tuesday,Furniture,4,327,1308
573309d0-7615-4696-81ed-d665a9fa4e9b,17/01/2023,Tuesday,Groceries,5,4257,21285
19e240c7-aa41-48c8-b014-77f501679309,30/04/2023,Sunday,Clothing,5,2036,10180
addf922d-8d26-4248-8731-0ad7d3333b4e,09/05/2023,Tuesday,Groceries,2,3594,7188
e7b5e1cd-4024-4c49-84bb-9fa5f6548fa1,10/05/2023,Wednesday,Furniture,3,2843,8529
33d375e7-322f-432c-9cb5-39e52bbba7f4,01/03/2023,Wednesday,Electronics,5,441,2205
194ab96f-5bc1-4850-98f6-7c6c440b2108,17/02/2023,Friday,Groceries,4,1018,4072
3a09b7c3-caf1-40cc-885b-903ba7ef879e,29/01/2023,Sunday,Cosmetics,2,2240,4480
5c14c9ea-c56e-4dc1-b1e8-3fd2bbd12854,07/04/2023,Friday,Clothing,5,2278,11390
49c4b69c-f8ab-4296-a01c-39df19fb238b,10/01/2023,Tuesday,Clothing,3,2676,8028
6c8f3082-cd6a-4efb-8f71-f8d75adb54e1,30/08/2023,Wednesday,Electronics,2,2895,5790
e62d979c-df2b-4b77-8022-39c9c3c2f35a,10/11/2023,Friday,Groceries,3,4414,13242
e602c186-aea0-48c4-9a52-d752e7c405e0,20/08/2023,Sunday,Furniture,3,3357,10071
03a7d0d0-d32e-4144-9a5d-9a68d0c107f6,04/10/2023,Wednesday,Electronics,3,2650,7950
b27f11cc-6bfe-476d-9d43-f15c785b2775,11/10/2023,Wednesday,Groceries,2,2730,5460
71af66b5-539a-42f0-9a81-dcfe0230fd21,22/07/2023,Saturday,Toys,5,4420,22100
4d86a29e-7e28-4e37-a1f8-dc15d7767020,04/09/2023,Monday,Clothing,1,4888,4888
bbbdaca1-9b6e-4563-9c98-0d660d17182e,17/10/2023,Tuesday,Furniture,5,135,675
d275bd11-c1b8-4934-80b7-9484742e6b1d,21/09/2023,Thursday,Cosmetics,2,3184,6368
7fc1a0dc-ee71-49a1-86ee-3467857a85cd,02/08/2023,Wednesday,Furniture,1,4549,4549
d2305225-8b56-4525-9bb5-a35c71d670c6,19/07/2023,Wednesday,Cosmetics,1,2289,2289
22070379-eb4c-4574-9a5c-1762b57d2466,20/03/2023,Monday,Furniture,1,3414,3414
974b1b98-7e85-4d7e-9662-3df5a9de2096,09/12/2023,Saturday,Clothing,4,2095,8380
2107ca6d-5429-41c8-a3be-80b99c73f4ab,10/12/2023,Sunday,Cosmetics,2,1104,2208
147bc951-a11b-436d-9f98-a311b6d8ce57,22/06/2023,Thursday,Groceries,4,3451,13804
5c386009-e902-4700-a9c5-e6b58125e7f6,10/03/2023,Friday,Cosmetics,1,3779,3779
14daf654-ac9c-4cd9-b352-42dbfdb7d536,28/03/2023,Tuesday,Electronics,4,2719,10876
fac84f95-7f52-4b19-b777-68164ef17737,11/04/2023,Tuesday,Groceries,4,325,1300
dc38efd0-27ab-41ee-a2ee-35c700c9f2cf,08/01/2023,Sunday,Electronics,2,4796,9592
24a55e86-16ef-46d5-95cf-7798b9f80570,29/11/2023,Wednesday,Furniture,3,4140,12420
5ace6203-734f-4f42-baa7-d37beba6f107,19/07/2023,Wednesday,Groceries,4,1155,4620
6e6dd3ba-edc7-4aa1-8c43-c13796c7213c,28/03/2023,Tuesday,Furniture,4,4731,18924
2482938d-21cd-4c3f-88f6-509707f36509,12/02/2023,Sunday,Toys,1,2982,2982
8ac505ba-98de-43ba-a2ab-803863b0a2c5,19/04/2023,Wednesday,Furniture,1,178,178
f068d8b4-b7d3-491d-b4af-33ba68387273,01/06/2023,Thursday,Furniture,1,4401,4401
f27bd5d4-77ca-4e22-aa4a-c68849a97767,17/01/2023,Tuesday,Electronics,5,4376,21880
dbe4da63-2859-4a2c-a4a4-651ea20aa905,13/05/2023,Saturday,Cosmetics,4,3618,14472
a7cc741e-387b-43fd-9dc5-183b417da4df,28/05/2023,Sunday,Toys,1,2452,2452
3f79fd76-5e8f-4da2-b46b-928407511677,04/10/2023,Wednesday,Furniture,2,1697,3394
ce577623-f6f9-43d0-b003-d0b781122af7,20/08/2023,Sunday,Furniture,5,3606,18030
7db0cc3e-cf8e-4cf0-a6af-f74d34373827,10/11/2023,Friday,Toys,3,3941,11823
c2cf447f-f3ce-41c0-9777-ff0a99d51c1c,16/08/2023,Wednesday,Toys,4,2243,8972
5a31290d-713d-49c3-9ad1-73470ae8e9fa,19/05/2023,Friday,Groceries,4,2097,8388
874e1093-19f3-42ef-b783-545ba6615a3b,30/07/2023,Sunday,Electronics,2,3154,6308
171b8b7c-3374-4c74-acd3-e1ef816478dd,28/01/2023,Saturday,Toys,3,4405,13215
e0a839f5-cfd1-40ff-b2d8-b7d8505890f5,20/02/2023,Monday,Toys,3,2184,6552
f1edd669-dd9e-4f87-b028-efac1e9504b0,18/09/2023,Monday,Clothing,5,892,4460
4c28826d-ea40-4c36-b4af-89d971d3b9e2,18/09/2023,Monday,Cosmetics,4,2021,8084
5c627869-41d4-4761-9e50-9ba83200dd0c,16/12/2023,Saturday,Toys,1,4410,4410
f604e606-022f-4932-804f-abc456e1ee2f,18/12/2023,Monday,Electronics,2,3953,7906
8d333578-b77e-4daa-b37b-c41589f985d9,08/01/2023,Sunday,Cosmetics,2,3663,7326
c83f98d6-3ad2-4400-8381-82eba0718143,16/11/2023,Thursday,Cosmetics,2,441,882
e9bf4cfe-ba45-4b0b-b7cf-d12c2ab0c883,18/05/2023,Thursday,Furniture,2,2329,4658
eecbbe61-5131-49e4-99ac-1cb20b87ad52,07/02/2023,Tuesday,Furniture,1,950,950
4c2c7590-6c62-4237-b46a-e2e964ad5268,21/04/2023,Friday,Furniture,1,4733,4733
13158fa1-8a90-4663-ac4f-f785bd521c0b,08/08/2023,Tuesday,Furniture,5,2544,12720
98544349-4d98-448c-9c73-a552acca03aa,03/12/2023,Sunday,Clothing,4,1202,4808
300b7ce0-2cdf-4468-ae60-301e743a1599,11/08/2023,Friday,Toys,1,1344,1344
a67ce196-d551-4359-b3ad-794e95ac6c90,16/05/2023,Tuesday,Furniture,5,515,2575
8fa1c63e-1cd2-4cdb-bbb7-41d688098eec,13/09/2023,Wednesday,Groceries,3,2225,6675
396cb604-e970-4f22-a950-863d85b5e9fe,26/12/2023,Tuesday,Furniture,4,3295,13180
a62c2f13-7b42-4be1-8c24-48c7d4729ef8,25/11/2023,Saturday,Toys,1,537,537
516b4801-5ac7-4d6c-a553-0e392e5c22dc,18/02/2023,Saturday,Furniture,3,2988,8964
ed697575-85e6-41f5-ad03-7d87da5faed0,19/10/2023,Thursday,Clothing,5,2676,13380
65c607be-fd47-4681-a84d-217155ce4c19,20/11/2023,Monday,Electronics,1,999,999
0602733f-5047-45e3-8606-f90300a1e846,19/03/2023,Sunday,Electronics,1,4551,4551
430438eb-25f9-4d01-ad81-2dec7302f051,15/04/2023,Saturday,Toys,3,1099,3297
7055ef69-e441-44dd-8e92-0e64b568d7b3,18/06/2023,Sunday,Electronics,1,4125,4125
38763d21-31fa-49c8-a3ef-356c38127249,05/08/2023,Saturday,Electronics,2,4509,9018
e439ff65-fc3c-46d2-bf4e-52bafa9bdec7,29/04/2023,Saturday,Groceries,1,1440,1440
636d2e56-c953-4950-b09b-4e9484e85e71,09/07/2023,Sunday,Toys,4,1133,4532
9a2fe096-e1d2-4486-b09c-a9ba17733292,12/09/2023,Tuesday,Toys,3,4696,14088
2cc35d8c-6cd1-4045-81fa-00942864f986,23/09/2023,Saturday,Electronics,4,1708,6832
74d19f5c-6cab-4204-8f95-eb37870d252d,29/05/2023,Monday,Electronics,5,4437,22185
a1b356f9-54db-4c7f-a9d6-073f9c2c520f,13/06/2023,Tuesday,Electronics,4,1867,7468
d6f87137-a91e-4133-9dea-eccd8c133f23,20/05/2023,Saturday,Cosmetics,2,240,480
6aaee2f7-14a8-47c1-a61a-dde4d8bf8453,13/12/2023,Wednesday,Clothing,2,510,1020
49738fc2-3793-48ab-906c-de04430aa96a,15/09/2023,Friday,Furniture,4,2571,10284
acfb4479-ea6e-401b-b0a9-413c6cc45c0a,26/09/2023,Tuesday,Clothing,5,3526,17630
e4701aa6-e2f7-43a8-b169-2b1c985235e5,30/06/2023,Friday,Toys,1,2755,2755
37e1b04d-094a-45f9-a36c-6df461f18022,09/06/2023,Friday,Groceries,2,4416,8832
f70e212b-5450-4075-8040-8393ccac7da3,17/12/2023,Sunday,Furniture,4,1207,4828
478169a0-0341-4759-bbce-23a032ba452f,15/10/2023,Sunday,Groceries,4,4316,17264
30626f1d-06e9-4d0e-8914-c88b7adafb13,15/10/2023,Sunday,Cosmetics,4,77,308
61c9e567-d16d-492d-9933-67af4e1baa98,14/08/2023,Monday,Toys,1,4281,4281
c0e8fd8f-eea3-454e-886d-51a73f965f67,11/01/2023,Wednesday,Cosmetics,3,3022,9066
ec191f83-3dd7-4754-b39d-87128fd4fb82,10/01/2023,Tuesday,Toys,5,3074,15370
9ed2a8ce-6991-4cc7-b57a-49d660d2c969,28/09/2023,Thursday,Groceries,3,1314,3942
61a1c7b6-9df3-42c1-8731-43d58bd67308,30/09/2023,Saturday,Groceries,5,905,4525
ee1681ad-1c04-474c-bc5e-b57641b41c18,02/07/2023,Sunday,Groceries,5,4075,20375
1ea555f2-6ef9-4106-9891-91bd8f002e18,02/06/2023,Friday,Toys,4,1301,5204
2e7ecd36-5da8-4b1e-8995-7683f7adcbc9,11/11/2023,Saturday,Electronics,2,4654,9308
ba775512-453c-4b52-874b-3f8e7086632c,30/11/2023,Thursday,Groceries,4,3920,15680
455eabfd-6fa7-44a6-95df-7641cb0505b0,04/05/2023,Thursday,Cosmetics,1,1376,1376
d69d20fd-8886-47ef-86d5-1d0a1e2e3d95,24/04/2023,Monday,Furniture,5,1075,5375
8009ceb5-e11f-4012-a687-7d9bf56a638e,05/10/2023,Thursday,Toys,2,411,822
b93654a8-13df-46b2-8193-280cdc3d7851,01/08/2023,Tuesday,Cosmetics,5,1268,6340
e972f24c-ddc0-42ed-a56c-552682e1699e,21/06/2023,Wednesday,Clothing,5,655,3275
138a477b-0293-42a2-9e47-4925948fcf2d,15/10/2023,Sunday,Clothing,4,1720,6880
8a31a40b-e4e7-41c2-b514-fe8889bba93e,23/06/2023,Friday,Furniture,2,4861,9722
40df0727-5b21-4fb7-a2d4-f6494d703aef,23/04/2023,Sunday,Electronics,2,2347,4694
2b87c5c1-5a04-40a2-9eab-f3e56db45ce6,02/05/2023,Tuesday,Groceries,5,2244,11220
941a9347-7bf1-4bac-9cdf-7293b7e84509,01/02/2023,Wednesday,Toys,2,4493,8986
39fb7576-5b6f-474d-9463-c33614de4620,10/08/2023,Thursday,Cosmetics,2,1327,2654
64074b69-fd13-425a-8804-c0d3dce29852,29/04/2023,Saturday,Groceries,4,448,1792
9c1b84e9-2447-4a9d-9aca-504a4dcd0e4e,08/02/2023,Wednesday,Cosmetics,3,2222,6666
dfb64e34-1864-4ff9-bcd2-01817599f3a6,25/09/2023,Monday,Toys,1,2860,2860
d6c8c7a7-8069-4e9a-86c1-d6c8f15ee732,21/08/2023,Monday,Clothing,3,2702,8106
1286fb1b-05d7-478a-b186-df5fcae1b547,18/01/2023,Wednesday,Groceries,2,2989,5978
b877585f-b7ac-49b3-b1a3-cf53c3980e46,29/05/2023,Monday,Furniture,5,871,4355
393b4ee3-3a9e-4897-8577-cae7e18a75f3,29/05/2023,Monday,Electronics,1,994,994
43a680c5-a8ea-4ba0-b1b2-25e824f9931d,06/05/2023,Saturday,Furniture,1,3528,3528
cb407bd5-9857-4a86-a193-00fd13aab7ee,29/10/2023,Sunday,Electronics,5,2829,14145
2ee6617d-b280-4b60-8f8b-7ff315e9ecfc,26/12/2023,Tuesday,Cosmetics,1,4479,4479
14b91751-1e70-45e8-b246-e80a2abfe43f,26/08/2023,Saturday,Groceries,5,4500,22500
5eea8b65-4278-471e-b3f1-dde5c31f813e,15/05/2023,Monday,Groceries,1,1246,1246
a1effb89-474d-41b0-8e7e-1ebf5afec75d,31/05/2023,Wednesday,Electronics,3,1262,3786
ebfcf3cb-1487-447b-9905-80129f8bb7e2,24/08/2023,Thursday,Clothing,1,873,873
d0e4d57c-d9e1-4107-a681-9a7e281313fe,12/08/2023,Saturday,Toys,4,1946,7784
1aa79bcf-8098-4425-be17-342de8a545e7,22/07/2023,Saturday,Furniture,5,4313,21565
d7e8f61e-874d-4852-b73a-c9328b4a92e0,13/09/2023,Wednesday,Cosmetics,1,2465,2465
5ee13c2c-4414-44f2-a5b4-005220094e59,27/03/2023,Monday,Furniture,5,585,2925
7a527b58-2661-4d01-997e-4aebab10fd40,30/05/2023,Tuesday,Furniture,4,3060,12240
64746f6c-13be-452d-ac4c-042e775d1873,23/08/2023,Wednesday,Cosmetics,1,2677,2677
54b8d3c0-8234-4857-a750-d2f1217a1f2a,11/12/2023,Monday,Cosmetics,1,3827,3827
7daacabf-2c14-456c-9131-7f5041a03fab,22/01/2023,Sunday,Groceries,4,999,3996
4a860cc3-7156-481c-865e-0775a2f28540,14/12/2023,Thursday,Furniture,4,3558,14232
3a172f36-ebe8-4333-8b41-34eb47d9133e,12/10/2023,Thursday,Toys,4,4352,17408
babedc27-28c2-4fac-a9ba-3942ddcb9685,26/09/2023,Tuesday,Toys,5,593,2965
418580bd-3387-45e2-86ef-ff58d97458ec,15/09/2023,Friday,Electronics,4,3950,15800
ccd2d1fb-852a-4e0a-9ca8-51d135b5c51d,29/01/2023,Sunday,Cosmetics,5,3803,19015
d467ea8e-08e6-40f3-8979-1b08bddb87a6,01/08/2023,Tuesday,Groceries,3,4274,12822
f4c4b9bb-d604-428b-a5dc-90adbe44ffe8,10/10/2023,Tuesday,Toys,1,2132,2132
46dd837b-2f0e-4bb9-92fc-d70d6ac8fcc5,19/02/2023,Sunday,Clothing,1,2916,2916
0d0e4243-e9c4-4791-99a8-d8077d58a39d,05/04/2023,Wednesday,Groceries,2,2296,4592
561c1a47-9cc4-42b6-9d2c-5a277aa46db8,29/03/2023,Wednesday,Groceries,3,1886,5658
2805dcf5-13b0-4f33-9097-c9edf4c35439,13/02/2023,Monday,Toys,4,126,504
65cc850a-39c8-4604-85f7-394cde20e5f5,05/10/2023,Thursday,Clothing,4,418,1672
89e78dff-6ec6-4458-a694-249afe388690,20/06/2023,Tuesday,Electronics,3,4671,14013
ee5848b6-8edd-410b-a465-4a9577e736f8,08/07/2023,Saturday,Toys,4,398,1592
2cd8c3eb-facc-4419-82a1-ce0b02f56d18,19/12/2023,Tuesday,Clothing,2,4651,9302
d726c89e-1c1a-451a-93f0-f39b1c733b3f,03/07/2023,Monday,Groceries,5,4788,23940
6db6f616-2d82-4c76-b18b-c055e181c4ec,03/01/2023,Tuesday,Clothing,1,4383,4383
4b1d679b-d1cf-4b83-b1b7-65b0663d7755,10/07/2023,Monday,Groceries,3,1505,4515
ce74dccf-3c28-4217-bb75-f53812862c22,28/04/2023,Friday,Toys,1,2235,2235
6f093a37-db23-43ff-963d-d81cb7de05ed,19/01/2023,Thursday,Cosmetics,5,3861,19305
29640c60-ed8e-418d-bcac-7aab5db77faf,23/01/2023,Monday,Toys,3,3322,9966
21b2387e-9297-4a9a-a2f4-5d51ff31caa4,30/01/2023,Monday,Furniture,5,3732,18660
b0310f30-57c5-49da-bb7f-fd70da4d6113,22/10/2023,Sunday,Furniture,4,1896,7584
b4f215f0-c7ed-447c-aad7-9d299230cda2,18/04/2023,Tuesday,Furniture,4,1904,7616
b401d666-5e5a-4991-9182-1b3b85d8f31b,08/10/2023,Sunday,Toys,4,3035,12140
e05c0343-567c-4de0-870e-79be4f389bff,08/05/2023,Monday,Electronics,5,4500,22500
85c7a475-af2d-42ca-ac6b-4dac8a940298,17/08/2023,Thursday,Toys,5,2675,13375
ea054f57-7b02-4360-8b9b-040da9fd1e7a,21/04/2023,Friday,Cosmetics,5,2944,14720
0399759b-06f5-4d53-ba4f-bcaac24d5ca2,16/05/2023,Tuesday,Clothing,1,608,608
de0f8913-69be-4d50-8de2-1b85dac47bb1,28/12/2023,Thursday,Toys,5,2946,14730
77abca22-8680-4a0e-a141-6340ea681068,05/07/2023,Wednesday,Toys,4,1967,7868
6a3415e7-d556-4c02-9c6d-472d12c0f18a,24/05/2023,Wednesday,Groceries,2,1304,2608
6b8b9550-081c-46f1-b6a7-2befca87af16,13/03/2023,Monday,Groceries,5,1731,8655
ca46f0d5-3513-4328-b65d-9d4e1311a82d,09/05/2023,Tuesday,Groceries,2,1864,3728
9f46cfff-248c-4372-9dd8-c589566bf178,30/12/2023,Saturday,Toys,4,712,2848
e208bd3a-eebf-44c7-a478-775ab36c496d,18/09/2023,Monday,Electronics,5,4166,20830
cc42e6eb-969e-41df-a61a-181368a890f3,03/01/2023,Tuesday,Clothing,1,3375,3375
ee8e4b96-6388-4ddb-9f8f-9672a34ee630,14/04/2023,Friday,Clothing,1,1291,1291
de26aa85-4f0e-4228-9997-bf61530daa6f,12/08/2023,Saturday,Cosmetics,2,3193,6386
2630a3c7-cefa-427b-ab1d-1766a12342d3,16/11/2023,Thursday,Electronics,1,3087,3087
b3a3682c-cc0d-4d98-a48b-73ea84ee820c,28/12/2023,Thursday,Electronics,1,211,211
f1924946-865a-43f0-b31b-bca1625352c7,20/12/2023,Wednesday,Clothing,1,4275,4275
9dbb7c09-55cb-4d94-80ab-b906685a02f1,10/01/2023,Tuesday,Furniture,4,2000,8000
6481c19e-66a8-41ba-9331-2b58c3fae3d8,29/10/2023,Sunday,Groceries,1,4370,4370
392b0205-3f98-4a02-953e-058f120c5fdd,19/08/2023,Saturday,Groceries,3,1831,5493
6e8e00ad-6b89-4072-b150-10ab59e6ff04,07/08/2023,Monday,Clothing,5,4725,23625
f5af19fc-0ee4-4a59-8849-b00c2865a9f5,07/03/2023,Tuesday,Electronics,1,1527,1527
7e41b11b-f258-4fc3-a04e-a5acd3afe1a2,22/04/2023,Saturday,Cosmetics,1,3080,3080
9cf5bd07-594a-4fe9-a0aa-a414ebd646b2,13/01/2023,Friday,Furniture,1,4036,4036
ccb0767b-132f-4318-a7fc-92decf43ffe0,27/03/2023,Monday,Clothing,3,156,468
1c7d8ab8-3c87-4953-ae8f-985820c1a500,22/08/2023,Tuesday,Groceries,1,2718,2718
fc4c6478-bf55-45cd-9aa8-613829a66e66,31/03/2023,Friday,Toys,1,4985,4985
6d6bbd8c-c58e-4552-a53b-88164489e822,10/11/2023,Friday,Electronics,5,1214,6070
62b6e1f0-7c60-42c2-b882-0d11bed1c7e2,23/02/2023,Thursday,Toys,3,1207,3621
05bdb804-1a3d-4250-b7f1-716b39cd7ef5,12/01/2023,Thursday,Cosmetics,3,2296,6888
a89dc409-f872-47f8-bf90-acd7512eed45,28/07/2023,Friday,Clothing,1,716,716
266dc3ab-6ba0-4b45-a0a0-a5777ec49723,14/01/2023,Saturday,Groceries,3,2176,6528
683f29b0-1da3-4859-abd9-60d0138a256c,01/05/2023,Monday,Furniture,2,2991,5982
7b7ceb2f-9e4c-4fcf-9b19-074445b17ce9,20/01/2023,Friday,Toys,3,561,1683
0364721f-c895-42ba-b3d3-ec16cb32451c,16/03/2023,Thursday,Furniture,3,299,897
c4e8af05-f546-4bd5-9d1b-4e84b7724956,31/08/2023,Thursday,Cosmetics,3,938,2814
5000c6a3-c559-4a80-9c75-3cb5b2689ab2,11/08/2023,Friday,Groceries,4,1073,4292
47aeb4c6-6c32-45c4-b69e-f102d5e22dfb,11/03/2023,Saturday,Toys,4,4744,18976
88dbcd3f-c9fe-45b0-984d-5fd6475f60c4,08/11/2023,Wednesday,Cosmetics,4,4898,19592
d81a8c42-63a0-41f3-87d0-46f34292b557,30/07/2023,Sunday,Furniture,3,649,1947
9960544a-16c9-4097-b09d-5c2fae7b8f7e,11/04/2023,Tuesday,Furniture,2,3072,6144
1d659410-da3f-4ecb-bb23-3a9b713152fb,05/07/2023,Wednesday,Toys,3,2580,7740
077fc5fa-80d8-4174-a467-74f7613f2aa2,12/05/2023,Friday,Groceries,1,2933,2933
d1c851bc-e578-4473-9015-e933478a56d5,21/04/2023,Friday,Furniture,2,2114,4228
0134f959-db29-4617-87f9-08a0a1dd1b9a,12/05/2023,Friday,Clothing,4,1808,7232
a59234fc-e8f4-4434-81c4-d18431f99901,20/01/2023,Friday,Cosmetics,5,3619,18095
be35360e-191e-45fc-975a-a06cd1cd027b,24/01/2023,Tuesday,Toys,2,1292,2584
f456e5c1-3b8b-497c-a602-75131a73e28b,15/08/2023,Tuesday,Electronics,4,4379,17516
4a3ba45f-e10e-48d1-8f18-5f10322bc5e9,03/06/2023,Saturday,Electronics,2,2345,4690
487db564-d24e-4a12-a8fa-2893f500a530,20/10/2023,Friday,Groceries,2,1975,3950
211e11de-4745-4bac-b0a8-1872d472face,18/08/2023,Friday,Clothing,3,2112,6336
8f83fc69-5b89-469e-ad56-3212d8ff16b6,06/11/2023,Monday,Furniture,1,3445,3445
7ba7370e-1f96-45e6-8ecf-138e4bb86cde,25/12/2023,Monday,Electronics,5,490,2450
8c6acc91-9092-4a87-b7c7-c00dd9fb288c,21/07/2023,Friday,Groceries,4,2793,11172
4412b770-53ff-4e89-8bfb-2300d39f6763,07/02/2023,Tuesday,Cosmetics,2,56,112
9d00810b-74ee-43ed-97df-ed0ae9b86957,17/09/2023,Sunday,Clothing,5,1636,8180
b396394a-fb0f-41c0-a623-e29c01a523be,07/07/2023,Friday,Clothing,2,875,1750
c9065c2c-9b37-4291-bf12-19f6a93e819d,26/02/2023,Sunday,Groceries,1,3874,3874
a5e1c81c-a0f9-4e5a-a7bf-563a2b0ca810,20/01/2023,Friday,Groceries,5,1318,6590
ad392b10-4067-4242-934f-296daa70374e,30/09/2023,Saturday,Furniture,4,3486,13944
ba8886a7-9aa7-4a2f-8dc4-c43cc830aeb7,29/04/2023,Saturday,Groceries,2,3488,6976
3f05f1f1-0eaf-4fdc-80b5-992ea0a5353a,12/03/2023,Sunday,Furniture,1,1360,1360
c9f76a33-57d1-4784-99af-e2e36f9de9fd,04/01/2023,Wednesday,Furniture,5,4083,20415
dad844f6-44bf-4f48-b4f7-ee2c2e8a8806,09/08/2023,Wednesday,Toys,2,1677,3354
a902b369-3489-40b2-b486-55e0f8b2cb37,14/01/2023,Saturday,Clothing,2,1086,2172
a55e340e-ff10-4126-9e69-b3800e502870,03/01/2023,Tuesday,Cosmetics,4,527,2108
e98feef9-62f3-4297-b189-68ebbea9a932,04/08/2023,Friday,Clothing,1,2728,2728
27ebab89-7ae4-44a5-b66b-aa5c8d48b7e0,17/08/2023,Thursday,Clothing,3,764,2292
6273a24a-442a-4f6f-84cc-640d7a6a95ac,02/12/2023,Saturday,Toys,2,1726,3452
7bb198be-578e-4b71-8f02-fb5811e350d8,05/07/2023,Wednesday,Furniture,5,2212,11060
a9a3e7b2-56d2-4c27-98c9-a3a05856f3d0,24/02/2023,Friday,Furniture,4,558,2232
c840f413-366f-4e0c-9f63-89e238735cb2,11/09/2023,Monday,Groceries,4,431,1724
a8d96f03-d323-41fb-962e-dcb638703a34,24/01/2023,Tuesday,Toys,2,1230,2460
bf282a14-6db3-4f99-a462-a425c803796c,11/06/2023,Sunday,Groceries,2,1895,3790
db5b7fdc-8858-47cd-be55-db94e8113895,07/06/2023,Wednesday,Toys,2,4420,8840
90e36008-6389-4f13-b1a2-d8fa99076945,23/03/2023,Thursday,Groceries,3,1768,5304
4f1613fe-da0e-49cb-b638-cfdaf57d0a11,08/06/2023,Thursday,Electronics,2,1150,2300
0905cf13-af4a-4682-8858-fc37d25d189d,07/07/2023,Friday,Clothing,1,1910,1910
e4a097e3-2a78-4274-a2e5-b907e3cd5204,01/03/2023,Wednesday,Clothing,5,2141,10705
280cd197-59b0-47a4-9010-56fc0167ebc3,01/11/2023,Wednesday,Cosmetics,2,767,1534
e7b131e2-1a2e-4bfc-8bcd-3ebbf38090c5,15/11/2023,Wednesday,Furniture,3,367,1101
3fde9613-d0c7-4d01-841b-7f600801d390,30/07/2023,Sunday,Cosmetics,5,4679,23395
bf8804b0-2684-4a00-a610-91d817490baf,01/06/2023,Thursday,Electronics,4,1826,7304
58936fd5-b76d-459a-a07f-ba0eab34631d,19/04/2023,Wednesday,Cosmetics,2,2334,4668
52462568-3627-4602-aced-8a89d759abe4,17/03/2023,Friday,Clothing,5,1294,6470
d8b141ee-d649-4f55-adb2-20ea8175683b,30/01/2023,Monday,Furniture,4,1383,5532
d5567d92-a580-467f-862d-7fa4610e809c,10/11/2023,Friday,Electronics,3,3719,11157
81a74620-e2d8-4ff1-aa45-15b868361e1e,27/04/2023,Thursday,Clothing,1,1250,1250
60ff75f7-12dd-4e45-854c-3eed2961d3e0,22/12/2023,Friday,Groceries,2,1844,3688
e30588cc-c96b-4f66-9d4a-bb5841b8a279,11/07/2023,Tuesday,Toys,1,2751,2751
3820fd6a-2817-446f-b2e6-fa164102ed1c,19/01/2023,Thursday,Electronics,3,1504,4512
eab643c9-2f41-4a14-ba53-1712ee8596b0,22/06/2023,Thursday,Furniture,5,1983,9915
b3a93a35-3767-48db-91e6-016c94064e87,16/08/2023,Wednesday,Cosmetics,5,796,3980
f92f1db2-4c9f-4beb-88aa-b32b147666b0,16/12/2023,Saturday,Cosmetics,3,890,2670
3ee10c47-c398-4596-828e-c244809c5cbb,02/07/2023,Sunday,Electronics,3,2545,7635
263c5fed-a15a-4ffb-822b-2b506901fc09,23/04/2023,Sunday,Furniture,2,1138,2276
29bbf048-a522-4d51-b2e4-23d19eec3e06,02/07/2023,Sunday,Electronics,4,842,3368
89305e4a-3fa0-41fd-a750-d4bf83b7d2cb,26/05/2023,Friday,Furniture,1,1317,1317
5b70e9f7-0e87-4074-9207-32a2c88e2f22,15/11/2023,Wednesday,Cosmetics,1,1600,1600
1c078f15-027d-4a97-8af5-35d18a62c4e9,26/04/2023,Wednesday,Clothing,5,2740,13700
0803168b-240c-431f-9968-da1dfb827d4b,23/04/2023,Sunday,Groceries,5,342,1710
17da7d9a-a783-418f-8d5f-d3e8f7254dea,08/09/2023,Friday,Clothing,2,4072,8144
3ee6187f-529d-4937-8dbe-f7a186ea3e78,08/09/2023,Friday,Groceries,3,1454,4362
499fb291-924c-489c-9c9e-e41f7a41d439,30/10/2023,Monday,Cosmetics,1,1698,1698
3df59e07-6507-4316-883e-0d2c70917011,09/11/2023,Thursday,Clothing,2,2866,5732
27a2f29d-a747-45c1-a8e1-e3d5ffe2d419,28/04/2023,Friday,Clothing,5,3960,19800
58f8f155-1193-49c6-9293-44bd62d90cb5,28/10/2023,Saturday,Electronics,5,2968,14840
b3554817-d134-43fd-ae3e-a2130966e5d3,10/06/2023,Saturday,Toys,1,1447,1447
572b64cf-7be4-4cf4-8bdb-37c11609031b,17/07/2023,Monday,Cosmetics,5,1743,8715
349d2542-d534-4d9e-a557-dd10bf1ebf5a,17/09/2023,Sunday,Furniture,5,1087,5435
6a598e72-f3a6-4b55-ba18-40e3e30ee243,28/05/2023,Sunday,Cosmetics,4,3902,15608
412382ca-b0e8-47ab-9f58-34197e350c69,28/08/2023,Monday,Furniture,3,1612,4836
730f7462-fc49-4513-8f77-d702e314bacd,16/02/2023,Thursday,Furniture,5,1162,5810
93c0b872-5113-42b6-9dae-fb9e2a15cd8e,17/07/2023,Monday,Groceries,4,1341,5364
c0e0252a-6872-4a99-94f5-974d24b84708,16/02/2023,Thursday,Furniture,2,1211,2422
11e92930-fccd-4741-b812-8f786a5d1956,19/03/2023,Sunday,Furniture,5,1079,5395
2d448f68-0c43-4258-afde-65e1d8254675,04/05/2023,Thursday,Electronics,2,4387,8774
ef8d66fa-00bc-48a1-8c72-ad13f5349f45,16/03/2023,Thursday,Clothing,5,4307,21535
f24c1dc1-4242-4f8b-8570-eb82dcfe2474,25/12/2023,Monday,Cosmetics,1,2789,2789
3f8108f8-f461-44e0-aa6b-4199e8c75d7d,17/05/2023,Wednesday,Cosmetics,4,1028,4112
ee05deeb-bb62-4737-9d8b-82c5002b4fd7,31/03/2023,Friday,Furniture,4,567,2268
053de2ab-4039-4c5e-9c47-2a70c53b2f1f,21/11/2023,Tuesday,Toys,1,832,832
105e72f2-b29f-4864-8d87-81aecd008dfa,02/03/2023,Thursday,Cosmetics,3,2881,8643
da716c49-24dc-4c4f-ad46-d7056d0336ef,18/05/2023,Thursday,Furniture,4,4230,16920
ddb43d8b-f8cc-4e3a-9c57-528132d246a6,19/02/2023,Sunday,Groceries,2,187,374
26341f89-318e-4e47-b9be-548a2243d799,16/09/2023,Saturday,Groceries,4,803,3212
55402f1e-8169-438b-8ee9-2a13b88fbfe4,17/04/2023,Monday,Groceries,3,3003,9009
e2e481c5-e12b-4676-ae49-e944f44e7692,23/04/2023,Sunday,Furniture,2,4858,9716
2ed7bc6e-797e-4f24-bcff-a18008cd039e,16/12/2023,Saturday,Electronics,2,2505,5010
a72ef0cf-355b-47dd-9d57-328b163a2d28,11/09/2023,Monday,Toys,1,2884,2884
6360e4fe-6b68-40ae-b6ab-ee2b047299e6,28/04/2023,Friday,Furniture,5,629,3145
75d3e314-8c4d-48e1-a24b-172dd682d250,17/07/2023,Monday,Electronics,1,3305,3305
47ca7ece-f004-4428-b857-ed402b5e6998,03/12/2023,Sunday,Electronics,5,3316,16580
22d91fa4-a05e-4421-a9f2-32fae764931b,31/12/2023,Sunday,Cosmetics,1,4699,4699
1fbe4069-4f45-46a4-8e43-6a811df53eed,20/02/2023,Monday,Furniture,5,445,2225
2083d69b-2d87-4044-adc8-f1714bcdbcf0,02/09/2023,Saturday,Furniture,4,1987,7948
2286f0f8-f6e0-4c27-931b-9ceb49e3b1ab,04/02/2023,Saturday,Electronics,2,4955,9910
ff00a0ab-598b-4ca9-8754-57a70ce2f254,29/10/2023,Sunday,Electronics,5,2639,13195
e9af7ab3-50a9-45a8-8984-d7ecf0294735,10/03/2023,Friday,Electronics,4,3084,12336
d5f5f42c-0a9f-4975-84cb-512a96e7d393,15/12/2023,Friday,Cosmetics,3,219,657
bb25b176-4da7-4d78-b6e9-e3b1eb653a37,16/11/2023,Thursday,Furniture,1,2387,2387
0fd7caa4-b7d6-4f3f-b327-2224c52c061d,18/02/2023,Saturday,Electronics,3,3289,9867
cee26721-8dfe-4388-83f2-5b80cf405d47,15/03/2023,Wednesday,Groceries,4,3465,13860
d5c811e8-c7e9-4a37-b769-85713030397c,11/07/2023,Tuesday,Furniture,3,3618,10854
d62013a2-e604-4b11-afa3-50f1ae5eec78,18/09/2023,Monday,Cosmetics,3,3266,9798
a8c4fbbe-ea8c-4645-844e-537dbdd92a10,22/12/2023,Friday,Groceries,4,3534,14136
3bc92ce8-bc71-447a-88e3-530a9ad380cd,11/03/2023,Saturday,Clothing,2,4885,9770
9cf509c1-3b15-47da-9a1b-a6e713c41185,31/03/2023,Friday,Furniture,5,1891,9455
3b38a480-7d25-4983-99a7-b11c5da00209,17/09/2023,Sunday,Clothing,1,3810,3810
125f77b7-f2e5-494f-834c-ae1f124fbd34,06/05/2023,Saturday,Electronics,5,4602,23010
2eadf3d6-f886-4062-bd44-458f7175ea1c,19/08/2023,Saturday,Cosmetics,1,3076,3076
27a94d17-fa4f-4230-aaac-3b2c216f5d35,22/10/2023,Sunday,Electronics,5,4015,20075
c6e2e3c5-fa21-4463-adc6-26036f7043f0,09/05/2023,Tuesday,Cosmetics,3,1651,4953
4a4308e8-dcae-4193-ad0d-6cc681154273,07/10/2023,Saturday,Toys,2,1196,2392
014b4d25-6b6d-4ef2-9f90-f7bbbcae748e,09/11/2023,Thursday,Electronics,3,4376,13128
2ec08599-0e94-4df4-94f6-d56294184048,10/04/2023,Monday,Clothing,2,2734,5468
484ab9ae-de26-4737-8cab-859472fd12ad,22/11/2023,Wednesday,Cosmetics,4,161,644
fecaf4d3-45d6-4335-83b8-e63277b87772,24/10/2023,Tuesday,Electronics,1,642,642
535d4404-392a-4c04-b988-18ddd9726d56,01/07/2023,Saturday,Furniture,1,2489,2489
3731a1e5-30b8-495f-b033-6b22442d0099,23/06/2023,Friday,Cosmetics,4,1288,5152
3c4c9f96-bc06-44bf-a0c1-d729d4c8e734,12/11/2023,Sunday,Cosmetics,5,2844,14220
2769016f-553f-4a98-8c04-1501bb88f049,30/12/2023,Saturday,Electronics,4,2464,9856
8bc260a1-c765-40d0-9db4-2f5ff115857a,07/07/2023,Friday,Toys,4,2179,8716
a873d6eb-dee3-4b8a-ba7f-118f6a09d038,26/02/2023,Sunday,Electronics,2,2903,5806
e9f4f615-a558-48ff-b1a1-d8a7c58ba19b,31/01/2023,Tuesday,Clothing,4,2919,11676
1dcdc8b5-937b-484c-b1a4-3f0ca0fd84fe,25/03/2023,Saturday,Clothing,1,3648,3648
71cb4297-c812-41f4-a36e-82f51078e679,01/06/2023,Thursday,Cosmetics,3,3853,11559
f3405085-8d3b-44de-a275-511d13b82701,05/02/2023,Sunday,Cosmetics,2,1576,3152
5181603e-557e-47ce-8a9f-caa3c513a603,01/08/2023,Tuesday,Electronics,2,2019,4038
4eedb074-8520-4326-b53e-b77bf580b974,30/12/2023,Saturday,Clothing,5,1001,5005
5d3a6533-40a2-494f-ba40-ac89089dcd0b,16/04/2023,Sunday,Clothing,3,1552,4656
ae256ce8-2f07-48f8-bf95-61a42c123c10,08/12/2023,Friday,Toys,2,4517,9034
a7e34c37-11f0-4b27-9396-e96d51f9b1b8,08/08/2023,Tuesday,Furniture,4,3386,13544
88a7757b-5c5a-475c-9fca-160055bf13a6,12/06/2023,Monday,Toys,2,159,318
1038ba23-1b8a-4a24-9a61-c35736dd6172,08/08/2023,Tuesday,Groceries,2,4036,8072
1b04bd3a-240a-4fb7-8930-bbece6c80645,27/09/2023,Wednesday,Toys,2,2404,4808
b200cbab-1792-4bb2-96bb-d51edaac4617,30/04/2023,Sunday,Electronics,5,275,1375
aed37a48-0937-40ac-aa9d-e2f17c559374,02/12/2023,Saturday,Furniture,2,3061,6122
04b7653d-365f-49f6-8508-69f823af1e95,01/07/2023,Saturday,Electronics,2,4176,8352
cb1cf570-4d4a-442a-b6fc-396143aa04f3,16/04/2023,Sunday,Groceries,5,663,3315
db94e66f-38fb-46c9-8abf-18fe581d22ca,05/08/2023,Saturday,Furniture,3,148,444
54c60cb6-f3c1-4905-a363-176855d4cddc,24/07/2023,Monday,Cosmetics,1,860,860
196efe55-c9c7-4449-b322-17e00011f0e1,11/03/2023,Saturday,Clothing,5,3387,16935
e859903c-e328-446f-9285-0c61f5d09071,13/02/2023,Monday,Toys,5,2749,13745
c94aaa3c-6210-4816-8bda-4beece0351c7,25/11/2023,Saturday,Electronics,2,4959,9918
fdc9ff9a-4b73-4172-b61d-4353327829aa,28/10/2023,Saturday,Groceries,2,1069,2138
47d13c8e-5484-47fb-8c5e-7127767cd851,16/08/2023,Wednesday,Clothing,1,3075,3075
9e216476-b660-48a6-a191-7b868c8cd3cd,03/07/2023,Monday,Toys,2,3578,7156
9a22670c-3d21-4537-b312-6cee90f4bf11,17/04/2023,Monday,Clothing,4,3936,15744
d8ce0650-4b70-4b18-b835-9f0af134da10,25/03/2023,Saturday,Toys,2,3029,6058
dfa41cbc-7002-43f1-9471-04a562dbe8c1,04/12/2023,Monday,Cosmetics,2,3390,6780
f74e158d-972a-45da-b07f-bb28272c84bb,07/09/2023,Thursday,Furniture,4,846,3384
a0f0876e-4cd3-4c1e-86fb-47b9705ff689,29/12/2023,Friday,Clothing,1,2007,2007
04812c05-d777-431b-8c53-45ef125006e2,21/01/2023,Saturday,Clothing,4,3116,12464
61a46d6f-2b58-4730-b31a-c963fb499502,15/07/2023,Saturday,Clothing,5,3070,15350
414a0c08-7e96-4616-931f-45082a2dad45,27/06/2023,Tuesday,Furniture,4,2730,10920
2c157439-2b86-4370-add2-eb740095e839,07/01/2023,Saturday,Groceries,3,4491,13473
e31a8fa6-cbaf-44b0-9084-0a5b733b9165,11/03/2023,Saturday,Toys,5,4869,24345
24d7fcb0-0dc1-4173-bb45-e973ea682649,07/05/2023,Sunday,Cosmetics,2,2998,5996
78603e97-956f-42a5-a1de-521fab1017ea,09/06/2023,Friday,Clothing,5,3781,18905
cfdf4367-93fa-4ca7-ab40-a43322d24930,05/09/2023,Tuesday,Furniture,1,1151,1151
f7a876c1-f057-40f3-adeb-3be7eacbb158,22/07/2023,Saturday,Groceries,1,1087,1087
d90f47f1-ff23-470f-80f7-71c6ec3f573c,28/05/2023,Sunday,Toys,4,4281,17124
333b85cb-a7f2-47c5-b0e6-fc59e08ba6d0,23/05/2023,Tuesday,Furniture,5,841,4205
d299a4b6-2b64-4b0d-bee9-3f2578f08db6,18/07/2023,Tuesday,Cosmetics,2,4224,8448
f92f41cc-ad72-4e6f-9088-ede854ec5711,03/06/2023,Saturday,Cosmetics,1,1828,1828
6d3da843-4fe1-4d1d-bce7-0ff8ba149665,22/05/2023,Monday,Toys,2,4850,9700
a3329bf3-7569-4fea-8877-296045a3db9c,09/11/2023,Thursday,Clothing,3,1031,3093
f4e403a5-560e-4904-92fb-bc957d56ab8c,14/06/2023,Wednesday,Cosmetics,1,1315,1315
f3e44344-ba0d-4bfb-973d-c5fc713d5f8a,10/11/2023,Friday,Groceries,4,793,3172
03e1cbc8-ace7-4f7b-b9a6-c86ac30daa39,21/01/2023,Saturday,Furniture,3,2481,7443
23afa98e-3024-47d2-a95a-31ddc7e8389b,23/03/2023,Thursday,Groceries,5,424,2120
d6bc1ad4-47e2-4cc6-8df1-2a6c82cfb52f,10/03/2023,Friday,Clothing,2,1803,3606
b77a02eb-bb42-4b1a-9918-21d673eea5dc,11/05/2023,Thursday,Groceries,1,3947,3947
1fa3f3c2-f494-4abf-a304-45fa004fe92c,28/03/2023,Tuesday,Groceries,3,2586,7758
0cec857d-c88c-475f-93dd-d3548b4f127a,06/08/2023,Sunday,Electronics,3,2041,6123
24cc317c-214e-4138-a710-a37630f071f4,01/11/2023,Wednesday,Groceries,1,2978,2978
163a26a8-c367-460d-b586-cd24e4e16260,11/12/2023,Monday,Toys,5,3496,17480
ec567fb1-0841-4702-986c-c1bd9acc3fbe,07/12/2023,Thursday,Furniture,5,641,3205
912b25f4-d821-4830-abc9-8d0882638562,10/06/2023,Saturday,Electronics,4,4678,18712
5f073e83-5840-4e33-a7a1-df129011e27d,27/06/2023,Tuesday,Furniture,5,2619,13095
502a8ace-7e5a-4c5b-9bb2-e0b43166eb52,27/04/2023,Thursday,Furniture,4,2922,11688
9288a01c-d151-4016-8847-6e1f8850bb75,15/07/2023,Saturday,Clothing,3,1226,3678
9d620cac-34c2-4e2c-b657-8e6bb8823e6d,23/11/2023,Thursday,Clothing,1,1385,1385
9d4a3245-b939-4fb9-a695-0047bcd9cce0,27/03/2023,Monday,Electronics,5,4743,23715
d2ad4654-663d-4a78-b25f-7dcf4198802e,16/10/2023,Monday,Cosmetics,4,162,648
41455faa-74f2-4c9e-818f-8204190e2a3e,22/03/2023,Wednesday,Clothing,3,3822,11466
53b5e4a4-f97a-4fe2-98f7-de18ad1742c1,01/06/2023,Thursday,Clothing,5,1895,9475
b5fca146-d844-4eaa-92d5-649cef255c56,02/03/2023,Thursday,Clothing,2,2037,4074
73939f25-fb9d-490e-a1b4-800cc78702fe,02/03/2023,Thursday,Furniture,3,4879,14637
345a5218-83d0-43a3-9d95-ec4b83c0db42,20/12/2023,Wednesday,Electronics,5,2035,10175
12a82433-e24a-4dee-9242-1feefce36177,28/01/2023,Saturday,Furniture,3,3342,10026
a8c8cc0b-82c4-42de-9e18-1bde0211cd0e,12/02/2023,Sunday,Toys,1,3292,3292
1fc4232b-f66b-4dd1-bf99-ab186b225861,18/06/2023,Sunday,Furniture,1,302,302
26455beb-f25e-4f87-a2ee-83e6bfba4ae7,27/03/2023,Monday,Toys,1,173,173
f159571d-f6be-4175-8918-c38ab4bb85a1,26/06/2023,Monday,Groceries,2,1286,2572
c6865ced-4610-46fd-b29a-f0a56a18a07c,17/01/2023,Tuesday,Groceries,1,673,673
3af8b920-d47f-452e-ba2e-56e4c7f67056,08/04/2023,Saturday,Toys,2,3206,6412
fba59ee4-54db-48d1-8993-a6012cd3b0e3,17/07/2023,Monday,Toys,1,3186,3186
8b1a4c5a-6806-47fe-a6e4-fea85ea9d9ca,08/04/2023,Saturday,Furniture,3,3439,10317
44e2cecc-5941-4d8f-a176-bcb449afaef2,06/03/2023,Monday,Toys,5,3467,17335
a7af8039-fde5-493f-9e47-03a0a8f82765,26/11/2023,Sunday,Electronics,5,1705,8525
bb2c1885-cf91-46af-bbc4-2f102640e193,07/12/2023,Thursday,Groceries,1,1316,1316
54a5b052-a91d-4110-9991-fedd34f17591,05/01/2023,Thursday,Groceries,5,2995,14975
c0ca029c-2363-488b-89c7-03ffb4d7e9c1,02/01/2023,Monday,Cosmetics,1,1210,1210
9b953e5f-5b06-4b4a-b103-e5a1e15526fa,22/01/2023,Sunday,Toys,1,2344,2344
7baf5c54-b0a6-4d7b-b816-753d2d08059b,22/04/2023,Saturday,Clothing,4,490,1960
41ccc940-e0f3-4392-93a3-9afb3e342e3e,26/02/2023,Sunday,Clothing,4,2142,8568
fa4a79d3-75ff-4b8e-83ee-97a34f11f339,07/03/2023,Tuesday,Toys,4,2755,11020
5d390e76-2acb-485c-a537-23011881bdae,26/11/2023,Sunday,Electronics,2,3809,7618
a07695e0-8c0b-4751-94bf-7d5104cd1f7b,08/04/2023,Saturday,Clothing,4,603,2412
4474f74d-2dea-4dcd-ace3-09014ef13774,24/05/2023,Wednesday,Cosmetics,1,4954,4954
98bf3ea0-b4fb-40be-950c-0ff5976f13a0,05/05/2023,Friday,Toys,3,1162,3486
33e6ef92-8d41-46a6-b369-670106870a9d,16/06/2023,Friday,Electronics,4,2827,11308
6ffd4854-1c5f-426b-bd41-e5a122c07052,27/03/2023,Monday,Electronics,4,1883,7532
f5296971-92ec-457d-9dfd-b87878a1fe75,17/03/2023,Friday,Furniture,3,1364,4092
3e970bb9-2f81-41ea-ace1-c981969ef565,10/12/2023,Sunday,Electronics,1,3543,3543
fedb1e74-02a9-450c-8ae0-671643a5aedc,21/10/2023,Saturday,Clothing,2,3188,6376
430591e6-832a-4182-b337-aae3956aab69,28/02/2023,Tuesday,Clothing,4,3162,12648
85cc24db-548a-4c22-85d1-333dbc047366,18/05/2023,Thursday,Toys,3,148,444
709ba21c-e93a-423f-9da6-31bb3e2b88bb,09/04/2023,Sunday,Toys,1,3975,3975
31d8e49d-76e7-4d53-a661-1a44f282b989,11/07/2023,Tuesday,Electronics,5,1529,7645
c66f9a3e-303b-48fc-8471-b27e30da84f9,31/08/2023,Thursday,Cosmetics,2,4446,8892
5b8b5b1a-65ff-4892-a4f0-1d48f86f1714,15/11/2023,Wednesday,Groceries,3,1272,3816
f05cc5c0-cab1-4d18-9082-b6d69f47d3f7,18/02/2023,Saturday,Furniture,3,4633,13899
40381e8b-2ab1-4942-9a45-f7f6a9f15135,01/02/2023,Wednesday,Groceries,3,1054,3162
7bb9a1af-4cd1-4ffb-91e4-6a96b932e80d,04/10/2023,Wednesday,Electronics,4,526,2104
724a54f7-0f37-4475-97b5-3827e5f46210,20/01/2023,Friday,Electronics,5,1185,5925
5d3ad4de-e805-423d-bdb5-dcbfeeab22c7,03/06/2023,Saturday,Groceries,2,2906,5812
8a766060-2299-4c55-8d08-94cc932693aa,09/03/2023,Thursday,Furniture,1,1755,1755
64def4e1-ddd1-4301-b745-74505cd118d5,02/08/2023,Wednesday,Groceries,1,567,567
754888c5-e51d-4b48-84a4-2e0a92a8542f,23/05/2023,Tuesday,Toys,5,1270,6350
42423c5c-8a72-4a86-9da2-c7f9e6e5e491,20/08/2023,Sunday,Clothing,3,2556,7668
324e2eae-200c-4a80-bc63-cbb44b451bed,01/08/2023,Tuesday,Cosmetics,3,4375,13125
f0a112ca-64cf-4b75-a60f-395397e6401a,20/03/2023,Monday,Toys,3,1241,3723
d05eb60a-949a-460e-aad8-aa119c0cf0ad,02/08/2023,Wednesday,Clothing,3,3930,11790
fd124255-d051-4f9f-a37b-ebd1d1cd389a,26/04/2023,Wednesday,Cosmetics,3,3293,9879
8db0b7ba-020f-447a-8fcd-9cb1a987c722,02/04/2023,Sunday,Cosmetics,5,2027,10135
faa5ad96-712b-45f5-b6fd-d4d385b03793,27/09/2023,Wednesday,Cosmetics,4,2292,9168
a23d194b-e687-4535-9594-02d2d25b33b2,17/06/2023,Saturday,Electronics,2,3140,6280
b5c5942a-69c3-4d77-828c-f3fb2fd17fc0,27/02/2023,Monday,Cosmetics,3,1937,5811
241e006c-0d51-4c41-a85f-33f28266d800,11/10/2023,Wednesday,Furniture,4,4609,18436
d19b7d9b-6e4e-45cb-bc1a-dc103f099a0e,26/01/2023,Thursday,Groceries,1,1023,1023
b3c759aa-4718-4f83-bc57-31e0a8e654b5,07/03/2023,Tuesday,Furniture,5,115,575
3dcb553e-5e8d-4d8e-af29-260bc54723eb,05/09/2023,Tuesday,Groceries,4,2956,11824
b1f7bad6-e84f-4ee1-903b-69309e83b0e6,11/09/2023,Monday,Toys,3,620,1860
f6921ca7-8b50-4686-9f2e-f018dc792eff,13/02/2023,Monday,Toys,3,3942,11826
4b850cc9-0f01-4bfe-9537-ca2a605f3126,07/04/2023,Friday,Groceries,3,357,1071
4b666ffb-5bda-4cf1-9f7a-86f621c497e5,11/02/2023,Saturday,Furniture,4,3458,13832
f37153f4-717f-4026-840c-18f7bf8ddb31,15/08/2023,Tuesday,Groceries,3,3792,11376
3ab9492f-8965-4189-b4e4-128821a19917,19/09/2023,Tuesday,Cosmetics,4,832,3328
c819cae9-ce45-473f-800e-17c1a9ff31aa,16/06/2023,Friday,Electronics,3,4266,12798
f34f72d6-f5bc-4e48-8e2c-d7170a260613,06/10/2023,Friday,Toys,1,815,815
47a5801d-d17c-4e66-96b8-f23be2f32e4f,30/03/2023,Thursday,Electronics,1,3525,3525
15cf9878-7c14-49be-a8d4-3f0cf2fd6756,27/06/2023,Tuesday,Cosmetics,2,822,1644
61626fcf-fa7b-4a7b-bd7a-53d076f5d09d,16/07/2023,Sunday,Cosmetics,3,3907,11721
0c7cf1ad-9b50-4f1e-8c43-6da72b6dd746,03/11/2023,Friday,Toys,3,3235,9705
502f2bdb-d330-4e99-8052-022ed9d1d9e2,24/09/2023,Sunday,Toys,4,589,2356
985488ae-effd-4968-9858-20a2f12958c5,25/09/2023,Monday,Cosmetics,4,2099,8396
e198afb5-5cbc-47ac-8a46-137ca432d478,15/03/2023,Wednesday,Clothing,3,3333,9999
28edc0b5-70fd-42d1-a384-c3b790c63d44,08/01/2023,Sunday,Electronics,2,4725,9450
3980ffb3-986e-48fb-8c5e-54b71daedb1b,24/10/2023,Tuesday,Electronics,3,1713,5139
21708476-a5a2-4116-b45d-d4afc331c07d,13/06/2023,Tuesday,Clothing,4,1097,4388
466b9790-8a75-4f15-9443-ad0d6134764c,26/03/2023,Sunday,Furniture,3,3886,11658
e8fd4fd1-e0ac-40f6-beae-8aa94a5aef36,13/03/2023,Monday,Electronics,4,3489,13956
a313582a-226a-4b02-abf0-6b76ddc42b06,24/02/2023,Friday,Groceries,3,555,1665
043c3939-5b48-4e94-826a-25953065fbf3,16/02/2023,Thursday,Cosmetics,5,3297,16485
39520f8a-3c97-4de6-b9ce-a4b1b0883d5f,26/08/2023,Saturday,Cosmetics,4,3550,14200
4eb0994c-aca8-4904-a01f-364c42ce58b3,14/04/2023,Friday,Clothing,2,1960,3920
84fc9bd8-a318-4175-be8f-c836acbbf31a,29/07/2023,Saturday,Electronics,5,782,3910
1b951d20-2213-45dd-acc7-4493715bc72b,11/02/2023,Saturday,Furniture,3,3563,10689
559176b0-d038-4db8-9123-125c33dfabe9,12/11/2023,Sunday,Electronics,4,1621,6484
e56df9d7-4104-49ed-87ad-58bbdcea9bab,25/09/2023,Monday,Cosmetics,5,4659,23295
89c6f141-92c7-4814-be65-51fa9ea74637,20/09/2023,Wednesday,Toys,2,2992,5984
3e97b896-f296-4487-89ed-677a65496263,02/12/2023,Saturday,Groceries,4,4506,18024
ec8eda8e-16a7-4ada-8bf5-a80472ff7886,31/12/2023,Sunday,Clothing,5,2371,11855
9b2a1327-e074-41fe-a966-030683086c0e,16/09/2023,Saturday,Toys,5,3385,16925
617f2c29-6408-4e22-97e5-82ea7aa40b7b,10/10/2023,Tuesday,Furniture,5,4672,23360
c39871f4-7ab5-432e-bf5d-77f95e6ae996,24/04/2023,Monday,Toys,1,4424,4424
072efcf8-4181-487e-9e94-e9ce01c0509a,29/12/2023,Friday,Toys,3,2803,8409
4d33214a-e043-4bdc-bcd4-e3053f79e00d,09/02/2023,Thursday,Furniture,4,1422,5688
25a43ad3-7a6e-4466-b865-e62d57d612b8,08/08/2023,Tuesday,Toys,4,1494,5976
c587bf17-e76e-416c-9eab-54f5301189f4,09/05/2023,Tuesday,Clothing,4,3426,13704
97131183-7f81-4682-9e77-a1d34c6b647c,08/01/2023,Sunday,Cosmetics,5,339,1695
964e7bf4-4bd7-453f-88ab-0dd3bad60334,11/04/2023,Tuesday,Electronics,3,2115,6345
5cccdb8f-e29a-4e58-abf4-82763f1a6147,25/06/2023,Sunday,Toys,2,113,226
e65d68fc-4ff1-4036-b32b-8d4a2914d087,17/04/2023,Monday,Clothing,4,3995,15980
980df5e5-f653-4efb-8649-a5721a85f040,11/04/2023,Tuesday,Electronics,3,379,1137
d2927aa8-eddf-488e-bf3c-83e44eed125c,17/09/2023,Sunday,Electronics,3,4908,14724
82108e9a-7bcd-4d16-9318-2130b2b3a844,03/09/2023,Sunday,Toys,1,2013,2013
05e526a1-7061-4873-b012-8164b695af67,02/10/2023,Monday,Clothing,4,3138,12552
43e00741-f0f2-46aa-a24f-dccffd8d1363,01/02/2023,Wednesday,Cosmetics,5,2540,12700
cb4a1502-08a1-4e29-a823-16c21b969753,17/05/2023,Wednesday,Toys,3,190,570
f09d47db-15de-4d98-957a-1fe590d5f3d8,12/01/2023,Thursday,Furniture,3,4589,13767
d966dba3-d477-47c3-8ab0-f425612797d6,29/10/2023,Sunday,Electronics,2,2523,5046
ae7ca79d-3c76-4239-9cb5-8c6749f6dcfe,16/01/2023,Monday,Toys,1,3953,3953
14211528-b728-4182-a325-e5e69255ba4a,09/05/2023,Tuesday,Electronics,3,499,1497
46770836-bd45-4b09-86b9-5c5a2014c5cc,04/03/2023,Saturday,Clothing,3,1875,5625
824d57d4-6152-4cb8-8589-2c2223d381cc,19/04/2023,Wednesday,Groceries,5,4496,22480
e1b91348-f9dd-4a1f-a65e-d5942d6a4c2c,21/01/2023,Saturday,Toys,5,4744,23720
98e9be53-8981-428c-94d3-f2f111245a30,07/06/2023,Wednesday,Cosmetics,2,4856,9712
5ffc93de-1e2f-45b3-9acd-6cc9b00083ab,26/09/2023,Tuesday,Toys,2,919,1838
a2e1a5e7-a259-4400-bcd6-f3630f1796aa,11/06/2023,Sunday,Electronics,2,3614,7228
d90e1be4-6a70-42a9-9dba-416a7311c72f,17/09/2023,Sunday,Clothing,5,3709,18545
b1ec20c8-1caa-4d89-91c6-34b01b6ef129,12/04/2023,Wednesday,Furniture,5,3652,18260
4e0522a8-f0d9-41e5-b5d6-f7d99286e983,11/08/2023,Friday,Cosmetics,1,442,442
e68e672d-febc-406d-8c47-499995873540,28/02/2023,Tuesday,Clothing,4,891,3564
368813f1-d4d9-4318-984c-f9cbfb2e9f21,04/09/2023,Monday,Toys,4,2498,9992
e1dcf51f-2f07-4007-90ce-d78881b2856d,08/05/2023,Monday,Furniture,1,2841,2841
c0de5265-9e14-4652-95f6-bcb9e36e86b3,10/10/2023,Tuesday,Clothing,4,3003,12012
ef2d170c-4c2e-49fc-810c-a8404dacd76c,21/11/2023,Tuesday,Groceries,5,1408,7040
5317fda2-6ba4-4d4f-9b1e-352c83a2f4f6,25/01/2023,Wednesday,Cosmetics,4,1040,4160
58a590e8-f2e8-4cfa-af89-aac673bcfd28,11/05/2023,Thursday,Electronics,5,1088,5440
e38bcddd-df51-46d6-80cc-7b5d37d0adb7,19/12/2023,Tuesday,Clothing,1,77,77
f67ddb4e-074a-40c9-8580-0af462b891c5,15/07/2023,Saturday,Clothing,2,437,874
41f2acca-d792-4f91-8db7-b785e52522c9,08/10/2023,Sunday,Groceries,1,882,882
37e67cb0-d9d3-4def-a370-bd7a94ac4b77,03/06/2023,Saturday,Toys,4,299,1196
357f4bf6-a373-4f07-acaa-ff7e0c4bb003,13/05/2023,Saturday,Cosmetics,5,2077,10385
aea228e0-4274-405e-94b3-cb26804676c5,15/08/2023,Tuesday,Cosmetics,4,1578,6312
7a1459c1-db5e-4f3f-907a-d27593097803,08/07/2023,Saturday,Electronics,4,4243,16972
9ee326c4-ad03-4142-acca-13507ac5de6a,22/09/2023,Friday,Clothing,2,1888,3776
50dc6c30-860e-4f27-82c1-0634bea886cd,14/05/2023,Sunday,Furniture,4,1410,5640
5b3b395e-7da4-4701-9281-b90a86bc354c,30/07/2023,Sunday,Clothing,2,3159,6318
34308714-04cf-4813-a7e8-2ce4e751396c,01/03/2023,Wednesday,Electronics,5,1373,6865
d5698df8-f080-42f9-a9f4-c274f2deafe9,30/12/2023,Saturday,Clothing,5,2276,11380
506b3dd3-c87d-4a61-8792-2d7642722747,30/12/2023,Saturday,Groceries,2,3730,7460
5522678c-203a-4b71-802c-f650ab2363d5,01/08/2023,Tuesday,Clothing,1,941,941
502d1cdb-5564-4227-a5c8-384f54883785,04/08/2023,Friday,Clothing,5,1355,6775
a17964d5-1d99-4fcf-973e-e76602d5ce29,14/08/2023,Monday,Furniture,1,4598,4598
4ff83e76-7fd8-40e9-bd7d-b496a782ea31,11/05/2023,Thursday,Groceries,5,4242,21210
94d91b5a-5fe7-465c-ae46-1d3016a11196,17/03/2023,Friday,Groceries,5,311,1555
263af61a-dd17-479c-a8e5-4da5c1cc232a,13/10/2023,Friday,Clothing,3,2390,7170
996e933b-952c-4c48-9775-ab926723f2e8,04/10/2023,Wednesday,Cosmetics,4,1843,7372
fc4e924e-38f6-43c3-805a-579f9893bb50,05/06/2023,Monday,Furniture,4,2346,9384
fa876ed0-80f5-4f19-a2db-64d68c928664,05/09/2023,Tuesday,Clothing,1,2342,2342
6a7b4041-026f-499f-a61c-f251c5edc628,06/08/2023,Sunday,Clothing,4,2220,8880
4f22ef5e-b2f8-40e5-925c-ed111e97d37a,09/07/2023,Sunday,Electronics,1,374,374
d05bd2e2-bcb5-4349-9648-a3b16eb1a0b0,12/06/2023,Monday,Electronics,5,1035,5175
dd5e5e88-012a-4966-a621-9c9d179d7254,29/06/2023,Thursday,Cosmetics,3,4832,14496
e642ca9d-501e-47c2-ba35-6ffd835dd7f7,03/02/2023,Friday,Furniture,3,3902,11706
97325069-2b63-41d4-8b60-ae81774767ee,10/02/2023,Friday,Toys,5,1789,8945
b00a69fd-bf6d-4503-8f84-7810e78717fd,03/11/2023,Friday,Electronics,2,1910,3820
17340acd-c118-47c7-b013-faabd4558024,04/12/2023,Monday,Toys,2,3187,6374
c3623036-e338-4488-9af9-e0aa8564a0c2,10/11/2023,Friday,Groceries,4,3948,15792
7b643638-af5a-4725-9f37-8c3fa32b1c7e,16/03/2023,Thursday,Electronics,1,885,885
f6827d58-93db-4b5a-bc01-374dcbdceaac,06/10/2023,Friday,Electronics,3,4204,12612
fcb0f640-3ce6-4f20-8a58-ed18fa365a25,25/06/2023,Sunday,Furniture,4,2828,11312
98cf8c76-d195-47b1-9066-8a85e5f4ec22,30/05/2023,Tuesday,Cosmetics,5,1446,7230
2dbfb3cd-9ca0-4fcd-bbd9-dc971dda3c4f,30/09/2023,Saturday,Toys,3,1726,5178
8a1772e5-86d4-4088-ac6c-a7ff122522f5,21/11/2023,Tuesday,Electronics,1,4381,4381
df26b898-9774-4ed5-b3d2-74da432dffd7,18/04/2023,Tuesday,Electronics,1,4363,4363
ecac9455-7d17-4293-aace-2a80f5aa374c,19/05/2023,Friday,Furniture,2,1887,3774
39c92df1-0233-4e61-8edd-7c261c12e28f,16/12/2023,Saturday,Furniture,4,3771,15084
57b2500e-e608-47ed-808b-18324bf9d226,28/09/2023,Thursday,Cosmetics,5,3722,18610
af228889-8903-4fe4-bee3-74d3185e6dd8,13/12/2023,Wednesday,Toys,3,3072,9216
eca4731a-8b67-47d0-8611-9b1eb7df2f7f,16/10/2023,Monday,Groceries,1,4734,4734
0399f9bb-86d0-4d21-b512-5103eaf269c2,31/07/2023,Monday,Cosmetics,3,1721,5163
d4dd1b14-bfe8-47fa-948d-2225e86c7b86,29/09/2023,Friday,Groceries,5,966,4830
c954122c-862b-4f0c-b418-e012f898e1a5,07/03/2023,Tuesday,Clothing,3,967,2901
f0f738ac-d258-42fd-8498-95dbee97eaa6,05/09/2023,Tuesday,Electronics,4,1183,4732
6aaf6bce-b29a-41d6-b305-a81dd7a8aaa9,05/06/2023,Monday,Toys,2,1886,3772
a6bb22e9-6f58-47b8-a644-307efe4a4eaa,16/02/2023,Thursday,Cosmetics,3,2188,6564
73f950c6-b12f-41fd-8546-00ab86d457cc,20/07/2023,Thursday,Electronics,2,4057,8114
d9bb7aba-5c99-4cb8-9089-6afe04609059,28/05/2023,Sunday,Toys,5,1955,9775
37a914ac-a525-44fa-953d-4110f38821df,04/05/2023,Thursday,Toys,2,4039,8078
380a2f4e-55d1-4dc9-ab83-59d17d49bd86,01/01/2023,Sunday,Toys,3,3535,10605
6bec7c98-376a-4c36-a252-cae33ce9f208,04/09/2023,Monday,Electronics,3,4847,14541
1cc974d1-b4b4-438b-b6b1-0c8960e92565,09/12/2023,Saturday,Cosmetics,1,2170,2170
6befe6eb-b434-4ca4-a2fc-94900bef39cb,08/05/2023,Monday,Furniture,3,2782,8346
094573aa-63b6-4759-9a1d-c1bc8e4b639b,10/07/2023,Monday,Electronics,2,2819,5638
375a949a-9c92-4647-8b74-e1288f7a8188,08/03/2023,Wednesday,Toys,1,1371,1371
5d358165-e332-4d89-b97d-4e276392507a,04/01/2023,Wednesday,Cosmetics,3,3766,11298
3f4993d4-5c3c-4cb7-b6af-4712fc44b3ac,30/10/2023,Monday,Clothing,3,3404,10212
ab972764-6e7b-4ab6-8479-3c9f7f61c929,21/10/2023,Saturday,Groceries,5,1578,7890
c60f70a4-cd1b-49f5-8766-eea651d022b7,23/05/2023,Tuesday,Toys,1,4793,4793
9037025d-4c7c-4a83-a13c-4945ef4b64bc,10/07/2023,Monday,Clothing,5,809,4045
5eab28ec-b020-4d98-b46d-6c8b3dc213bb,21/01/2023,Saturday,Furniture,5,3462,17310
e80ec6c3-965d-485e-9aa0-8c5fdec7e33d,15/08/2023,Tuesday,Toys,5,1407,7035
7bcf2a1e-9b68-424f-a060-150c240663fd,09/11/2023,Thursday,Clothing,4,2240,8960
1b9c2085-9c50-4278-936d-d84c06634641,27/04/2023,Thursday,Toys,5,3531,17655
7abb955d-be41-4ca3-9a80-4d5ac7e3b554,29/10/2023,Sunday,Electronics,2,998,1996
b8dc9fc5-5cc9-4cdb-a61e-82608dbf4a15,22/05/2023,Monday,Cosmetics,3,2129,6387
8e45eb33-0885-4408-a25e-174edc130521,08/02/2023,Wednesday,Clothing,4,1816,7264
8d4ef402-1f13-4d3b-b3b2-4d06348c151d,21/12/2023,Thursday,Cosmetics,5,77,385
14213dac-60a3-4079-8ece-489a24c9402f,09/09/2023,Saturday,Electronics,3,2520,7560
66c805d3-8268-4566-9499-cb36747438ba,29/11/2023,Wednesday,Electronics,1,2588,2588
17cc28cf-33cf-4759-870d-89a65ce57070,26/07/2023,Wednesday,Cosmetics,1,209,209
978c902e-36a7-4987-9faf-5bc04a465b61,29/07/2023,Saturday,Clothing,3,2942,8826
338e2e5d-f937-43f6-96d8-65e268a019bc,25/04/2023,Tuesday,Cosmetics,2,4163,8326
9a0f048f-5ed4-4e8b-887a-429cd2c551a8,13/08/2023,Sunday,Cosmetics,3,3772,11316
1a4274ce-176c-4777-a1e7-486d767e0337,14/05/2023,Sunday,Groceries,3,3781,11343
2421606f-8615-45ba-ab10-3c74c969d2e0,08/09/2023,Friday,Clothing,4,2521,10084
3eb65d13-2d7c-4b48-820d-ec82be484c03,07/08/2023,Monday,Groceries,1,4900,4900
3704a062-ab30-4cf8-b34b-46b5a9d06cd3,01/04/2023,Saturday,Toys,1,1620,1620
b0ae4443-75eb-4a98-9040-7422cc051894,20/12/2023,Wednesday,Cosmetics,5,886,4430
e43fac7c-47e6-448d-aad6-28d3778edeed,15/02/2023,Wednesday,Toys,3,3988,11964
2be208cb-3349-42fb-962e-ec0dab4f7e0f,07/02/2023,Tuesday,Clothing,3,2336,7008
bf856f52-2ce7-42e9-a24b-4c1d93ec6510,22/05/2023,Monday,Cosmetics,2,3455,6910
e112467a-0cef-4a33-8bd4-d3012f7c5c25,10/04/2023,Monday,Toys,1,2720,2720
653b3d08-aa13-4be9-bd9f-3e848a974e30,24/11/2023,Friday,Furniture,2,4162,8324
868b8f35-d514-498d-854d-9143c4d8c4cb,09/07/2023,Sunday,Electronics,4,4797,19188
ceca3f59-99c8-484f-8e91-c9aed762b07c,04/02/2023,Saturday,Cosmetics,5,4405,22025
ca107bbd-1b84-4311-a898-7e6a3a4221f4,27/05/2023,Saturday,Electronics,2,1677,3354
6b963039-22e7-4388-8b9e-f62898284ff7,30/01/2023,Monday,Groceries,1,1916,1916
bbcf0e6a-11a6-483d-8724-db975ce46478,30/11/2023,Thursday,Toys,4,254,1016
171f438d-3e15-48b3-9f26-481927e89261,25/03/2023,Saturday,Groceries,3,3629,10887
3d7538eb-f57b-4ebe-a772-8509b238dbf2,08/10/2023,Sunday,Cosmetics,4,3224,12896
dcdace94-83e6-4f56-ae3f-8b505ab2f8aa,10/12/2023,Sunday,Electronics,2,841,1682
1d18a03d-691f-4632-900f-44cf334abee6,27/09/2023,Wednesday,Electronics,1,4142,4142
cdb50601-db99-45d6-9514-dfbd0d9c6a7c,03/06/2023,Saturday,Toys,2,3797,7594
0516c41a-9230-4a62-9256-4d67eef55571,12/04/2023,Wednesday,Cosmetics,3,1155,3465
5576bc5b-d9f9-4e7d-8808-79dd4e2aa26f,03/08/2023,Thursday,Furniture,3,1140,3420
03c2148c-f3de-411d-9a22-eaad99c70670,30/05/2023,Tuesday,Furniture,1,1657,1657
df89c5f8-5d38-45fb-a67f-bd603860828b,24/03/2023,Friday,Toys,5,1889,9445
a7a10098-11b1-41d2-a1fc-49bd169c1cfb,20/04/2023,Thursday,Cosmetics,4,3447,13788
66f46c0d-47d4-4ea5-bf1d-b1c0eb05732a,02/10/2023,Monday,Toys,4,116,464
7f5627e7-8955-474a-97e2-d02d9dba46f1,20/07/2023,Thursday,Cosmetics,3,4829,14487
51ce9153-1633-48c0-9cb8-90676c8af42e,11/10/2023,Wednesday,Groceries,2,1328,2656
6a4c7baa-2469-4cc8-9dc9-6fea99fb4204,22/06/2023,Thursday,Toys,2,4208,8416
20505acc-79b3-4498-a1b8-be55a3471d2c,23/11/2023,Thursday,Cosmetics,5,863,4315
7daae4e5-9fa4-484a-9b6f-6922823e4452,25/07/2023,Tuesday,Furniture,2,452,904
d53b14ef-1956-4bad-8dbc-3b1097ad39f1,04/03/2023,Saturday,Cosmetics,4,2052,8208
3327514c-4cc4-46af-b106-b95f916f242d,14/03/2023,Tuesday,Cosmetics,2,4216,8432
031c1998-1cb0-4420-b0c1-dc7d64f063e3,08/09/2023,Friday,Toys,5,2975,14875
f29a33c5-e483-47b3-ad89-d5534564a799,04/05/2023,Thursday,Groceries,4,3043,12172
64d61c8b-ebd2-4257-ac69-57e3be2e2d2e,01/05/2023,Monday,Groceries,2,1136,2272
14e7e429-803b-481e-8011-2d5c6a0bffa1,02/10/2023,Monday,Groceries,4,4390,17560
44690b8c-0128-48a5-9fc9-cfca21604da7,30/04/2023,Sunday,Groceries,3,2616,7848
e76db560-bd82-480e-baa3-8e3b722a7113,13/11/2023,Monday,Clothing,3,4538,13614
da54e4f5-6289-4475-83cc-d45939482e53,13/06/2023,Tuesday,Toys,3,821,2463
e22b9015-a1bf-47fe-bf75-472d0d8fc422,13/10/2023,Friday,Electronics,2,3722,7444
24ec4133-9cd1-4f85-b48e-f4e96d9a0525,22/09/2023,Friday,Toys,5,3298,16490
c7738637-ee03-4e66-9004-79acb0cfc91f,16/11/2023,Thursday,Clothing,4,1719,6876
fd4195da-0146-4de5-a824-180904e3c7e1,10/06/2023,Saturday,Groceries,1,1606,1606
3d8e756a-3d9e-47ae-bbc2-0871e4552e75,04/11/2023,Saturday,Clothing,3,3008,9024
6c89ffd2-80be-469b-9360-b48b16405f71,30/03/2023,Thursday,Furniture,3,1201,3603
9091d26e-37cc-4312-8fc8-3e78493184c3,22/05/2023,Monday,Furniture,1,1267,1267
933c2604-ec8a-40c5-86f9-f2b3468d9343,22/07/2023,Saturday,Toys,1,2281,2281
e2683dc5-a86f-441b-a3b1-029e681198c5,05/11/2023,Sunday,Toys,2,4392,8784
c5457fef-3d8a-496a-ba80-a1f14f1b3bf1,15/08/2023,Tuesday,Electronics,4,3994,15976
4a61b9cc-763d-4964-8e38-1a14f3de63e8,30/11/2023,Thursday,Electronics,3,2092,6276
2eb473eb-d7df-4344-b6a4-464e9a763931,10/08/2023,Thursday,Furniture,5,755,3775
14bf8156-ffae-43ff-8ec0-1f29e7039a59,10/02/2023,Friday,Groceries,2,2719,5438
fec67a3b-4e14-4b83-af0f-581e4439731b,15/07/2023,Saturday,Clothing,2,2163,4326
54f63994-14c9-43b0-9c5b-bbcd6f4b212c,09/03/2023,Thursday,Electronics,5,3027,15135
ae486a23-4276-45e5-815f-68179fb6cd8b,21/09/2023,Thursday,Cosmetics,5,4399,21995
3c2552e8-3ac1-4b50-aba4-21220146ab2a,02/01/2023,Monday,Electronics,5,4428,22140
89e832d2-e201-480b-884d-bd3d08e2484b,27/12/2023,Wednesday,Groceries,1,472,472
34a40947-e530-47c3-974f-a7ac03fb80ab,05/05/2023,Friday,Groceries,3,2071,6213
901b35e7-a7df-4bb7-a258-5536aa5ecf0b,20/04/2023,Thursday,Toys,1,3843,3843
b82c621f-90ee-46ac-87fe-c324710b3d21,27/03/2023,Monday,Clothing,3,4181,12543
f3eb255b-b1fa-4297-9373-a4aca3e710a7,30/04/2023,Sunday,Groceries,1,580,580
a8c89d03-ae27-4eea-a0cf-ee2a8c279e38,07/05/2023,Sunday,Electronics,4,140,560
f2abf5dd-2933-4c6a-9748-b09e38550469,12/09/2023,Tuesday,Electronics,3,3422,10266
698be6ea-1be2-4c28-89e7-38dff51a5a20,02/07/2023,Sunday,Furniture,2,1992,3984
590b69ab-8212-47e0-90b6-7a584086525d,16/01/2023,Monday,Groceries,3,3855,11565
9c0518a0-c9ea-4701-877d-9c8d59f84076,03/03/2023,Friday,Cosmetics,3,1290,3870
0687e23b-fc45-4bd6-9ca7-46fd43751970,07/06/2023,Wednesday,Toys,3,1808,5424
510f5b5b-9b5a-4c1b-a11c-48f832058520,25/09/2023,Monday,Clothing,4,147,588
245b6792-e0e3-4b5b-8d34-2aaebcdc7979,04/02/2023,Saturday,Cosmetics,1,1529,1529
1dc28f69-f506-4d04-83ef-0312f64a3434,24/09/2023,Sunday,Toys,2,4676,9352
5224fa0b-8a4a-4796-96b4-03d010d37775,05/03/2023,Sunday,Electronics,1,1882,1882
41e81a3a-25bb-41e3-bb39-3e995c3800d3,19/02/2023,Sunday,Cosmetics,1,2635,2635
cc443a9e-296f-4604-a4d1-d50a88cd4843,12/09/2023,Tuesday,Toys,5,3697,18485
9557d055-050e-4655-b6ae-3e672413698f,29/05/2023,Monday,Electronics,4,129,516
82b4df3c-4634-4616-9758-e4888ef09bdb,21/11/2023,Tuesday,Electronics,5,4759,23795
fed13ef7-92d7-4333-81ce-feb1f5e0bb41,31/10/2023,Tuesday,Electronics,4,2273,9092
54ad85ed-9e7e-4fb3-aa2c-fb7f43391009,03/10/2023,Tuesday,Electronics,1,2619,2619
165f4577-e42c-432d-960a-d0e815edff36,23/12/2023,Saturday,Electronics,1,1822,1822
e14688b7-f17d-4a35-8899-52841717a5d7,21/06/2023,Wednesday,Furniture,4,4568,18272
1234f011-4f34-43b6-bd59-41ae3d80e355,20/07/2023,Thursday,Cosmetics,1,1173,1173
4edbad3a-b610-4266-aff7-4639ab205437,20/11/2023,Monday,Toys,1,3861,3861
652bc51d-1b87-4bb5-89db-cc2b28f4af69,04/02/2023,Saturday,Furniture,2,3524,7048
f50ccc25-8bc6-449e-89b7-751697028f3f,04/08/2023,Friday,Furniture,5,2673,13365
67da16e5-6b17-4e41-9ac6-f615b08c99a6,06/03/2023,Monday,Groceries,5,1453,7265
beee3ba2-aa5f-490c-92eb-d8d5d21c3fea,08/01/2023,Sunday,Groceries,5,2628,13140
b81167aa-683b-4021-847f-3b23e41f8b8d,28/10/2023,Saturday,Groceries,3,381,1143
cb933c4f-2710-4ac1-9a00-af71d236e936,09/12/2023,Saturday,Clothing,2,4798,9596
63fbb4d4-4510-432d-8a21-c60d96a69383,28/11/2023,Tuesday,Groceries,5,3658,18290
5de5a4c0-d186-4da1-a811-6b0a43203f90,17/03/2023,Friday,Toys,5,789,3945
7f2e336f-9c6d-4fdc-9879-b37771866521,23/06/2023,Friday,Furniture,2,4656,9312
5d30d427-7c0d-44c4-85c2-fe5cdbbed217,16/02/2023,Thursday,Toys,1,91,91
dc26cab9-f671-4509-a88d-03b6e284c6fc,15/01/2023,Sunday,Cosmetics,5,3928,19640
4d9a419e-24c7-4849-b043-cf7623e8607c,27/12/2023,Wednesday,Groceries,1,1999,1999
0f775bec-82af-4cb8-a551-f8e614ceb41f,27/05/2023,Saturday,Clothing,5,3510,17550
b1558bcb-543c-4a39-90be-e4474d1f0e70,26/01/2023,Thursday,Cosmetics,4,2178,8712
1375be70-8633-45da-984c-661f41d80a85,04/11/2023,Saturday,Clothing,3,4547,13641
9b2e5051-deb1-45f9-9f98-f45bb7229bf6,03/04/2023,Monday,Cosmetics,5,2204,11020
e9be99b0-e56c-46aa-b615-397532d8ced2,20/08/2023,Sunday,Furniture,4,1287,5148
660addfb-b274-4dd1-bd08-c492d30ee7a3,21/01/2023,Saturday,Toys,2,1816,3632
61c78078-6519-42fd-bd37-a46bded38384,03/11/2023,Friday,Electronics,4,1891,7564
55d6b03b-964c-4735-903a-51450a830c4a,07/02/2023,Tuesday,Toys,2,555,1110
a8d1f17c-02d7-4f8e-a333-a9dc3092447d,03/10/2023,Tuesday,Groceries,5,1891,9455
603f6df6-2e31-43bc-8d1a-f7dcd494437e,06/06/2023,Tuesday,Electronics,2,4865,9730
f810da1c-c864-41fd-b223-ffb00f439a5e,28/06/2023,Wednesday,Clothing,4,1444,5776
41e87ddb-3ee8-4223-b1c9-cad02dbfd5a5,12/05/2023,Friday,Furniture,3,306,918
75050519-a66d-44b7-8ea0-6926fd992f12,07/11/2023,Tuesday,Furniture,1,1770,1770
0b68abae-f999-4a0d-8412-19caf353b9bf,14/12/2023,Thursday,Clothing,1,1121,1121
39627c85-bfb3-4563-8b73-efef0174812d,28/01/2023,Saturday,Groceries,3,1672,5016
f38e3ce5-fef7-4233-abf6-1403311e339d,17/09/2023,Sunday,Clothing,1,2116,2116
7b5ca98d-055e-48ed-8e47-612e944affb6,17/03/2023,Friday,Cosmetics,5,1119,5595
d29211df-9c84-42bd-9138-2153cc4032ad,08/03/2023,Wednesday,Groceries,5,500,2500
1fd1b3e0-94bc-4c61-9aa9-d79e62afbbe5,08/12/2023,Friday,Electronics,4,947,3788
0406efe7-dc6e-4bd1-99a9-fa29f09788e9,13/07/2023,Thursday,Clothing,4,4886,19544
8ee42dd2-45e5-4500-9df5-2f8d75815b3e,11/06/2023,Sunday,Groceries,2,3778,7556
c868b041-6837-4e53-9647-46c0d9f53639,13/12/2023,Wednesday,Electronics,4,131,524
b482d599-5136-4644-9b6f-d91fff6257ef,27/12/2023,Wednesday,Clothing,5,786,3930
c4363b56-538a-4780-8aa2-fb548d45ed53,14/09/2023,Thursday,Furniture,4,4224,16896
34d76468-7ff8-4217-9ed7-6a23a62b4272,13/03/2023,Monday,Clothing,1,3994,3994
03896eb9-976e-4dd2-9d70-3cc89d9bbc3e,28/03/2023,Tuesday,Toys,2,2257,4514
a84dec31-7f1d-4219-9009-15f6f0649169,19/09/2023,Tuesday,Clothing,2,3998,7996
60b5fb27-4f97-47b4-b6d9-65a25eb1f4c7,02/08/2023,Wednesday,Toys,5,2052,10260
6764ff16-2ee0-4dbf-9e6d-13f5d5f444eb,02/06/2023,Friday,Electronics,4,1741,6964
64f4ead8-90ae-4112-8b1c-1bbce27a57cf,29/07/2023,Saturday,Clothing,1,1229,1229
8c31f7a5-7239-4368-a88b-08262b0b85d5,02/03/2023,Thursday,Electronics,4,2985,11940
fe7a56b1-d04f-484a-b116-157dfe550814,25/09/2023,Monday,Electronics,3,2565,7695
5e6cbfe8-1c1a-4d39-aeb7-7f3fda3c054b,19/09/2023,Tuesday,Groceries,4,4998,19992
51bd6052-e144-442b-92c9-6b4013ae4a35,06/08/2023,Sunday,Electronics,5,511,2555
64383633-69c6-4eef-a202-bedf38e35438,10/10/2023,Tuesday,Electronics,4,2951,11804
551e1ce9-e492-400e-bba0-c62a555aaf6f,16/05/2023,Tuesday,Clothing,2,166,332
9ea2a349-0044-41f4-a11c-2b48aa9dac3f,28/12/2023,Thursday,Clothing,1,1704,1704
79f21402-eed3-4f12-b9f1-0874a77c1a82,03/04/2023,Monday,Furniture,5,4611,23055
495caa48-f602-49e0-a828-34678a948f00,19/04/2023,Wednesday,Groceries,3,1848,5544
3a40dfcf-3c52-4a2f-98d6-2760a010e25d,29/08/2023,Tuesday,Electronics,1,709,709
11487e5b-ebe4-4037-bc64-77a1b8be4545,21/12/2023,Thursday,Groceries,1,3287,3287
7ad82f46-9a16-4711-a568-79a61bffa981,22/05/2023,Monday,Toys,2,2172,4344
ceaede51-4640-4cd0-bf43-b4820aa99bfb,18/10/2023,Wednesday,Electronics,2,3869,7738
d40d00e2-fc86-48a9-a283-1670b76c1256,25/08/2023,Friday,Groceries,2,3393,6786
f7c7bad4-c01c-4108-a138-d670458900f3,06/12/2023,Wednesday,Furniture,5,2600,13000
c31544d2-7ed5-402b-a58d-41ea6ecd2b6e,08/11/2023,Wednesday,Furniture,4,4940,19760
e9fa79cc-9955-4b29-8e32-31335d7c8f12,26/06/2023,Monday,Electronics,1,1636,1636
c61f244f-6845-422a-8a91-42a77c009fa1,21/05/2023,Sunday,Toys,4,4732,18928
99fd5fb3-4aef-4dc8-aefc-89a5d7f91559,08/07/2023,Saturday,Furniture,4,2797,11188
c192e5a1-8c9c-44e9-9427-a98284ff9ef1,18/02/2023,Saturday,Furniture,2,684,1368
94bcb1e0-0a42-4a44-8c2e-924dd937fc36,29/10/2023,Sunday,Toys,4,2932,11728
2348ccdc-6b7d-4d44-9096-00b35dc0187e,09/07/2023,Sunday,Groceries,1,2861,2861
3a184ab2-a1e9-47b3-b6d2-792d4537193e,16/05/2023,Tuesday,Furniture,1,4503,4503
07b9800d-4214-4858-823b-f5fd0d2a6f59,12/02/2023,Sunday,Clothing,3,4065,12195
871a0b4d-72c7-4642-84e0-f4e2954389d0,19/12/2023,Tuesday,Cosmetics,5,2789,13945
2f1c77c6-b52d-4f13-95a8-f809c62bad23,31/03/2023,Friday,Cosmetics,4,1934,7736
fb0201b6-9ab1-4106-8d30-ba5cce316077,22/10/2023,Sunday,Furniture,5,1568,7840
8365fe0a-dd96-4c6d-a486-9acce6b4d65e,07/12/2023,Thursday,Groceries,5,671,3355
a2c2bff2-05bc-4d6f-888e-4d099b030bda,02/09/2023,Saturday,Groceries,5,4627,23135
8bd8254b-e8ba-4b25-8399-8f27a259c64f,11/07/2023,Tuesday,Electronics,5,1587,7935
71b608c5-e283-47ac-a95b-b757a2762b43,14/11/2023,Tuesday,Clothing,1,2387,2387
d51c143a-6e30-4855-bb69-a83428c00e01,16/04/2023,Sunday,Groceries,4,2044,8176
e52b51a7-5461-4887-bdf3-56667ef98c2d,29/12/2023,Friday,Toys,3,2120,6360
530cbae8-c094-455f-92d1-9d99cc1c6a30,06/11/2023,Monday,Clothing,5,4951,24755
889495a6-36f7-4965-95af-f2068f1e90cc,21/08/2023,Monday,Cosmetics,3,4980,14940
b2265f11-7786-4df1-8552-a8754dcaebd8,22/09/2023,Friday,Clothing,1,2415,2415
86759814-1365-485d-ba14-95c457f128b6,10/12/2023,Sunday,Toys,1,2895,2895
22bd490b-196c-4173-ba95-dfb2681e3cc5,06/02/2023,Monday,Furniture,2,3088,6176
f28081a8-00cd-404b-8de9-14fe3a1df566,01/11/2023,Wednesday,Toys,5,904,4520
9c81f536-abbb-4e2f-a43f-31827aeb22fa,10/02/2023,Friday,Toys,2,2778,5556
f41fda34-5fa1-494a-9474-25f27efd028b,17/01/2023,Tuesday,Furniture,3,965,2895
d8f8fb13-c936-4333-af84-9dd1845c1415,10/12/2023,Sunday,Furniture,4,4988,19952
dd62c62e-539b-4322-836f-d33148e33587,04/10/2023,Wednesday,Furniture,2,181,362
e2e277b7-d0db-4dd9-af3a-8563abea4889,03/11/2023,Friday,Furniture,1,1166,1166
721b033f-039c-4d40-8add-3c9ab66d1ba0,28/02/2023,Tuesday,Furniture,5,3643,18215
f9e5c355-fdad-4b11-89e6-dfa6f5b7affe,02/07/2023,Sunday,Toys,3,910,2730
c4337e5f-ebd2-4557-b695-ef0c93db6d53,10/02/2023,Friday,Electronics,1,343,343
71dc3a8d-1bb3-4b22-afba-318c1ec854aa,08/02/2023,Wednesday,Electronics,4,2738,10952
315fc7aa-fda7-4b69-b01a-39a8c27910e5,11/07/2023,Tuesday,Groceries,5,1049,5245
f6da72e7-9fba-4e4f-bd0e-3b5d94b52f46,24/09/2023,Sunday,Electronics,4,2346,9384
9da31cdd-9351-44bb-b7a2-6df0909b91f5,27/05/2023,Saturday,Cosmetics,4,3735,14940
855de920-7604-476a-a028-c87b315338be,29/11/2023,Wednesday,Electronics,5,336,1680
25f0a5be-0570-4d21-8a0d-0c7df02282ac,07/05/2023,Sunday,Toys,5,499,2495
cfc260db-fa1d-4da6-ba2c-72ddeae5be2b,15/02/2023,Wednesday,Furniture,4,2388,9552
0e8a30bd-c046-416c-a71d-4eaaca632dde,14/02/2023,Tuesday,Furniture,3,3290,9870
38aced9d-d7d4-4eb7-9051-d609ff003958,01/01/2023,Sunday,Toys,5,2753,13765
4f6cb5b0-2cbd-453b-898c-454c6082513a,17/06/2023,Saturday,Cosmetics,1,3166,3166
d97574d3-8067-4268-a5d5-8d3b1576c19a,18/04/2023,Tuesday,Electronics,2,4621,9242
ac5dfb1c-df1f-4e71-a0b8-cb381aedcd60,19/01/2023,Thursday,Toys,3,302,906
a6181cac-f9b4-49c7-9307-6411f74c97ec,28/11/2023,Tuesday,Groceries,5,1469,7345
b57265ab-8e9f-4b46-8b14-b8d6b6941752,13/03/2023,Monday,Furniture,5,2386,11930
14f89829-2d34-491c-9eb0-d348453d1584,19/04/2023,Wednesday,Clothing,3,1285,3855
1892df78-f98f-4e83-a79d-4a9505a10216,25/09/2023,Monday,Groceries,2,1049,2098
0a91790b-4897-4e54-8bd6-aca5aa952855,28/08/2023,Monday,Cosmetics,4,3810,15240
28938f2e-b84d-4ea6-b2fc-8f566b9f2be0,28/10/2023,Saturday,Groceries,1,4166,4166
01baa157-6385-4991-9f53-bb327769cad1,31/03/2023,Friday,Toys,5,4461,22305
76007ef8-aad7-449b-a76a-5a217d3cd542,13/04/2023,Thursday,Electronics,2,2661,5322
2c85eb47-c3de-45a1-97cf-0bac5c6ee59f,07/09/2023,Thursday,Furniture,1,1496,1496
d9fb0559-2188-4853-bb0a-3217b1f17b65,08/01/2023,Sunday,Cosmetics,3,2220,6660
9850be5c-d572-4524-a400-2cbe54916e6a,02/06/2023,Friday,Cosmetics,5,2971,14855
0335211c-e0fd-4743-9b9e-5358a91ed01e,13/12/2023,Wednesday,Clothing,4,3733,14932
ed3d4d3b-a94a-490e-8ab8-2543f69e814c,23/06/2023,Friday,Groceries,3,2311,6933
666bbe36-9050-44c5-b823-c75794861099,09/12/2023,Saturday,Clothing,5,1995,9975
7649f3ec-f89e-4991-8c0b-7e6635bf03b5,07/06/2023,Wednesday,Electronics,2,4984,9968
308b0ee0-faf1-4d08-8332-b6cd9537d791,03/08/2023,Thursday,Electronics,1,1903,1903
b14a9565-5598-4c26-8874-93fd79ee9561,26/06/2023,Monday,Clothing,1,649,649
0f25fc82-42d7-4834-b14e-a2f077f1773e,24/06/2023,Saturday,Furniture,5,4937,24685
6e11de0d-9e6b-4864-ab37-a90ad9e2dbd7,06/12/2023,Wednesday,Electronics,3,4185,12555
01fe2435-fc70-40b7-b691-fd0f49978dff,04/12/2023,Monday,Clothing,4,3453,13812
252ab479-adee-4eea-98d8-60857a8ffafc,26/05/2023,Friday,Groceries,2,3040,6080
7d110a1f-8fd8-457a-8e89-d47f8a3aa30d,20/11/2023,Monday,Clothing,5,4793,23965
62941b0a-4e48-468f-a5aa-889d1c96d917,10/06/2023,Saturday,Clothing,2,4327,8654
5c26f76d-3903-42eb-9053-54f928cabf1c,07/05/2023,Sunday,Toys,1,4410,4410
eeb941d1-4094-47b9-8005-dd7b2886324b,23/03/2023,Thursday,Electronics,4,2868,11472
9b8d4afa-3919-4ba0-8c61-0e5367c88013,27/05/2023,Saturday,Furniture,2,912,1824
ab9cb188-6949-4f55-8072-2cd639bc8deb,27/08/2023,Sunday,Furniture,5,4577,22885
85c19b54-aa01-4329-b0be-3ee58b7247b0,25/03/2023,Saturday,Toys,4,4105,16420
230af0c7-6e31-46f5-8983-7699eb6e33fa,23/04/2023,Sunday,Cosmetics,3,1269,3807
4dd14c57-99ab-44ee-8d50-ba7dcb4e2c51,13/08/2023,Sunday,Furniture,5,3845,19225
1554a908-e6ef-4102-ac39-e614acb6cc20,28/11/2023,Tuesday,Clothing,2,4654,9308
e2bc9c6a-4317-4559-98f0-9088a98347b2,31/08/2023,Thursday,Toys,4,4592,18368
2f00ce52-3e39-48bd-8627-5938eb3e463b,23/05/2023,Tuesday,Groceries,5,577,2885
93c59014-40b0-45f7-9a9b-df744eee327e,10/02/2023,Friday,Electronics,4,2972,11888
04bb9534-d822-4b11-8f32-807c9596a755,15/09/2023,Friday,Electronics,4,3254,13016
ff385c11-ceed-45c7-9930-a65c6e5e1dcc,12/10/2023,Thursday,Electronics,4,1212,4848
f0b76a5e-703a-487d-86ad-9b40cdfbca15,15/04/2023,Saturday,Clothing,2,4814,9628
022b2180-a0ce-4461-9743-05307ca07e3f,21/07/2023,Friday,Groceries,5,3614,18070
d727fe86-40b7-45e3-ae39-279ee8a010bd,03/11/2023,Friday,Toys,1,896,896
4e7af9b7-9447-4ae5-9217-ab869a5c0a8e,27/11/2023,Monday,Toys,1,2167,2167
fa7d0535-0a7a-43ec-8e77-12b3f60ef6ca,23/09/2023,Saturday,Electronics,2,3136,6272
5acdcf66-016c-4991-8fcd-8e3a71c98f40,29/07/2023,Saturday,Groceries,2,1820,3640
91fe0ef6-450a-4df0-9d0d-c39588ba957b,20/02/2023,Monday,Groceries,4,3333,13332
7d329f09-9b25-4ee0-b820-6e59de2ee6a9,28/04/2023,Friday,Groceries,5,1875,9375
4ff91e48-a56b-41c8-a2e1-21d08745184f,20/07/2023,Thursday,Furniture,5,3373,16865
8409a841-4a2a-4150-b142-f1d14ae46079,08/02/2023,Wednesday,Furniture,3,495,1485
4f44a93f-b61e-437d-8e50-2132820ddeb2,28/01/2023,Saturday,Electronics,3,1075,3225
7c0f1a6a-695e-4acf-a8c0-059a6c7f92ae,16/09/2023,Saturday,Groceries,1,1821,1821
9a9f7d11-0e78-46ea-9437-ba6f01e4a807,25/03/2023,Saturday,Cosmetics,3,1409,4227
8fd70cf2-066d-498d-8686-69094e92797d,04/06/2023,Sunday,Groceries,3,68,204
dfafaa56-6c68-4b72-8bd4-a39eea81eced,27/04/2023,Thursday,Toys,1,610,610
8e0ce84c-dd45-4c0a-accf-19c864d17f57,02/01/2023,Monday,Toys,1,521,521
fcef62f9-3bf0-4c10-883f-758e97a6371c,03/04/2023,Monday,Electronics,3,77,231
49f2ac90-072c-487a-92bd-a65988449639,15/06/2023,Thursday,Cosmetics,5,609,3045
c8be240b-de0d-4ae7-8cef-c25ef6437014,16/12/2023,Saturday,Groceries,3,2705,8115
7f3c49e2-3007-4564-93bc-987d7908852b,23/10/2023,Monday,Cosmetics,4,3286,13144
920b953f-61a2-4950-943d-464e2430f82e,15/09/2023,Friday,Electronics,4,4603,18412
f2897aa3-debc-4485-b129-75eb61ed11f9,22/03/2023,Wednesday,Toys,4,994,3976
517d3c18-3891-489f-87c3-3155be159728,25/09/2023,Monday,Toys,2,3998,7996
31f3f856-ea9b-4ae6-8fea-a57c6300543a,23/08/2023,Wednesday,Furniture,4,3706,14824
6d2e4a2e-552e-46cb-be89-52c96d0495c2,17/11/2023,Friday,Electronics,5,3113,15565
d29e9345-e38e-4dd9-8da0-eb2424df7c65,07/11/2023,Tuesday,Electronics,2,2029,4058
47af7f09-d6fa-4061-b80c-3a5653ad5605,28/10/2023,Saturday,Groceries,2,2766,5532
68f84b06-6296-46ce-add8-77a5c25f2685,23/12/2023,Saturday,Groceries,4,4971,19884
f80b86e8-dd67-481d-841d-ee432f3856a3,01/08/2023,Tuesday,Furniture,3,865,2595
45f986ed-6810-48ba-adf9-d722ab310850,03/03/2023,Friday,Clothing,1,2376,2376
dac08921-880d-4111-a3e8-793e334d7d7c,18/02/2023,Saturday,Cosmetics,3,2380,7140
2f4e12d1-67fa-44a7-9edb-7d0744e4b0de,07/05/2023,Sunday,Clothing,3,1052,3156
9f1c8a95-75ca-4aec-9a3b-76a0ed710ed7,11/08/2023,Friday,Clothing,2,1592,3184
84f2421b-a98c-4801-b68e-b154f618de24,06/10/2023,Friday,Electronics,2,4254,8508
de75943c-1f87-4ac9-85aa-5898f8f2ebfd,21/10/2023,Saturday,Cosmetics,2,1279,2558
c708f2ae-325b-46c7-a226-6c8736a233fd,11/10/2023,Wednesday,Electronics,5,3355,16775
36bc85e4-66b5-405a-b145-fb0a9ab0b945,04/10/2023,Wednesday,Cosmetics,5,2579,12895
ec42ee27-ec8c-4b19-b7dd-18e3a493e99e,17/04/2023,Monday,Toys,1,1480,1480
1b2dfb08-2bb0-43c9-98b8-967c10041d8e,26/05/2023,Friday,Electronics,2,3962,7924
490e577d-504b-4c3f-9e69-de70720233cf,09/04/2023,Sunday,Electronics,4,1582,6328
616a840b-1155-46a3-9af1-4c468947597e,14/03/2023,Tuesday,Electronics,2,1942,3884
912f7a2d-c21e-4bb8-bef5-02de7a7dcdb0,02/05/2023,Tuesday,Furniture,5,3174,15870
aa57619d-e4d7-42fe-b28a-90a2e8253e05,30/01/2023,Monday,Electronics,2,1471,2942
ee9334ff-ab8f-4429-a275-9a1604918c14,07/07/2023,Friday,Groceries,5,440,2200
ef87ca7a-2ab5-4373-a030-f31baaa96fa0,30/12/2023,Saturday,Groceries,2,2868,5736
48b1e0a0-1d22-4450-ad09-ed10b4c5875b,20/12/2023,Wednesday,Cosmetics,4,1919,7676
da8d243c-218b-45f8-9726-aa2182f2d241,15/10/2023,Sunday,Toys,1,3010,3010
f6e0c003-5ac9-47b9-a69f-51b4e93b5f52,14/07/2023,Friday,Furniture,4,1245,4980
38d08732-f7c3-4ce0-b4d1-d61ac1a8b827,05/06/2023,Monday,Cosmetics,5,2655,13275
9b03066d-0e50-41d2-bd9b-62719ee2dedb,21/06/2023,Wednesday,Groceries,3,907,2721
892b73e8-cd11-4294-9ae1-c79090ee43f3,01/12/2023,Friday,Furniture,4,3277,13108
a2ef0102-f3e3-4a19-8439-97cb146aa531,10/02/2023,Friday,Furniture,2,1566,3132
a7d79993-9bf4-47d5-b3e9-56c9305f4f4b,04/03/2023,Saturday,Toys,1,1203,1203
883ee44b-0140-4097-a0ad-8b15098c3179,23/01/2023,Monday,Furniture,2,892,1784
a42562c5-7a08-4b8a-839d-840d3945f67d,26/12/2023,Tuesday,Electronics,2,1732,3464
34a24796-c3c8-404f-89fc-09d2a229a538,16/03/2023,Thursday,Furniture,4,344,1376
01e7f3aa-eeb2-4b9e-a257-87e400200d9b,17/02/2023,Friday,Toys,1,694,694
1e0f3aa8-9f76-4f76-bccb-f02e8403bb58,09/06/2023,Friday,Cosmetics,3,3683,11049
7f3f6811-0e01-438f-a83e-2d7c2b30b326,09/11/2023,Thursday,Toys,2,2185,4370
b47897a6-8e53-4f35-9dae-b86667d17b1a,28/04/2023,Friday,Toys,1,160,160
8674489f-378e-4231-920b-58e37acfe1cd,10/04/2023,Monday,Groceries,3,633,1899
df54aa2e-7d7d-46e1-9e25-0888d0bb8502,16/06/2023,Friday,Electronics,2,3275,6550
2a0a007c-77ac-4c20-8c4a-25fd245f090b,17/10/2023,Tuesday,Groceries,1,1536,1536
de1ef44a-9229-43b3-97c8-499f9725829f,05/06/2023,Monday,Cosmetics,4,4914,19656
18a692b7-f37e-4e8d-acd9-61a2b8bd504e,07/01/2023,Saturday,Clothing,2,1698,3396
0668d74f-17f2-4294-836d-0f86ee8ab16c,15/07/2023,Saturday,Cosmetics,2,2431,4862
79c0d244-9f7d-43cb-a216-ea0329d08314,25/02/2023,Saturday,Electronics,1,155,155
4ddcf628-9a9d-4679-a78a-2be3e81085ac,17/11/2023,Friday,Furniture,2,3603,7206
443273a9-5c31-4ada-92ee-d7f053a74d0e,12/07/2023,Wednesday,Toys,3,1744,5232
44bc2a9a-dbd9-41c6-a5c9-8e368a388b9a,16/02/2023,Thursday,Clothing,2,1783,3566
fd935155-fb92-4c8c-a798-57ad7570101e,28/05/2023,Sunday,Electronics,5,431,2155
1ac9eaee-2196-4dd5-b26e-6d5d3c575b6b,02/10/2023,Monday,Groceries,3,2786,8358
7dccb56e-5354-4be2-8774-7205635e3f52,06/06/2023,Tuesday,Toys,1,4406,4406
3ad9e418-7c76-48a2-adf2-4f30ee78e536,21/07/2023,Friday,Cosmetics,3,1366,4098
a6a3a8a4-d0d4-4869-b948-f96e12423d0e,06/05/2023,Saturday,Groceries,5,2752,13760
f2d4ffbb-84ec-4dcd-b8dd-2f5dbe9b5915,01/11/2023,Wednesday,Electronics,5,4965,24825
6d2a4247-3d64-43f6-82bd-deccb0dfd1e8,21/10/2023,Saturday,Electronics,2,4124,8248
49ed53e9-1012-48e0-8837-588b26c1666e,05/03/2023,Sunday,Cosmetics,2,4854,9708
631fecb0-97a1-4c44-817f-bee17cbe2b06,21/11/2023,Tuesday,Clothing,4,956,3824
7a3b295a-1637-4565-9da7-5fe27a46bef0,25/06/2023,Sunday,Cosmetics,3,712,2136
98717162-ffa3-4060-ac3b-fc6084ac9c61,26/04/2023,Wednesday,Furniture,4,512,2048
3e743cc8-7f31-450e-b73f-426c15775115,23/07/2023,Sunday,Groceries,5,2952,14760
b9e8d46d-fad4-4f99-80eb-e744e08102ee,17/11/2023,Friday,Clothing,2,4730,9460
990c2298-c8be-43d7-b21c-76fc444ede03,31/01/2023,Tuesday,Toys,2,992,1984
92945ac1-d36c-4dd2-a62c-6387eabe354c,23/04/2023,Sunday,Furniture,2,207,414
a43918cf-5bf3-4eda-beda-714b3721cce1,31/12/2023,Sunday,Clothing,1,3359,3359
bb21aa5a-4e75-4a4e-a2ba-1f3c7e47fdbc,21/11/2023,Tuesday,Groceries,5,1376,6880
e97f65c8-7e19-4765-9082-b92e9cc98337,10/12/2023,Sunday,Electronics,2,2767,5534
f4a90fe5-76aa-4f01-9804-139574116703,08/03/2023,Wednesday,Toys,5,2718,13590
f72a3d44-8a0a-41b8-91b9-28b9d939ec3c,16/03/2023,Thursday,Cosmetics,2,2618,5236
433cb161-d8ac-4edb-8abe-7dc17ed7d1ab,14/02/2023,Tuesday,Groceries,3,3442,10326
b6d63db8-4881-469c-b2f2-0a5bf0221673,17/09/2023,Sunday,Furniture,5,2156,10780
fd17f8ec-f50c-4698-b46f-9ae694cba3cb,03/06/2023,Saturday,Furniture,4,4849,19396
72d29d55-ba0d-4eb7-a4ea-5bc2a5623e0e,04/06/2023,Sunday,Electronics,1,697,697
c1e4c5fa-8cb6-49cf-b69a-eba11611480f,29/12/2023,Friday,Electronics,4,3372,13488
34baa3fd-a42f-4fc9-a46f-8e527c59c0fb,22/08/2023,Tuesday,Toys,5,2988,14940
94fd9035-822e-4d30-ae04-7fa4b3ed3488,20/02/2023,Monday,Cosmetics,2,2533,5066
a31d0d40-cd52-4381-a663-e9650bc15dea,02/11/2023,Thursday,Toys,5,4291,21455
eda64f9c-1bc7-440c-841f-34e5ce4d7ef2,19/09/2023,Tuesday,Electronics,1,2956,2956
ac662809-07aa-412f-9432-07b2fa4f7051,11/11/2023,Saturday,Electronics,5,3075,15375
61d09ee4-30a6-4ff9-aeda-9f5c5f5eed13,05/05/2023,Friday,Furniture,2,1425,2850
f53c186d-10fb-4fb5-8207-668e56fc3256,02/09/2023,Saturday,Electronics,4,1873,7492
b5f9d4d5-be79-478d-8b4c-b4f457e7acb3,30/01/2023,Monday,Clothing,3,294,882
fa025665-685e-48fa-8868-682ba8512489,02/05/2023,Tuesday,Groceries,4,2398,9592
82ca1f22-19c5-48c4-9267-d8a59716e689,05/05/2023,Friday,Electronics,2,917,1834
35fd3995-0fe4-4c2a-a0e9-93705033ac3d,06/02/2023,Monday,Toys,2,2911,5822
68b89074-8ec2-448b-bce2-0bc380bf6617,19/06/2023,Monday,Cosmetics,1,529,529
4285084f-d0f4-46f6-933a-0a0fc7bb09d2,04/05/2023,Thursday,Cosmetics,5,2512,12560
c63fde2e-1c7d-415b-8ce1-cabec4b97f13,23/12/2023,Saturday,Cosmetics,5,1985,9925
0c848dce-c4e7-49e1-bab7-4585e68af58f,04/02/2023,Saturday,Clothing,4,3423,13692
03c476f4-a442-49f5-8fa0-c2f6f4e7a188,28/03/2023,Tuesday,Toys,3,3071,9213
fb70119b-2bcc-44ec-b2c1-584f29d8b290,14/05/2023,Sunday,Clothing,3,3242,9726
a5aa52ab-42f4-46b1-9117-2c041353be48,15/07/2023,Saturday,Electronics,1,137,137
b62d511a-68da-4a4d-82aa-4eaf9e2e0a05,01/10/2023,Sunday,Groceries,2,1290,2580
71ca7bbb-5826-4a77-afc7-17c3a71d0039,20/07/2023,Thursday,Cosmetics,1,622,622
f5f2ad97-6d30-4594-9eb7-fa5c9f2e3707,12/10/2023,Thursday,Toys,5,863,4315
02c74a8b-bdfc-4cd5-9bf3-277c58a3456b,18/03/2023,Saturday,Cosmetics,2,228,456
b94e3995-f1b2-4e9b-8778-094fbe1be4f9,28/02/2023,Tuesday,Clothing,1,1775,1775
9477942c-2787-44dd-a4f2-1dfa6a393361,06/05/2023,Saturday,Furniture,4,212,848
4d6b199a-384c-4c28-b4cc-bda342633a7c,19/04/2023,Wednesday,Electronics,5,2690,13450
0b0fa950-a25a-494e-b804-2f2489782712,12/08/2023,Saturday,Groceries,3,1055,3165
16741df6-5be0-4bdd-9a04-8daac7252a94,05/10/2023,Thursday,Electronics,1,2398,2398
824d75cc-c5fc-49a8-baeb-a1f33aab97cc,09/03/2023,Thursday,Furniture,5,2471,12355
daf1e125-b3a9-4c39-9cad-ce06ca842d1e,10/03/2023,Friday,Groceries,5,2805,14025
352e78a6-de70-439d-a050-4ab27ccf4e1a,14/06/2023,Wednesday,Furniture,3,4348,13044
d4e41768-7593-4dc4-b7a5-406c510f1bf5,01/11/2023,Wednesday,Electronics,3,4192,12576
dcc57e35-154a-4772-972f-4e43152480b7,11/06/2023,Sunday,Clothing,3,4608,13824
4be91ec6-338f-4f6e-b51a-c1b9d94ec06c,31/12/2023,Sunday,Electronics,1,3791,3791
9aa2cee1-dbf2-4313-852b-ee9830c92252,08/12/2023,Friday,Electronics,3,4553,13659
ccf4d4fb-6be0-40b6-ad0b-55643fc1824b,05/11/2023,Sunday,Electronics,4,1267,5068
d16b44a8-6cd3-4dbe-b7fc-cb35fc18c15c,09/12/2023,Saturday,Toys,5,2524,12620
ec89de6d-5415-40a1-819d-ee85f67a95bd,11/02/2023,Saturday,Furniture,3,979,2937
3ebf51e5-d157-4161-9f53-2ac504a85af6,20/12/2023,Wednesday,Furniture,5,366,1830
65e8c549-778e-4e38-9fef-d2352c43441c,19/04/2023,Wednesday,Cosmetics,2,1552,3104
8c370e03-b0be-4702-bd27-68bf0f367bb0,20/02/2023,Monday,Furniture,2,470,940
b7578cb9-5b35-4612-9efc-92c97cc11f87,07/09/2023,Thursday,Cosmetics,3,4408,13224
94a1c8ca-e5fe-4ab9-bf76-a6dc128574da,07/12/2023,Thursday,Toys,5,1499,7495
c3555b8a-e881-423b-8e5a-081e7456a5ea,21/01/2023,Saturday,Clothing,2,477,954
f194ade6-286c-4bca-a044-4de5f565fad9,27/10/2023,Friday,Cosmetics,3,446,1338
d37be968-5548-48a9-ae8e-459af0f323d7,19/05/2023,Friday,Electronics,5,845,4225
dd6338ba-e26f-4e19-936a-eee35e9b970d,25/12/2023,Monday,Clothing,3,156,468
d10b43bb-bbdf-4bb7-8981-912f0e75e73f,20/11/2023,Monday,Toys,5,4099,20495
2b5c2ea4-e71a-4010-97da-021e96c26676,02/04/2023,Sunday,Furniture,2,147,294
f7df480e-c683-4c00-a4b1-932381bd4382,07/10/2023,Saturday,Cosmetics,3,1953,5859
ecff5588-8a6c-4df3-82c1-dbd47f61dda2,05/05/2023,Friday,Electronics,2,3620,7240
c8611de1-e061-489b-b2f8-982f18f12084,21/04/2023,Friday,Groceries,3,3351,10053
a2605879-899f-469e-9ac7-dec8c1ede700,20/12/2023,Wednesday,Groceries,1,92,92
4f908006-98ff-4383-8719-d8ebbc8e9ce1,19/05/2023,Friday,Clothing,2,1627,3254
8b015eb1-7ef8-42f1-9faf-f9abdf8fbf38,30/09/2023,Saturday,Furniture,2,4240,8480
b10ffc9a-c422-44b9-91f7-0aad16624bf8,09/04/2023,Sunday,Groceries,4,4333,17332
613e97ad-d1d8-43b0-9ac4-6e993c172ab9,09/09/2023,Saturday,Clothing,2,434,868
4d69cfcd-63b3-4e4d-ab37-caa85ef78fe0,04/12/2023,Monday,Toys,5,4964,24820
8dacaff3-fbe1-432b-bfe0-f32a135dc6cf,14/04/2023,Friday,Clothing,3,3521,10563
84ae3329-a681-4ad1-9d3a-ccd8448fed6f,02/08/2023,Wednesday,Clothing,1,3627,3627
61b662e1-e2a4-43a3-9dc5-7d68aff12390,06/09/2023,Wednesday,Clothing,5,3288,16440
c4cf2ecd-f347-4c0b-8233-210686a36042,01/06/2023,Thursday,Electronics,5,1746,8730
21dc72b1-7166-4df9-87fc-5a8a18b11c6e,07/09/2023,Thursday,Clothing,5,2184,10920
031ce26d-0b0d-4456-bc0f-ee7a49cb26e8,02/10/2023,Monday,Cosmetics,5,3942,19710
b948701d-6344-4994-a4f6-ec98e28219ee,14/06/2023,Wednesday,Clothing,1,2586,2586
acfc3046-24f1-488a-b242-4b30e6bd38c9,07/12/2023,Thursday,Electronics,4,4371,17484
65018a5c-96d1-4d4d-a310-1b59eb057cae,08/01/2023,Sunday,Electronics,2,2442,4884
08444183-91b3-4256-9286-c3387a8b443a,11/10/2023,Wednesday,Toys,5,4663,23315
9858403f-b6a8-4c44-a887-972b73b5ad05,05/01/2023,Thursday,Furniture,2,3865,7730
17f911c4-e007-4670-905a-0f794c69e6c0,25/05/2023,Thursday,Groceries,2,345,690
32e34be5-7891-48d8-bb28-d181d248fee7,11/04/2023,Tuesday,Groceries,5,463,2315
bfaa309f-af49-4012-b00b-9262c5d2fe72,13/06/2023,Tuesday,Clothing,4,2045,8180
60560c3c-90ea-4b6b-803e-732ad9ee7d80,27/05/2023,Saturday,Toys,2,53,106
bc45de48-afc4-4249-9c59-63bfe52d6a49,05/03/2023,Sunday,Clothing,3,227,681
8c3b6df7-52d8-4baa-ba5a-b27aeaaf3c2c,01/04/2023,Saturday,Groceries,2,795,1590
8ed80117-240d-41c8-9f85-c866fbf632e8,27/04/2023,Thursday,Electronics,5,4404,22020
1735a7c2-16e2-4ffe-bd59-e250f930583c,20/12/2023,Wednesday,Furniture,1,701,701
4b581620-a700-4f67-a375-008783db4c30,24/09/2023,Sunday,Toys,2,3939,7878
7e3ecb91-0df0-48bf-a9e1-d4d61d101935,06/11/2023,Monday,Electronics,4,3321,13284
0a0edb77-183a-4f0b-aacb-e4c9d567356b,22/06/2023,Thursday,Furniture,3,2532,7596
788f0238-5e98-4272-8c00-6b0c8aa68bca,16/02/2023,Thursday,Toys,3,339,1017
280b10f7-837f-46f1-9337-ac03fb7270d3,20/05/2023,Saturday,Toys,1,852,852
256b3d1e-b9e3-4126-b329-ca6d774589e8,03/09/2023,Sunday,Groceries,1,2580,2580
3bb315ee-9ad4-4b2f-a964-9294533d2c33,29/05/2023,Monday,Electronics,2,283,566
474d9248-160e-4d42-8ad4-300d2fd3d484,03/09/2023,Sunday,Toys,5,457,2285
d6dbb8c1-69db-48f5-ac29-bbfdd1cfc1f9,05/01/2023,Thursday,Cosmetics,4,743,2972
b7e347b1-6d70-487e-9439-f1549ba301b0,03/07/2023,Monday,Toys,3,1219,3657
8e276181-172e-4e1e-815b-da4aa62cf342,20/01/2023,Friday,Furniture,1,4707,4707
1958d968-77d1-4054-99ac-34adb02183ae,15/02/2023,Wednesday,Groceries,4,2527,10108
70d1bdfd-333a-441f-a9f3-8fa9b8b5570c,12/01/2023,Thursday,Clothing,5,481,2405
c0fb7f59-a53e-4186-ad97-be4a33b083f8,11/03/2023,Saturday,Groceries,3,2594,7782
e6899047-a085-4a28-9e20-a3f1d5e00184,17/01/2023,Tuesday,Clothing,3,1032,3096
83bc02cf-8c92-4f6a-9092-e363c8de05f3,27/05/2023,Saturday,Electronics,5,3210,16050
d1359322-f60e-4170-8d17-626a472f7e19,03/06/2023,Saturday,Electronics,3,3094,9282
6d7b8c9a-3dfe-4d50-892d-49a053597ba3,31/10/2023,Tuesday,Toys,5,3974,19870
d43d95ea-5607-4398-80f9-0cbbe24c9370,18/04/2023,Tuesday,Cosmetics,3,3362,10086
55f84769-1b4d-4639-bd48-d75452dca900,24/08/2023,Thursday,Electronics,2,4923,9846
b30cee89-d68a-401a-92a2-bba412e548c8,04/11/2023,Saturday,Toys,5,4368,21840
3f97660a-277b-4c57-aeb7-f700003a2215,18/12/2023,Monday,Groceries,4,1738,6952
71a03cd9-4465-4ba0-91d4-ab2ea50aba80,11/03/2023,Saturday,Electronics,2,517,1034
e8b79bca-500e-4434-9242-9159ee6a44bb,02/07/2023,Sunday,Groceries,4,2666,10664
23041634-23c6-466d-b45d-fcd9c1a50ca1,07/09/2023,Thursday,Groceries,3,1395,4185
01cc008f-06ef-432c-84af-c02b0d0711cc,16/08/2023,Wednesday,Cosmetics,4,2472,9888
7e6e783f-f5b0-4174-b08f-32feaed5f2b4,12/04/2023,Wednesday,Electronics,2,4557,9114
8b333edb-a5b2-4b11-b84e-ae7623f110fa,16/03/2023,Thursday,Groceries,5,4771,23855
e7b9b806-b2cb-4bac-b93f-f07cd03f172b,04/08/2023,Friday,Cosmetics,1,1061,1061
36610257-a8c0-43c4-b096-40ea4dc6a135,22/07/2023,Saturday,Cosmetics,4,1727,6908
348a9aed-bd39-4cf6-a759-c33204391dc3,11/07/2023,Tuesday,Electronics,1,3747,3747
08e522cc-f34a-4fa4-9c42-55de24f98a5b,06/09/2023,Wednesday,Cosmetics,4,4947,19788
5669d33e-e74e-4b2f-83b3-e450fd4657e1,30/08/2023,Wednesday,Electronics,4,4116,16464
4f8b4a01-e693-4f45-ab05-7ebc7902537a,28/06/2023,Wednesday,Electronics,5,1942,9710
6cbd16ab-5d21-422f-853e-d1eadaad13a0,07/08/2023,Monday,Clothing,3,2919,8757
afd2769d-e9e5-4fb8-a409-f512672062c5,23/03/2023,Thursday,Groceries,2,4400,8800
94d29c8e-5fe7-4087-880e-7bbce2d9b2bc,02/04/2023,Sunday,Furniture,2,1536,3072
79df8162-71f4-4410-b4ee-4e47011a84b3,24/06/2023,Saturday,Electronics,2,3389,6778
911e2d1d-1202-4a3a-91a7-bd508ddb43bb,27/08/2023,Sunday,Groceries,3,1466,4398
c9b39059-7f9f-4903-b8a5-8fdc983bda24,17/09/2023,Sunday,Cosmetics,1,4907,4907
8f4af578-3f00-4d93-beda-7ceb34100b8b,31/12/2023,Sunday,Toys,2,2896,5792
2c811d07-cb77-4543-9cea-4b7977314af7,12/06/2023,Monday,Electronics,1,1407,1407
ec012bef-8509-4dd1-a127-757c5d26ceb2,17/02/2023,Friday,Cosmetics,3,4110,12330
c20b993b-a4f1-40b0-b5e3-5763db53659d,25/11/2023,Saturday,Cosmetics,3,4710,14130
be258cd0-15f5-4f27-b9d7-3920ed9ae805,24/11/2023,Friday,Cosmetics,5,1441,7205
e8f9edc7-479c-4e9f-81c8-2aad64c5e8e1,26/04/2023,Wednesday,Cosmetics,2,1628,3256
c2be3a70-21e5-4958-a3bf-2400c010f459,03/12/2023,Sunday,Cosmetics,5,3799,18995
db4a0111-c3b6-4b80-861d-ff98c1dd0010,03/12/2023,Sunday,Electronics,2,3675,7350
82355227-59ce-40fc-a017-5b7e15ff524a,13/08/2023,Sunday,Furniture,3,2553,7659
7fdea165-75e8-43c6-aad3-9425218e560f,18/12/2023,Monday,Clothing,3,3187,9561
ea10e932-115d-4869-ac6f-9b1a9f1ef72b,24/11/2023,Friday,Cosmetics,4,2959,11836
51fc6850-867d-45f0-9355-4d56965e1e7d,27/05/2023,Saturday,Cosmetics,4,2714,10856
de9a44de-22dd-4bf1-a776-262aeffcbcd3,04/03/2023,Saturday,Clothing,3,449,1347
7c03dd44-94ed-4c70-b8ab-9cf97dce72bf,21/10/2023,Saturday,Electronics,3,4432,13296
7c044535-ecdd-401d-a997-a7a8c208c385,19/11/2023,Sunday,Groceries,1,4007,4007
97592150-e997-439c-9c4c-5eec3203c4e2,21/11/2023,Tuesday,Toys,1,2283,2283
674af2df-da6e-47ba-9b12-9f137d8f8b06,13/01/2023,Friday,Toys,5,1589,7945
86b1adc0-5216-4574-8c42-4aa57ee3720e,08/07/2023,Saturday,Groceries,4,286,1144
ce269fbd-818e-4de3-bba9-267f2e162b44,14/10/2023,Saturday,Electronics,4,4960,19840
591708bf-f8fe-464d-b14f-de780fcd265f,27/07/2023,Thursday,Toys,3,977,2931
54caf012-9b0b-4f97-a626-8aef12b941de,24/04/2023,Monday,Clothing,3,4559,13677
28dd8928-2a15-4db6-98ae-47926e0b6cbd,22/01/2023,Sunday,Groceries,5,469,2345
9965f9b8-70f9-4c33-b461-d534f1d94612,15/12/2023,Friday,Furniture,4,4174,16696
0140b750-a146-41e1-bb27-0e855a93a9ff,02/08/2023,Wednesday,Electronics,1,2445,2445
886c0cfd-f67a-45a6-b332-2130db6255ac,20/06/2023,Tuesday,Groceries,2,710,1420
21174070-0f29-4dcb-b280-d9e709c530b1,19/11/2023,Sunday,Toys,5,2673,13365
4417672b-ddcc-41d0-8f92-c527d1cbda70,23/02/2023,Thursday,Electronics,2,4000,8000
b2b0a082-e72b-4640-a0d2-273e1844a77b,25/10/2023,Wednesday,Clothing,1,499,499
cb97c1bc-8dba-4afd-87b5-35f873e417c2,16/11/2023,Thursday,Electronics,1,429,429
659fcbee-171f-4775-8331-2990356151c2,06/05/2023,Saturday,Electronics,2,1300,2600
246ae5b0-a2cf-4f74-851c-4c1dee4d8c82,04/10/2023,Wednesday,Clothing,5,2509,12545
dc83f3a6-17da-4f93-a9f1-385cc31e0ebe,23/07/2023,Sunday,Cosmetics,2,3048,6096
a264db88-01fc-4854-9c6b-82ac08a72f20,13/07/2023,Thursday,Clothing,5,4501,22505
dc247c8c-3a08-414a-848b-6444ecb7f881,18/06/2023,Sunday,Electronics,5,2351,11755
9ed06ed8-7f80-4caa-8727-5efb08013709,01/06/2023,Thursday,Clothing,3,776,2328
ea1baecc-7365-4022-ba57-58f466e29e43,04/02/2023,Saturday,Cosmetics,4,1517,6068
ed9b7d62-d80a-4d53-86bf-e352fa47216d,03/07/2023,Monday,Groceries,4,2778,11112
14d9ac4f-ab17-431b-b1e5-b5a53487e9da,13/10/2023,Friday,Clothing,1,3202,3202
70e7bcb7-96e9-41ac-a348-3841656ed08a,26/02/2023,Sunday,Clothing,3,3570,10710
aa5de300-5095-4bdc-94e4-a2714ce703e8,10/08/2023,Thursday,Electronics,4,4955,19820
fe9a66de-1db3-406b-bf46-394ef6c53b9c,30/10/2023,Monday,Groceries,5,3404,17020
6cb9e2ae-2f85-4a58-bf98-0e2e80c137e5,12/06/2023,Monday,Furniture,5,465,2325
1b66d461-eb2b-4935-907c-96eb9e94e6d2,19/01/2023,Thursday,Furniture,2,649,1298
3aa35406-8b08-425c-9a71-23f3b7ef341e,21/09/2023,Thursday,Toys,2,3124,6248
d5848f6e-9013-48d2-bce6-dc669d3d6ebc,09/10/2023,Monday,Clothing,5,4224,21120
b80f02ba-5545-43f1-b38b-2b5dc78aa524,23/04/2023,Sunday,Clothing,5,1617,8085
582886e2-e5bf-4cb1-8c7f-47ee53c33fb1,23/11/2023,Thursday,Groceries,2,1144,2288
36fe0cd4-5424-46d3-81c4-36499f8687d6,30/01/2023,Monday,Cosmetics,4,2993,11972
0e7c5b89-0cc8-4bbc-a963-145161e7b6a6,15/05/2023,Monday,Furniture,1,4203,4203
daad8bc9-062d-49ae-b39b-c4006f37046f,08/03/2023,Wednesday,Toys,2,1497,2994
8c66a90e-930d-4fd5-8d2f-ae832d13ea1c,06/03/2023,Monday,Groceries,4,1542,6168
36e532e3-ee10-42e4-a9bc-f8556034335c,19/10/2023,Thursday,Clothing,4,2721,10884
968225f4-d3e3-4c66-b340-5dfd08a13c51,25/01/2023,Wednesday,Furniture,4,1508,6032
22f4c31e-e1c8-4b11-b44f-3d068daa3adf,06/02/2023,Monday,Toys,3,1258,3774
f5269f9c-da41-427b-a2ae-b5e3ecb0508d,01/01/2023,Sunday,Electronics,3,4984,14952
b11360d4-5bf5-45e5-a005-3ac0ad0a9774,06/02/2023,Monday,Furniture,4,2262,9048
0fb92866-ffcf-4eec-91a1-150aa227e38a,21/05/2023,Sunday,Toys,5,1404,7020
47d53189-c2b2-4eef-a0fc-9d2398cbe90f,20/08/2023,Sunday,Groceries,3,262,786
39d73ef1-c736-48ab-b0de-7754ec3c590e,16/05/2023,Tuesday,Electronics,2,3944,7888
f6ea82dc-1dc3-4172-8052-4a71e80ad5ae,07/07/2023,Friday,Toys,3,4652,13956
859cfe2c-8fad-4fae-9a6f-a47be2b12546,08/05/2023,Monday,Toys,5,3013,15065
c52f58e4-ba90-4460-b563-b657dc96c0b0,20/07/2023,Thursday,Clothing,1,2898,2898
3bf8d2dd-1daf-4af1-a7a8-6a296d520983,07/05/2023,Sunday,Cosmetics,3,3092,9276
9dc86e2e-3331-42cb-af3e-ac3955372a41,14/09/2023,Thursday,Furniture,4,3084,12336
d0dde5ed-8cd2-44de-99f4-10cd3967940e,13/06/2023,Tuesday,Clothing,4,1782,7128
6f03bd42-01eb-4690-a377-72be039be706,04/02/2023,Saturday,Electronics,4,3131,12524
9737b55b-1721-4ae6-9dbc-5348a2a3836c,13/07/2023,Thursday,Cosmetics,1,1320,1320
baec8207-4173-4c85-b7c4-c0647137eee1,10/07/2023,Monday,Toys,5,4918,24590
73135b3c-b307-4a2b-8fc5-f3374228fcdf,14/04/2023,Friday,Clothing,2,1579,3158
e3bebf78-22b4-4863-8dc5-42778f3f1ceb,23/01/2023,Monday,Cosmetics,5,1131,5655
0a581ba7-0165-4775-9e3b-f3dc9fddbfef,22/09/2023,Friday,Furniture,1,3581,3581
d249aa2f-f275-432b-9a57-59e6c1a27861,17/10/2023,Tuesday,Electronics,4,1201,4804
f4e9266f-24aa-46b2-86f9-78c13a81e9a9,17/09/2023,Sunday,Groceries,5,1772,8860
0545e6fa-7ab1-41c5-a2e9-d7e5d649172c,24/12/2023,Sunday,Clothing,2,766,1532
38fb901b-d182-4a6f-a9bd-8739bb8b248d,16/03/2023,Thursday,Electronics,4,4249,16996
d79db9d3-7677-4550-b837-184818177575,21/12/2023,Thursday,Groceries,2,2240,4480
fec2222e-e6a5-417d-8b42-5439dfc3322a,13/03/2023,Monday,Clothing,3,254,762
dcb1a695-2cd0-44f8-a0aa-fbaca88eaec4,16/09/2023,Saturday,Electronics,2,3879,7758
21cd7369-21d8-4cf9-b10e-6e5dc198d2b8,07/07/2023,Friday,Electronics,4,3159,12636
5e01f009-8822-4fa7-8115-cc9e5388dffc,22/06/2023,Thursday,Cosmetics,3,4144,12432
bafb1c7e-52d5-4f4a-9091-e03bdda3cd56,17/10/2023,Tuesday,Clothing,4,1382,5528
34217e77-217e-48c8-bd44-8f0a40acf45e,14/02/2023,Tuesday,Electronics,4,2098,8392
5e717a5e-996d-4b48-af07-6d0d65884ca8,02/03/2023,Thursday,Toys,3,1899,5697
4cdf6568-4f9d-4dc8-9c69-c858aa9d839e,24/03/2023,Friday,Clothing,2,4892,9784
4d61d0f6-505d-4e2b-afe9-9e4d60130c52,03/05/2023,Wednesday,Electronics,1,1287,1287
2d138d0f-704b-4573-b17d-7e0d9831860c,24/12/2023,Sunday,Cosmetics,1,2068,2068
19c5e103-2cae-4e1e-9df7-7a26561f51f5,16/01/2023,Monday,Groceries,1,567,567
67f9cf31-2290-4af7-b2ad-c207eb490c7c,07/03/2023,Tuesday,Groceries,1,1488,1488
00fc05c2-a94f-4d20-9f19-3373d7dae311,25/05/2023,Thursday,Toys,5,4136,20680
69fb668e-4eec-4a31-abf8-f561bc382e0a,11/06/2023,Sunday,Clothing,1,2102,2102
809b8252-1832-4635-b8ef-143b6d64d57e,22/08/2023,Tuesday,Cosmetics,3,4418,13254
77ea6629-e147-4444-abeb-ff8cd575675a,24/05/2023,Wednesday,Electronics,1,4567,4567
72d106ac-8f14-43b7-83b7-bbc861f8c3c9,24/12/2023,Sunday,Electronics,4,2362,9448
f42ce6c0-ff15-4bb9-b7aa-d495a745d145,07/07/2023,Friday,Groceries,1,2309,2309
7d47fc17-c6ca-44e7-af92-64a2cd3ffcb2,18/11/2023,Saturday,Cosmetics,2,3199,6398
04bc3dd9-78a2-41d7-9a74-f8e88b382649,13/01/2023,Friday,Toys,3,831,2493
81c8161a-dbb6-44f1-bdc4-3398e441b263,03/07/2023,Monday,Groceries,3,2763,8289
89a20fd2-2d52-4060-913d-d9616d6f8a64,21/04/2023,Friday,Groceries,5,1294,6470
93677898-af2e-4bca-a266-219176ca1431,17/10/2023,Tuesday,Toys,4,2466,9864
21c11ca9-2016-46fb-9d94-14d6210fe6b2,22/10/2023,Sunday,Clothing,3,1025,3075
60b81935-0fac-4e73-ba5f-c2e47a0f36e0,03/08/2023,Thursday,Electronics,2,3541,7082
e893102f-af9e-4842-9f00-c3c6a5807f8c,30/04/2023,Sunday,Clothing,1,3475,3475
c7435bb6-cb5e-42f2-93f6-6c57c3bf66e5,24/02/2023,Friday,Cosmetics,3,466,1398
c5914860-b258-47d0-a724-45f57902ac6a,27/01/2023,Friday,Furniture,2,264,528
70bbfd4f-e301-4d1e-bc39-c98f264d547b,28/04/2023,Friday,Furniture,1,4028,4028
14dc93d9-ddd9-43ee-9b96-565745ce53f4,09/08/2023,Wednesday,Furniture,5,1185,5925
5a4e8276-adeb-4351-8b10-a57c3244cbfb,19/08/2023,Saturday,Toys,3,3825,11475
b144896d-0d42-4213-83b7-57c50419d782,22/02/2023,Wednesday,Groceries,3,1632,4896
d43d8645-96ca-493c-9e85-15b941d57371,22/10/2023,Sunday,Clothing,2,4573,9146
0ab83d18-a07e-4ea5-8401-92a91ebe49e7,17/11/2023,Friday,Electronics,4,782,3128
3bb91c72-14be-4c76-b1d9-e7bc517f1633,21/08/2023,Monday,Furniture,5,2796,13980
aac47f86-919d-44e6-9f3d-bd85a7a7013a,07/06/2023,Wednesday,Clothing,4,2313,9252
c09979a6-cf1d-43bb-81ae-96e6ab8e5f7f,26/09/2023,Tuesday,Furniture,3,4558,13674
49302b72-b985-4b9c-be9c-3c3692888fff,21/01/2023,Saturday,Furniture,4,3854,15416
40b05d15-760e-41a6-a359-1f7953faeaa8,22/02/2023,Wednesday,Electronics,1,2477,2477
4093ad22-c0ab-4520-9984-6ba40909de22,02/10/2023,Monday,Cosmetics,5,281,1405
632f3659-5d33-47d1-9c0a-db9360a6eae1,09/11/2023,Thursday,Cosmetics,4,4980,19920
dd769918-a876-4ad9-a217-19e1864b98ec,08/10/2023,Sunday,Cosmetics,1,4403,4403
4efb2d18-6caf-437e-8f26-34cf7277b126,02/08/2023,Wednesday,Toys,2,452,904
92d2c836-0061-46f6-b249-1bab0f2c8047,31/01/2023,Tuesday,Groceries,4,4915,19660
54f16937-2afd-4690-80c0-f1e973766ecc,03/12/2023,Sunday,Toys,5,114,570
7b325852-ec76-44ac-accc-c6f66a31deaf,02/07/2023,Sunday,Clothing,1,2287,2287
5afc0ec3-ab87-442b-8f50-ca3ab8ce1976,23/01/2023,Monday,Toys,4,999,3996
651071ad-ea42-4a42-a403-9747dee256c3,01/02/2023,Wednesday,Clothing,2,222,444
a87d01e6-10e1-46b6-97f9-65ef799d2649,15/03/2023,Wednesday,Clothing,4,2725,10900
afa4bca0-d2f7-4368-9f78-a56c9aa528c2,10/01/2023,Tuesday,Groceries,1,1300,1300
f896186e-b43d-4b9c-ab3b-dfe30bd7bbfd,23/02/2023,Thursday,Electronics,4,3098,12392
e5faa5a7-268b-428c-ab00-a675970b043a,21/02/2023,Tuesday,Groceries,5,4055,20275
3ee93f70-71b6-473d-92e9-166d96bc083f,28/05/2023,Sunday,Cosmetics,3,687,2061
bb842b21-87c0-419f-8b38-3c3b68541d74,09/06/2023,Friday,Cosmetics,1,998,998
7a557e18-fd9d-4037-9e5c-a4f3de5a53fc,14/01/2023,Saturday,Toys,1,2310,2310
9f6697c0-f42d-4a3e-bba7-0a082b82409c,27/06/2023,Tuesday,Clothing,1,1744,1744
abff3096-63e1-4bf2-a709-f6ff5ce23563,22/02/2023,Wednesday,Furniture,1,4897,4897
79ea97ac-24e6-4e45-a683-41a3d4394b9b,01/12/2023,Friday,Furniture,4,4807,19228
04b9f0eb-63a6-4062-bbd0-e33daff57f79,22/01/2023,Sunday,Clothing,5,192,960
a86bae35-8d7c-448e-a22e-dcf188d135a9,30/01/2023,Monday,Groceries,2,4631,9262
eefd2105-d9ff-4053-ac4c-45299c78200a,10/07/2023,Monday,Electronics,5,1510,7550
146e0d46-f854-44ab-8a67-86ab7ccef973,17/09/2023,Sunday,Groceries,1,3937,3937
43a0c7bb-14d5-4a52-9a5a-5f1dd6477bee,24/07/2023,Monday,Clothing,4,342,1368
5d7d1002-1de3-4389-8a28-bf0b1d31b66d,28/02/2023,Tuesday,Clothing,4,1693,6772
7431815c-39e5-4f55-bd6e-ce73be0679a4,21/09/2023,Thursday,Electronics,1,2768,2768
93eedd72-c3b2-4e3c-b248-bf6cf4060036,12/01/2023,Thursday,Toys,4,887,3548
54a4dcd8-2b85-4678-ae1a-35a204022c35,29/04/2023,Saturday,Toys,1,1087,1087
eedfd58b-1d8b-4bdb-8b5d-a6d5726100b1,17/10/2023,Tuesday,Electronics,5,321,1605
580f5d8f-17a2-4e9a-a29f-91b214d41040,04/12/2023,Monday,Toys,3,2008,6024
5c985c4d-f7a7-4e33-bab7-156dbc36d956,05/09/2023,Tuesday,Furniture,4,2419,9676
c329461f-ce77-454a-81cb-716db9c0d0d4,20/12/2023,Wednesday,Toys,1,855,855
8de7bc6f-fb5b-44d1-ade5-4232a12f0aac,07/05/2023,Sunday,Toys,1,3224,3224
d330502f-c8df-43b6-884d-b278bf20c8a9,16/03/2023,Thursday,Toys,4,932,3728
5ad4c92d-c079-4b7e-a4d5-aa7798a7e73b,27/12/2023,Wednesday,Furniture,2,881,1762
c0aca310-f449-411b-9d73-8d1abaaca6c6,23/07/2023,Sunday,Toys,1,3221,3221
2836cb0f-78bb-4ed5-b5bf-1fd3d83f5608,18/02/2023,Saturday,Cosmetics,4,2241,8964
7e41cbd9-1a94-4f47-8713-9d4d45136b67,20/03/2023,Monday,Furniture,1,2090,2090
86acc4fb-b50f-44a8-96f0-9f9f37b1b8f2,29/08/2023,Tuesday,Electronics,2,1644,3288
9aba0cf1-d274-4c43-aa9d-424e985053e6,15/12/2023,Friday,Groceries,3,1676,5028
2a66e6ef-419c-4535-a3f7-e7c78b39867c,03/06/2023,Saturday,Electronics,2,3634,7268
cc4c0964-b1a4-4b65-9545-130f257c7602,01/10/2023,Sunday,Groceries,5,323,1615
9e5a940e-c836-448c-90fa-bfe94d7f3c84,06/04/2023,Thursday,Electronics,4,639,2556
c596be8b-43f2-4b40-86c3-55d5f11c2b9b,02/08/2023,Wednesday,Cosmetics,2,2750,5500
4bb064fe-265f-4e24-9dba-cfc4dd5e3b79,21/10/2023,Saturday,Groceries,3,632,1896
2523d848-8628-482b-bdd4-8d9e205a82c0,28/07/2023,Friday,Groceries,1,3683,3683
c47cf1bf-434c-4347-8946-197a30b2ea02,09/12/2023,Saturday,Clothing,4,2040,8160
c5f357e5-52f3-47b4-be13-43cc4f353181,29/03/2023,Wednesday,Groceries,2,1308,2616
ef6b2b84-6d9c-41ea-b9bb-a2b3d77948a9,02/11/2023,Thursday,Groceries,3,2916,8748
741e9d7c-86a9-400a-8bcb-6c7f13ef43e7,21/09/2023,Thursday,Clothing,2,3788,7576
252fc33c-df9b-4a2c-9cb6-c4b42c62ea08,21/11/2023,Tuesday,Toys,5,621,3105
c33d829f-a762-477c-a3a7-15ccc3864b08,16/11/2023,Thursday,Toys,4,594,2376
daefc1b7-a693-49a6-91c9-1edc62093f49,06/06/2023,Tuesday,Clothing,1,4272,4272
9855c126-f015-4c8e-832d-8d206869fa6b,05/06/2023,Monday,Furniture,3,4878,14634
717a7a09-a629-4028-909e-9577e93f796b,19/05/2023,Friday,Groceries,2,4562,9124
eb9eed49-5bba-4a83-aa99-c24e2d436a2e,01/05/2023,Monday,Groceries,4,687,2748
06e8fbe1-896d-4ca1-8fd4-ba25d4004390,06/03/2023,Monday,Clothing,2,90,180
d8a7caf3-270a-454b-881c-6fdd1b55a772,17/04/2023,Monday,Clothing,4,4932,19728
c0e88964-10c3-40dd-81b4-8c48a794bcee,27/05/2023,Saturday,Furniture,5,4442,22210
d9a86007-485d-4201-8833-8c08587b6339,17/05/2023,Wednesday,Cosmetics,2,1670,3340
7c6c622f-3d86-423a-9c06-7fed1569d389,11/06/2023,Sunday,Toys,5,3722,18610
832151cf-2a98-49fd-b843-c91482bb2fa4,10/04/2023,Monday,Electronics,3,4187,12561
d5c65560-b4e2-457c-b624-33b6222ba5cf,04/12/2023,Monday,Cosmetics,5,4178,20890
71718074-8b92-43ca-9d23-51bfb6c70562,03/11/2023,Friday,Toys,4,1349,5396
ad51f3dc-5aeb-400f-a105-2b1a524a6c5a,21/05/2023,Sunday,Groceries,3,4761,14283
7e478edf-9fc2-44a3-8dd1-a3baa725f470,24/03/2023,Friday,Cosmetics,2,209,418
fdb2c686-a879-48bd-9847-23df064fbfa8,26/06/2023,Monday,Clothing,2,2002,4004
cf0a57b6-157e-4081-83ee-e9f69c61f60b,17/07/2023,Monday,Furniture,4,1781,7124
e538a4a2-dd32-4bd9-a56a-a88c2d98914e,22/04/2023,Saturday,Toys,1,2496,2496
e6f54ba9-0e0a-47fe-bf17-c1abb958c0e0,25/02/2023,Saturday,Furniture,1,3212,3212
2046b0b8-ccb6-4ae3-8542-ba90cbe124c8,28/06/2023,Wednesday,Toys,2,1782,3564
3e434886-0bec-4ca7-83f1-47f92c779a8c,05/07/2023,Wednesday,Cosmetics,4,630,2520
464bad2a-6a42-4c97-935c-2abc0e33ccb1,06/08/2023,Sunday,Groceries,1,269,269
f6a7426d-6370-450d-8b2e-1c621b4f8d69,12/11/2023,Sunday,Electronics,5,4524,22620
85b67075-9b49-4d70-88d7-86db9d95236b,05/08/2023,Saturday,Furniture,2,1799,3598
cfd7ad05-5891-4244-aa7e-ecc68b596485,30/04/2023,Sunday,Furniture,5,1520,7600
64d2291e-fc5c-4477-836a-f2ec8d7345e5,24/06/2023,Saturday,Electronics,4,4378,17512
c2e7d910-083f-4422-92f7-2a846fe403bd,23/01/2023,Monday,Furniture,5,1444,7220
b2e7fa51-2c38-4c01-af9b-4ca58d3e39d2,01/08/2023,Tuesday,Furniture,1,971,971
830f27dd-24c4-40ab-95da-2d0a093057be,23/08/2023,Wednesday,Toys,1,2823,2823
b44a3665-22d1-4eec-af1e-0a55569f8ac1,13/01/2023,Friday,Toys,3,4512,13536
28d457f3-e439-4ba6-8774-da268df15d3b,11/04/2023,Tuesday,Electronics,2,4626,9252
7cb6ea28-2f6f-4b4b-8c1b-76b6a30d7c46,24/01/2023,Tuesday,Groceries,4,3484,13936
b156d4d2-8cd1-4fe1-9ffa-5d11bb63f95c,30/12/2023,Saturday,Cosmetics,2,3632,7264
e8160b5c-c91e-4f61-91f3-28639c73e24f,11/01/2023,Wednesday,Cosmetics,5,1168,5840
d1578f8a-4f66-4122-8a5d-9dc59fcba79f,30/09/2023,Saturday,Furniture,4,1915,7660
5ed2d146-a531-4d95-a600-59a2ccbf4425,08/10/2023,Sunday,Groceries,4,4361,17444
c569676c-d503-4b16-9502-ecbc3fab575b,04/04/2023,Tuesday,Electronics,1,774,774
1213e4cc-a486-4781-a88e-ccd08fb2b8a6,20/07/2023,Thursday,Electronics,5,761,3805
38410e20-c88e-44be-97e3-477191590710,21/01/2023,Saturday,Toys,1,1875,1875
799a7bd8-669b-4e3d-93ca-1821b2434908,06/12/2023,Wednesday,Furniture,1,3976,3976
aca0c2ad-f48f-4739-891f-44651dd812d0,30/07/2023,Sunday,Clothing,3,440,1320
1a71c5e7-ee98-43b0-92f4-c14d3fd9f82d,20/05/2023,Saturday,Electronics,1,1120,1120
ccfeddcf-e9f2-4e54-b11a-783bab1e51ad,20/10/2023,Friday,Furniture,2,4537,9074
944c38d4-9969-4f02-8018-c895cea1226b,25/10/2023,Wednesday,Groceries,4,2815,11260
b9a5dd49-abba-4b94-afd0-15e3be92566a,11/04/2023,Tuesday,Toys,1,4530,4530
eac81b41-859d-4970-b11d-9c5ce5b7c8a4,31/10/2023,Tuesday,Cosmetics,2,2478,4956
71293c80-9780-4c52-88a6-ba3407672ed2,25/12/2023,Monday,Groceries,5,4544,22720
daf6dd6f-053c-434f-8137-40a0ab89ee7b,28/01/2023,Saturday,Electronics,4,2197,8788
6992136e-c908-4898-a1e1-ee8310c83fdd,10/02/2023,Friday,Electronics,5,3622,18110
9074de46-c908-4b9f-ab6c-87af5df6b223,21/12/2023,Thursday,Groceries,2,4528,9056
e3848cbd-f414-4472-a79a-a937d11d359d,30/10/2023,Monday,Electronics,5,2804,14020
b46102d4-d4d8-4c68-8253-0d574501c2a5,26/05/2023,Friday,Furniture,5,3313,16565
30b225af-6075-4b25-b04d-3dca9aea54b0,13/09/2023,Wednesday,Electronics,5,3875,19375
2daa5bbf-6708-4ef5-8418-9ccd4ace8dc9,15/08/2023,Tuesday,Toys,1,3466,3466
083d1baa-f949-4261-9615-5c7dba7da51a,24/08/2023,Thursday,Furniture,1,2107,2107
c8a077da-65d0-4f87-81a4-723c822d16be,27/12/2023,Wednesday,Clothing,1,2361,2361
09037cb6-05fe-438a-9ecf-19279db63a6e,13/01/2023,Friday,Electronics,4,2929,11716
d63a512f-ebcb-46b5-8d7d-5fd7025a1e39,29/07/2023,Saturday,Electronics,2,3692,7384
ffeadc50-b45d-40ae-9f77-89638562d215,17/08/2023,Thursday,Toys,1,2659,2659
75f79655-d84f-472b-85a9-cd4f3c01bea1,10/04/2023,Monday,Toys,5,1480,7400
9918437c-3fd7-4c33-b23d-caf2e7774e24,31/01/2023,Tuesday,Cosmetics,5,1963,9815
4eff23a2-06bd-441f-b248-b7edfbe3c020,16/01/2023,Monday,Groceries,5,807,4035
7f0c02bb-391c-49bf-abae-e7dd9670887a,17/05/2023,Wednesday,Groceries,5,2184,10920
328a255e-dec2-4536-b860-dd65eb902018,25/11/2023,Saturday,Groceries,3,1962,5886
a7e4b966-b1b9-462b-b8f1-7c16a592eb23,15/06/2023,Thursday,Toys,4,1789,7156
d17c14e1-8ede-4b89-b2cd-99838b26ebe6,06/11/2023,Monday,Groceries,2,3267,6534
4b3d4676-dd6d-4469-84f3-1d0d9c8881b3,10/04/2023,Monday,Groceries,2,4806,9612
7d3d23ac-da7d-4304-aa74-da695048361c,19/04/2023,Wednesday,Clothing,1,1184,1184
11e3d9ed-aa76-4381-9bf8-1074947e07af,09/12/2023,Saturday,Groceries,3,3762,11286
dcf36a22-7361-4374-91cf-37036c606a0b,22/06/2023,Thursday,Electronics,2,814,1628
6ac15d3a-b49c-4ccf-86de-6f3d22b71170,25/08/2023,Friday,Cosmetics,4,2775,11100
237c39c8-2d8d-4b1b-bc2f-0c9a8507d562,11/06/2023,Sunday,Toys,5,3418,17090
22196149-1d77-4d9f-b81e-83a4b1fa4e9f,04/08/2023,Friday,Furniture,1,3547,3547
d15c31d4-2ba8-4071-adfb-887766a86786,21/09/2023,Thursday,Cosmetics,4,1722,6888
fd6801ec-70c1-498b-b02b-40814a4ce917,20/09/2023,Wednesday,Clothing,2,3455,6910
3f3aa747-471b-457e-a312-9d019e6a9114,19/10/2023,Thursday,Toys,3,632,1896
96aa06ec-3347-4e08-8de3-482510e880de,01/10/2023,Sunday,Toys,1,4816,4816
c19058a3-6e71-4364-be57-0169dfa4aeba,03/01/2023,Tuesday,Electronics,2,4683,9366
e35af2ee-d687-43ee-9f01-f6be6efd8ace,28/01/2023,Saturday,Cosmetics,1,1871,1871
13d39b60-6d6b-43af-8dfb-2fa3a0850c87,22/11/2023,Wednesday,Cosmetics,2,1235,2470
22a2c638-8356-4df7-a87b-28a9ea223b66,29/05/2023,Monday,Groceries,5,4575,22875
48d85494-87dc-462e-8a12-c8e743e9acd1,28/01/2023,Saturday,Electronics,3,1687,5061
dade22f0-8dbc-4a49-ac8a-14fbe20a7e66,06/11/2023,Monday,Groceries,5,2230,11150
baa15bc2-2f34-4a08-ab80-e3f3fdcd0035,06/03/2023,Monday,Groceries,2,238,476
decd61c2-532a-4748-a5d8-2193bb1edaee,22/12/2023,Friday,Toys,4,1796,7184
a75eda81-d52e-41ae-98c5-38dd8a50a5db,21/01/2023,Saturday,Cosmetics,5,3876,19380
8bbbf9f6-9d31-4a46-818f-4235f8d62993,09/09/2023,Saturday,Groceries,4,2670,10680
fb8a2e66-14f3-42a7-8917-d077c2068924,23/08/2023,Wednesday,Clothing,2,3995,7990
13eded0e-0518-4f6a-9fc7-aa68e4a2381c,15/08/2023,Tuesday,Clothing,3,2376,7128
e5ae50c9-d20d-4761-911d-f26d6a540563,13/01/2023,Friday,Cosmetics,4,1234,4936
7ebd58fd-4381-40bd-a5e6-3e9392ad3f04,09/11/2023,Thursday,Clothing,2,2843,5686
39b8d2e1-69cc-4469-b118-d62f15acd9ba,18/02/2023,Saturday,Toys,4,2996,11984
8aca2b96-baa8-44eb-992f-6bc0468ea81d,28/04/2023,Friday,Electronics,5,2550,12750
19299ebd-a625-4774-a57c-bb2ac7180e6d,23/02/2023,Thursday,Furniture,2,4996,9992
5ed8c13a-2071-45ed-9cc4-4bb7de8a1a51,18/05/2023,Thursday,Groceries,5,219,1095
7f8e9407-7876-4cda-b566-65884d5bb84f,22/02/2023,Wednesday,Furniture,1,4975,4975
a54a23ff-a5ab-4aaf-8013-260351c1d236,13/02/2023,Monday,Electronics,2,2795,5590
4cb5c13d-72b0-4ffe-88de-404cda5c8b21,30/10/2023,Monday,Electronics,4,1130,4520
854cb854-1007-4e5f-8181-8af833b26c10,22/02/2023,Wednesday,Toys,1,1313,1313
40004cbc-30d5-409e-a901-a9b5061ae46f,15/03/2023,Wednesday,Clothing,5,4914,24570
01382c60-603a-4cce-b480-dc94fa29be35,15/02/2023,Wednesday,Clothing,5,4503,22515
244a725c-4f8a-4799-b074-4d6779bb0095,13/01/2023,Friday,Electronics,4,2298,9192
2a140560-a9a6-4f5a-bc26-6a20034bf2cf,14/06/2023,Wednesday,Toys,1,3958,3958
818b8e50-0569-45c6-a37f-ced34ec4de24,12/04/2023,Wednesday,Toys,3,1375,4125
35e915ec-4ea8-42a4-a290-35f66b6d5568,07/10/2023,Saturday,Cosmetics,4,3227,12908
55b22c1f-1ca7-4469-8c95-e3fa518f6873,15/09/2023,Friday,Groceries,5,3923,19615
26d78950-791d-47d5-b414-61d6326016ad,03/12/2023,Sunday,Clothing,2,2198,4396
d5fc7c87-e313-4fb3-a7be-39fa531855a5,22/12/2023,Friday,Electronics,1,1738,1738
55f292f9-6678-45c8-b000-4c34e2094f42,18/05/2023,Thursday,Cosmetics,3,3035,9105
7ef19d8e-1a8e-4ca8-b124-dd863a75d098,12/06/2023,Monday,Furniture,2,2126,4252
67928df9-3707-4698-9dba-6ac743fb54d0,21/04/2023,Friday,Clothing,1,1579,1579
2fd35723-8cde-4914-abf4-ad567a6070c2,12/04/2023,Wednesday,Groceries,4,1511,6044
d30365be-b8d9-4afa-a3c9-71e428d8985d,17/01/2023,Tuesday,Toys,4,1452,5808
4f484da3-c72e-4640-ae13-bd98293dc238,25/09/2023,Monday,Electronics,1,122,122
87626d60-e52a-4457-b6f2-d13c0a85ea61,01/07/2023,Saturday,Clothing,3,4399,13197
02402db5-7c9f-4220-8e1c-f5dd389fc540,24/01/2023,Tuesday,Furniture,1,4084,4084
21d14638-f7f3-4078-9f35-717c9d0aadf8,29/01/2023,Sunday,Groceries,2,4661,9322
8883ae30-a56b-464c-b8c6-cca908254a27,20/06/2023,Tuesday,Groceries,2,2846,5692
5d4ac144-d0f3-4cc4-ba47-ffc0adcec1ee,16/08/2023,Wednesday,Cosmetics,4,4566,18264
bff2cafc-e161-4289-a7ad-ffe4858a3b27,07/07/2023,Friday,Clothing,1,2543,2543
d2531ba4-a90e-47f0-b8bd-e248f0f022ba,12/12/2023,Tuesday,Furniture,4,4281,17124
7283f062-b4e3-41eb-920d-f555108ac438,18/08/2023,Friday,Groceries,3,3626,10878
4734d81f-2586-49e2-aec9-0fc01d6630b7,17/11/2023,Friday,Electronics,2,82,164
d09b9d6a-e088-48b9-8524-298c68709aec,06/12/2023,Wednesday,Groceries,5,2744,13720
0fa43a9e-9f78-429f-92c3-18e7e18ef633,29/04/2023,Saturday,Furniture,5,4423,22115
a8c6c8e1-942f-4349-a56b-1aa7fc135733,05/06/2023,Monday,Toys,1,4895,4895
a5f786c9-d464-4c93-b7a8-25190cbf3bc2,29/09/2023,Friday,Toys,1,3648,3648
197cbdca-c3fe-4352-b75e-b1a94a9e7ffd,24/06/2023,Saturday,Cosmetics,5,2442,12210
2dcd0c0b-8057-4b22-bf3b-a48c01f07fe8,14/04/2023,Friday,Clothing,1,4162,4162
92bd8d98-30ba-430f-bd85-fed21897784f,02/04/2023,Sunday,Furniture,2,2921,5842
9e90af7b-9cf5-4ddf-b5e4-b33d876b770e,05/07/2023,Wednesday,Cosmetics,3,2727,8181
75fcd02b-c90d-4071-9096-6af6085a7ae2,10/10/2023,Tuesday,Groceries,3,1451,4353
8755d62c-c7e9-4482-a950-41a9810b66dc,30/06/2023,Friday,Groceries,4,867,3468
aadbc41f-ae7a-42c6-85a3-8ce407ba657b,19/06/2023,Monday,Toys,2,1710,3420
9a952d70-ca3c-4e8e-b8d1-92bc81af975d,06/07/2023,Thursday,Cosmetics,1,4612,4612
1bf1a141-b154-4b18-bf0f-61a834e811a4,24/06/2023,Saturday,Toys,1,4773,4773
eb54b388-b07a-4da0-a73a-72d908d3fba6,10/08/2023,Thursday,Electronics,4,2488,9952
90ce46a1-d4b6-41b6-8987-b6c94b5c094c,21/08/2023,Monday,Toys,4,3033,12132
19a5e484-2330-44df-b4ac-873b7a4c2c05,11/06/2023,Sunday,Electronics,1,1260,1260
a9a06858-7825-44cb-9e82-4b36b51776f4,14/05/2023,Sunday,Groceries,1,649,649
325fbc34-4014-457b-b795-772d9ad22304,12/08/2023,Saturday,Cosmetics,2,1896,3792
311b1ed8-7f2e-49bb-a88b-251ddd2d6eb9,02/06/2023,Friday,Electronics,4,1905,7620
4a639a31-d756-4ce7-b426-2d9d3f513a75,02/02/2023,Thursday,Cosmetics,2,1937,3874
3842f1cc-bdd9-42c6-94d3-c1428f12e90a,24/02/2023,Friday,Cosmetics,1,729,729
45fd3bdb-7608-4de9-8001-a33de3fcb3b0,07/01/2023,Saturday,Electronics,5,3302,16510
a17aa80f-4629-43c4-9282-f4a505ca3ff6,01/09/2023,Friday,Clothing,5,1885,9425
91f4fcff-ad48-4742-b8ce-e757b9658395,09/11/2023,Thursday,Toys,1,4080,4080
ad885c14-1a0c-4c1d-ac22-b055a85c3dd6,06/05/2023,Saturday,Electronics,4,2227,8908
b9ea9853-a0a8-4ad2-983d-ed82b6f044a7,12/01/2023,Thursday,Groceries,5,198,990
247d9316-f346-4a7c-b8fc-5e2edf301692,16/01/2023,Monday,Cosmetics,4,1545,6180
192a512e-b908-4e35-ae84-cc8521490edb,27/07/2023,Thursday,Furniture,5,4963,24815
6ec0308f-29e6-44a5-a0c2-810bd322f852,12/02/2023,Sunday,Electronics,4,1794,7176
25add91f-b85c-47b6-8c08-6d08626a1b26,15/05/2023,Monday,Toys,5,1696,8480
0da98d1b-f7ad-4fa0-bad9-0c3c50d63c55,16/08/2023,Wednesday,Cosmetics,4,3045,12180
31a88d57-02d1-4b10-a773-67175780f19d,21/04/2023,Friday,Clothing,2,1722,3444
b8fc7b2b-cd34-42b1-8738-85f5a9469545,03/11/2023,Friday,Groceries,4,1989,7956
b8456d8b-e6ba-483a-8278-372eb24140b7,09/06/2023,Friday,Clothing,2,707,1414
4ba3c06b-fa61-4d79-a183-94210880b20a,27/11/2023,Monday,Furniture,2,3717,7434
064d1b1c-c104-4456-ade8-2784763f3789,21/09/2023,Thursday,Electronics,1,1103,1103
c32fc528-9264-4d97-81e0-511a79c55ff0,13/08/2023,Sunday,Cosmetics,2,4121,8242
73de9945-2c12-4228-b01f-f7ed723936f6,05/08/2023,Saturday,Electronics,3,626,1878
8dfb1334-4e6c-47a9-a7cf-b6497ffbdf0d,14/02/2023,Tuesday,Toys,2,3145,6290
b945cb68-3c27-4c97-bd07-a74c43fd8a4d,02/08/2023,Wednesday,Electronics,4,3081,12324
95e4b749-f0c4-45fb-8c4a-04ffb2fd0f3e,28/02/2023,Tuesday,Groceries,2,4868,9736
c8766f3d-18be-48e8-a4ef-6e8eb69b26f8,12/05/2023,Friday,Furniture,4,4829,19316
6375d494-43d3-44eb-9745-7bea91a0492a,14/04/2023,Friday,Clothing,4,4887,19548
355dee9b-bfb7-41d5-9801-0c2f1d23b94c,14/07/2023,Friday,Furniture,3,3022,9066
63edf608-86fd-41ea-a6c5-7fcac1ff7f09,06/06/2023,Tuesday,Cosmetics,2,3998,7996
ebc871b4-c349-4a11-b0e6-e70d2b903bf4,08/04/2023,Saturday,Electronics,2,2095,4190
e32e8769-6d36-433e-bfae-6874238061d2,14/08/2023,Monday,Cosmetics,5,3986,19930
6acbd4e6-7015-4e1a-b03b-86ecc7a26e13,24/07/2023,Monday,Clothing,5,2998,14990
12c3439e-5d71-4f91-83c9-a137b82819ed,20/03/2023,Monday,Cosmetics,1,1677,1677
7373063b-7750-4fcb-92d5-5edd52df3262,04/05/2023,Thursday,Toys,4,1538,6152
b159ebea-2956-43ef-ba7a-cd592955598f,06/08/2023,Sunday,Furniture,3,4195,12585
20adb0e7-0c73-464f-b9d3-7e5cc221c9ee,04/01/2023,Wednesday,Clothing,5,4248,21240
c8aa71ae-80e3-423a-9963-b3c76de30280,31/03/2023,Friday,Clothing,2,4513,9026
834eb48b-7899-4864-b9b8-f691a45405d8,14/04/2023,Friday,Clothing,1,985,985
846c9d15-8777-49f8-96e6-62c974de33ec,29/04/2023,Saturday,Groceries,3,3613,10839
17e5b190-6b7b-48fe-a655-d7ee7aa73d22,13/05/2023,Saturday,Furniture,2,3679,7358
61900f7d-f173-4902-bfe7-3762427bc71b,08/11/2023,Wednesday,Cosmetics,2,1764,3528
041ca502-8771-4ea1-98f8-44955cb75884,06/04/2023,Thursday,Clothing,4,1852,7408
95ea506f-5a9a-4a0d-955c-fda64714b440,27/11/2023,Monday,Furniture,4,1470,5880
a710cc6e-f227-42cd-a636-60d0e9117fac,23/05/2023,Tuesday,Clothing,5,3641,18205
1afde8d5-6004-44c1-87a6-af6d023a3655,15/10/2023,Sunday,Toys,5,3570,17850
bacb125c-783e-4395-9645-6b38a73cbc8f,28/01/2023,Saturday,Toys,2,3361,6722
a7bb0c2e-f4a8-4f60-aeb4-8aff27d723b7,05/10/2023,Thursday,Toys,2,2355,4710
13d4f923-0223-4395-a521-9a746761f156,21/08/2023,Monday,Electronics,5,2045,10225
676aebec-a1fd-4e2b-8af6-8c17edd286a1,17/01/2023,Tuesday,Clothing,5,2017,10085
e1dee880-3384-4c36-8a62-eb8063987a82,28/02/2023,Tuesday,Electronics,2,3764,7528
d1e6a99a-ed55-4509-ad2a-c468cde92e01,31/03/2023,Friday,Furniture,3,4085,12255
df287bf9-a7b7-4f6b-b99a-57caf2e30a1d,18/07/2023,Tuesday,Electronics,2,4535,9070
94144cca-6d30-4f60-8380-2acd11818079,28/12/2023,Thursday,Furniture,3,4918,14754
9f771623-878f-458c-b6bd-8d003f016055,26/01/2023,Thursday,Furniture,3,3508,10524
4b261c38-f7ed-4482-b083-32ce9ea90b04,25/01/2023,Wednesday,Furniture,2,443,886
d8c1d26a-2275-435e-ae74-11086559e9b3,28/10/2023,Saturday,Cosmetics,1,4828,4828
d9820e82-3412-45ff-ab91-99fa1ca7bf90,05/12/2023,Tuesday,Electronics,5,3780,18900
0cfd7ceb-e87c-48e4-a52b-b74cadddf470,24/09/2023,Sunday,Cosmetics,4,4415,17660
01efe9f5-d203-495e-9e90-4e1829e36648,30/06/2023,Friday,Clothing,2,4294,8588
a669c41a-bf7d-4370-b0f0-fd11fd14ea4d,26/12/2023,Tuesday,Electronics,3,4956,14868
36b88a07-2c2e-4c81-bdd4-aeeb8beba7ae,09/03/2023,Thursday,Clothing,2,77,154
33bf2f04-1da0-4924-8fe8-c2778efb304a,17/12/2023,Sunday,Clothing,5,3541,17705
453c0dc7-2c6a-48ce-b8b1-ff8c686ca0a2,17/11/2023,Friday,Furniture,3,4311,12933
e9bd71af-3401-48fd-be97-cdb2936e9d90,18/02/2023,Saturday,Electronics,4,1223,4892
425b4360-74de-4195-b4ce-8023d0ec5c69,24/06/2023,Saturday,Clothing,4,388,1552
d0798f63-831c-46fd-a2f6-43ce1f11966d,21/02/2023,Tuesday,Toys,4,1118,4472
75551d2f-0a21-4805-82bc-06b0d9a4de5e,12/04/2023,Wednesday,Clothing,1,891,891
abd09ccf-919a-4141-b90b-7194b3b518d4,04/08/2023,Friday,Toys,3,4334,13002
2d102b12-9db6-43a6-b513-041c684f3316,07/07/2023,Friday,Electronics,3,4796,14388
bee33f39-35ec-470c-8557-9f5ca45fa9c9,26/02/2023,Sunday,Cosmetics,1,343,343
6be3b61a-79cd-432d-911a-7ef5e6d1a4d2,16/02/2023,Thursday,Electronics,3,1907,5721
651c9e29-450b-4fe8-a2e8-55611afde4c9,08/06/2023,Thursday,Cosmetics,1,1372,1372
c54fe006-4303-4acd-8ae2-f3ec6233b764,23/06/2023,Friday,Cosmetics,2,1697,3394
f58f57d3-7f9a-4809-a0c9-e8bd1e77d4a5,30/08/2023,Wednesday,Electronics,5,4948,24740
2d90b3a8-5be8-4f70-b41b-f638e37b6463,09/10/2023,Monday,Clothing,4,3670,14680
103fbe99-499e-49b1-9d51-f629bb788509,29/08/2023,Tuesday,Groceries,1,4576,4576
465d62e3-8f1c-44dc-bd08-a280181fedab,05/01/2023,Thursday,Clothing,1,3144,3144
65d92d2b-34f7-46c3-b64e-9cfe5a4c44c6,25/03/2023,Saturday,Clothing,1,3541,3541
69072088-ce3c-4b73-a0e7-628485db27aa,04/11/2023,Saturday,Furniture,2,3545,7090
2c0aa1ce-65e4-4ec6-8071-469bfa787f76,27/12/2023,Wednesday,Furniture,1,4632,4632
424ab6b9-16bf-4968-9197-bf388e129f77,05/09/2023,Tuesday,Clothing,5,3851,19255
40e31631-38c4-44c7-a32b-656289f5494c,23/02/2023,Thursday,Toys,5,138,690
43e02ab2-2eb5-4b52-9c0e-805b1c320b68,10/06/2023,Saturday,Cosmetics,4,4416,17664
50d96ffc-02df-4ae2-b486-b16ebc3d2625,14/08/2023,Monday,Furniture,2,2006,4012
40746233-233e-48fb-9642-e0ec38364958,15/01/2023,Sunday,Clothing,5,949,4745
35ec6022-de83-42d9-a669-80410c4146ae,12/08/2023,Saturday,Groceries,3,3527,10581
31e369ad-2566-4910-ae5d-9acb5d1ae483,02/03/2023,Thursday,Toys,3,1794,5382
665e41f4-e326-442e-abcf-f73d3fb4a2fe,02/05/2023,Tuesday,Electronics,3,4423,13269
cafaf920-4028-4315-acff-d51c3980790a,04/10/2023,Wednesday,Clothing,1,2303,2303
0107c5cb-9f23-4088-bd97-4700ff9b5d7b,15/02/2023,Wednesday,Clothing,1,3711,3711
caefa8ea-062a-4c25-9045-b2ca1998d5ca,21/10/2023,Saturday,Cosmetics,3,3010,9030
c4cdb292-380d-4e2d-8ccd-69dd7c0a9709,03/03/2023,Friday,Toys,4,1683,6732
6d8e79e9-9f25-4e48-94cd-a375f4d36ebe,27/03/2023,Monday,Furniture,4,911,3644
23f01c58-6136-4bea-bd43-ad3725829158,29/07/2023,Saturday,Furniture,1,4751,4751
fe94a586-9c6a-43a8-a110-9333d5b3b2a4,19/03/2023,Sunday,Furniture,3,1063,3189
cf037ed1-f77f-48cd-907a-6395ee1bc9c9,21/07/2023,Friday,Electronics,4,3349,13396
760c6638-8504-4aab-9a61-ad82460f74d6,29/10/2023,Sunday,Toys,1,1556,1556
ddae5b5e-b74f-4982-843a-a241b1a85523,11/08/2023,Friday,Toys,3,3255,9765
c02f5ab5-f410-42d0-8c1c-669f60131f5e,10/08/2023,Thursday,Furniture,2,4853,9706
e7bcb224-e154-46a3-88b0-3edd6528475e,03/01/2023,Tuesday,Furniture,3,1027,3081
7b82af26-cf18-4459-9c9c-38c1269858b2,06/01/2023,Friday,Cosmetics,3,3511,10533
5b65b1fe-389f-4735-89d6-babdf669962c,03/04/2023,Monday,Groceries,5,1867,9335
fa457680-f006-498d-8308-566ae18b25f4,08/01/2023,Sunday,Groceries,5,3734,18670
447e394a-6e47-4294-b0dd-ed317fae3a12,23/08/2023,Wednesday,Clothing,2,4108,8216
ff0ecf8c-043f-40d2-9d21-16113e564930,18/04/2023,Tuesday,Clothing,2,2684,5368
425ad5c0-5883-4dac-97c5-d0fa229b2480,10/06/2023,Saturday,Toys,3,4951,14853
09430e75-3fe3-435e-934d-d03c7a9c2c2a,28/07/2023,Friday,Toys,4,4865,19460
88bcbbeb-d3e4-4e33-bd3f-7134d329b89d,28/08/2023,Monday,Electronics,2,3716,7432
8f199680-3d30-49b1-861f-748c553c0197,27/11/2023,Monday,Electronics,3,998,2994
9c70cad5-20fa-4c63-a766-7895fc722e7d,29/11/2023,Wednesday,Groceries,1,523,523
bc9d9cf9-b43b-4802-ad35-88557d3ecb9a,19/02/2023,Sunday,Clothing,5,617,3085
45dd8517-b143-48e7-84d3-eaf57a1dcae3,11/01/2023,Wednesday,Groceries,4,3482,13928
82a1bffb-1f9d-4f4f-b728-fbe3847913a3,17/12/2023,Sunday,Groceries,3,4073,12219
96331c99-cb8c-4617-845e-d94ebfd6f361,05/06/2023,Monday,Clothing,1,2308,2308
4f08a7c5-3f9b-4d3a-b760-fa0acd80889b,11/03/2023,Saturday,Electronics,5,3194,15970
1b81f95c-49a5-43ed-bb48-46eaee46ab61,18/06/2023,Sunday,Cosmetics,1,4360,4360
a1ba60a5-c04e-4ecd-a255-42af7a754b0a,29/09/2023,Friday,Cosmetics,3,2032,6096
10575115-80f0-4d4b-a00c-28a0bf067ecc,09/03/2023,Thursday,Cosmetics,2,1146,2292
e2645e6e-0549-4e9e-8506-fcb909114abd,21/12/2023,Thursday,Clothing,5,3620,18100
02139a45-548a-4251-bfca-473648bd4412,09/09/2023,Saturday,Furniture,1,3440,3440
d32cb780-1801-4310-bba0-1c5b5f0ed29b,17/02/2023,Friday,Furniture,2,2722,5444
d3dfca1f-254f-4627-bceb-029f3e573de5,03/07/2023,Monday,Furniture,4,3696,14784
29141761-1976-4d59-b4df-1aadaee99566,16/11/2023,Thursday,Toys,3,2469,7407
98ee9f3a-5320-48c9-92c1-ee74e85ffbe8,06/07/2023,Thursday,Electronics,3,4329,12987
c3fc0753-409f-4ba9-b251-f28131de83a2,31/03/2023,Friday,Electronics,5,3398,16990
81d9bba3-1df7-40e0-a3d5-5f9597060983,28/11/2023,Tuesday,Toys,1,723,723
7c6afca2-ab68-428b-b351-d366339c9bc9,19/05/2023,Friday,Groceries,4,2852,11408
6593d8bf-a300-4e25-8bd8-16444deae214,23/12/2023,Saturday,Cosmetics,5,2419,12095
6d27c554-6f0a-4707-b911-18762fc5a876,30/03/2023,Thursday,Furniture,5,4580,22900
948e2fe0-531b-40ac-8246-91fa5e5917c9,01/10/2023,Sunday,Cosmetics,1,1116,1116
223b9053-21ba-44ef-aecd-ef5958653098,19/01/2023,Thursday,Furniture,4,737,2948
9fdc1053-4018-47df-85ca-6b36027760aa,07/11/2023,Tuesday,Cosmetics,1,118,118
c444b360-1093-4429-9502-19d50c2b9dda,24/12/2023,Sunday,Groceries,3,2153,6459
779a376d-5aae-43f9-b1d9-81e6f9a604b3,03/06/2023,Saturday,Cosmetics,2,469,938
caa3447a-d8a1-4534-9d8d-66969aa9fa8b,17/09/2023,Sunday,Cosmetics,3,4048,12144
f52640c3-7fc8-4ef9-924c-295a9860e04d,18/04/2023,Tuesday,Clothing,3,2647,7941
0b8e459a-61d4-4570-945a-7b81535155dd,12/10/2023,Thursday,Cosmetics,5,4388,21940
144c0aaf-d2e5-490a-9a59-150191aa60c4,28/02/2023,Tuesday,Clothing,3,2174,6522
b678438d-fc60-4ff0-b563-f507b3ff0975,05/05/2023,Friday,Electronics,4,3942,15768
c0194554-ce34-49ae-bd86-6f1f23b1f444,20/12/2023,Wednesday,Toys,3,489,1467
eed0da80-a0a0-430d-a9d7-2cadb6a8698e,30/09/2023,Saturday,Cosmetics,4,1336,5344
6f87c784-61f9-4b2b-90ba-9efa9e6ba444,17/04/2023,Monday,Electronics,1,1258,1258
b2798f24-b60b-45b3-955c-eb8f8de6b355,26/10/2023,Thursday,Clothing,5,1128,5640
51ba0e19-7518-4700-98b9-276bbe704b30,02/09/2023,Saturday,Cosmetics,4,2613,10452
bec0d759-80ef-40d2-94cf-940bcb8fb492,02/12/2023,Saturday,Cosmetics,3,3673,11019
189d1646-9c8f-4648-907b-d2138417a74e,04/09/2023,Monday,Groceries,5,1303,6515
04804ce6-622e-445a-a4c4-69a14401ed7c,08/01/2023,Sunday,Electronics,5,3407,17035
931f78ff-657f-47e8-b8b5-db3a7e94ff5c,21/05/2023,Sunday,Furniture,4,3259,13036
cb2432c5-d604-458a-9fc7-aa46d6efb1b5,28/12/2023,Thursday,Furniture,4,3599,14396
2aeaa588-a2a7-48d6-a95a-1822f45ae3ee,08/01/2023,Sunday,Groceries,2,664,1328
38891ff1-ea07-4131-98b5-3d26a50934e3,18/12/2023,Monday,Clothing,2,3128,6256
0c870fe8-3366-4319-b746-3f2349f5b207,04/04/2023,Tuesday,Furniture,5,2773,13865
453f391a-d161-429e-95e4-da8dfc3fcf71,17/11/2023,Friday,Furniture,2,3540,7080
73682c9e-c606-4e9d-b0c4-8284be33ccdd,08/02/2023,Wednesday,Toys,3,3593,10779
12403f01-482d-4bf7-9fe0-5524aafebeed,22/03/2023,Wednesday,Electronics,1,4565,4565
638a7227-4eec-4133-bace-83ae82f3d965,06/07/2023,Thursday,Clothing,5,1950,9750
cb4d0d1f-e370-4e0f-910c-af546e1e3cbd,25/03/2023,Saturday,Cosmetics,1,4421,4421
b09157eb-97fa-41e0-8377-387d2274821f,29/03/2023,Wednesday,Electronics,2,1762,3524
2894106a-ae8a-4503-9294-6a8f3b447c46,30/08/2023,Wednesday,Clothing,4,2379,9516
f4ec4c25-ddfe-437a-a36b-a54f5e318927,08/12/2023,Friday,Furniture,5,3669,18345
8e44841a-5647-4263-b73a-035a84d6cac1,03/04/2023,Monday,Toys,2,1244,2488
5752d2f9-ef5c-4283-86f4-e5dce48369ee,27/03/2023,Monday,Electronics,3,4956,14868
bdaa6f48-8a53-43aa-b0f6-971636ba54ae,13/02/2023,Monday,Furniture,5,1428,7140
90b02692-ed6c-4ef6-be69-f9344591e039,17/05/2023,Wednesday,Clothing,5,1362,6810
1e959679-aa25-4576-9185-56644f995573,15/03/2023,Wednesday,Electronics,4,2965,11860
f4af6965-8c54-4507-90f7-4af51f8d0327,05/02/2023,Sunday,Cosmetics,5,799,3995
54259791-65e3-4cbc-ab67-c9dbd2147181,11/04/2023,Tuesday,Electronics,4,350,1400
d542a3f9-4a91-43c8-9275-e123454e88d9,05/06/2023,Monday,Furniture,2,4745,9490
16f15bdf-b075-456b-96b8-ce3e3cd311e1,12/09/2023,Tuesday,Electronics,3,4032,12096
4137c0e9-0d42-4939-bba1-ead0d9e1029d,20/06/2023,Tuesday,Cosmetics,3,4674,14022
c9f213b0-5bd9-449b-9085-5479f04a4d8e,04/08/2023,Friday,Toys,5,3887,19435
46429bea-4a76-4e0d-b947-bd16b4236d7f,19/06/2023,Monday,Toys,5,327,1635
56810aad-9e75-42e2-b985-9752af37c061,09/09/2023,Saturday,Furniture,2,4808,9616
f2263d11-8ffc-4e79-bb19-389b43553d37,26/12/2023,Tuesday,Clothing,4,2608,10432
065208a7-335e-4056-bd67-5ed7dd77c19e,18/11/2023,Saturday,Furniture,3,3967,11901
bff04c08-e021-4278-8439-fc40eb1a3988,24/02/2023,Friday,Toys,4,2211,8844
5e8b8e8f-c45c-49e7-a8f3-d84829f5d7c1,01/04/2023,Saturday,Groceries,2,4725,9450
a5e132f8-4d17-4e57-880c-c7cc806da7dd,05/10/2023,Thursday,Groceries,3,1439,4317
b1dea63b-fa7d-4d9b-ab8a-8e46384d75a2,11/04/2023,Tuesday,Electronics,3,740,2220
a49eec11-dd92-449c-913f-b64d27efeb27,04/06/2023,Sunday,Cosmetics,1,4782,4782
7cc39583-3baf-47bb-bc87-d20c25d2644f,15/12/2023,Friday,Electronics,2,3518,7036
d01bab2c-875d-40eb-a894-a2416904df87,30/12/2023,Saturday,Groceries,2,1898,3796
0c399f6b-07d6-490d-b1fb-242c9da6369d,21/05/2023,Sunday,Toys,1,4968,4968
83c22ba5-d0c5-476f-8f82-25e4b9025d25,22/06/2023,Thursday,Electronics,4,3866,15464
d201cb8f-423b-4aec-bd43-dcdf7cf68472,10/01/2023,Tuesday,Furniture,1,989,989
0858af19-7390-46da-83e4-d19d2fdd3d5f,16/08/2023,Wednesday,Cosmetics,2,3232,6464
2bd58a00-1bc3-4b62-b946-02c27164fb3d,22/09/2023,Friday,Furniture,4,3359,13436
2c022904-1ae1-4c4f-a37a-ddd9010a3159,05/09/2023,Tuesday,Cosmetics,3,2100,6300
9a7eeb2c-4bf3-4a06-b693-ef5b58b00883,04/09/2023,Monday,Toys,1,1796,1796
d568d2ed-701e-4ac5-b86e-2ad93f7a8e7f,04/06/2023,Sunday,Electronics,4,2501,10004
7055b04e-1c3b-435b-8f7c-439946a27152,03/02/2023,Friday,Cosmetics,4,74,296
bab8cd4e-0bee-494f-bc74-8a689c6b0bb2,09/05/2023,Tuesday,Furniture,4,2606,10424
4050563b-0d45-4b50-95c6-90b2a3af6764,09/06/2023,Friday,Electronics,1,110,110
ee237c8b-6a12-4698-85e8-97de504ed672,30/03/2023,Thursday,Electronics,3,172,516
f24cc81c-4b19-42fd-b95a-2bfee421a86e,03/04/2023,Monday,Furniture,4,2152,8608
8c8aa041-e9b2-460b-afca-8743bdb0d987,23/11/2023,Thursday,Groceries,1,1236,1236
05de7f8e-eb5a-4501-bbf7-56b8cd93e397,29/08/2023,Tuesday,Cosmetics,2,1780,3560
40e08064-5970-4163-a1b8-7cfcec4cf917,19/11/2023,Sunday,Furniture,1,4691,4691
acd1b4a5-8bf7-4152-b8f1-beb54602eb6c,27/04/2023,Thursday,Toys,1,4139,4139
2c816021-3426-41af-ab1c-599d5fc080c6,04/04/2023,Tuesday,Clothing,1,2522,2522
f131a09d-19be-43ad-8730-35ea83f157fb,12/06/2023,Monday,Furniture,4,3015,12060
c7363227-5fc1-4da7-9316-3e61c0d73e19,09/04/2023,Sunday,Electronics,1,2327,2327
d565c9ab-076f-4613-a5b3-a9a22c45e935,23/04/2023,Sunday,Electronics,2,4137,8274
e9f2d12f-43b2-4308-b23d-51d95979d250,25/12/2023,Monday,Furniture,4,3014,12056
f73291f0-96c8-4858-8203-5d54888b6da9,01/04/2023,Saturday,Clothing,2,1360,2720
d467ccd5-1889-46dc-9e8b-ca027c489229,12/12/2023,Tuesday,Furniture,5,204,1020
6e46416b-6edb-42b5-9b12-94959aaad686,25/07/2023,Tuesday,Clothing,1,2262,2262
7c968c5a-005b-4b1c-8aaa-ae9062db666b,17/01/2023,Tuesday,Clothing,4,3303,13212
f617ea38-5961-4aff-94e7-a9ef9e950101,01/10/2023,Sunday,Toys,4,1312,5248
2d1c57c1-ec79-4634-b2d0-0ccc96fb13dd,22/06/2023,Thursday,Cosmetics,1,1412,1412
f0dc9c1e-74ca-4307-a469-abb37476155f,26/04/2023,Wednesday,Electronics,3,987,2961
adb9d7e2-03cb-4887-bb7d-9a02ccf549eb,15/12/2023,Friday,Electronics,3,561,1683
a60455b1-9ab1-4898-ae8c-64df8263018a,30/06/2023,Friday,Clothing,2,236,472
3b1b3e5c-4583-410f-ab9d-24c096e5bd64,01/04/2023,Saturday,Electronics,1,1895,1895
b7fe75ec-353a-468f-8c04-6470c61878f8,23/03/2023,Thursday,Groceries,1,1752,1752
d9feea37-be3d-4649-b477-0c2b4dcd448f,20/11/2023,Monday,Clothing,5,440,2200
2f1e14c9-deb8-4d24-91b6-4e641fd4bf2f,24/04/2023,Monday,Electronics,3,704,2112
d9b337be-a77b-4760-be13-2b19d740c78b,14/09/2023,Thursday,Groceries,3,4321,12963
b0608c34-a4fe-4056-9ffc-8241a6338074,27/02/2023,Monday,Toys,1,2871,2871
69b1cb98-e356-4d17-b346-3a510ac78818,03/06/2023,Saturday,Electronics,2,813,1626
b511eb45-0970-4499-a96e-646e98a8f20c,31/12/2023,Sunday,Groceries,1,3450,3450
ab3877d1-7809-4a69-b1df-ac1552afea9e,26/04/2023,Wednesday,Furniture,2,4856,9712
7f4d39c2-28de-478d-aff8-9ca3a763a496,09/12/2023,Saturday,Cosmetics,3,3317,9951
b5659458-5ab9-43eb-a150-1b8a140d2c6a,23/09/2023,Saturday,Furniture,5,1135,5675
6629f2b0-058f-4261-84b2-e2e5feedf7e0,11/11/2023,Saturday,Groceries,4,1979,7916
57eab62c-f5b7-4e47-826b-a45e1736cc50,22/07/2023,Saturday,Clothing,3,4426,13278
04de4959-0d8b-487e-94d3-dc720c4513f9,10/02/2023,Friday,Clothing,2,2013,4026
33a0e36b-d315-4f3e-ab86-3f59f38f2696,15/04/2023,Saturday,Electronics,1,1835,1835
782f8572-4f40-4440-af6c-c30d841442a1,12/07/2023,Wednesday,Furniture,3,2324,6972
665f976b-a6e0-4fed-8e69-54d26a27af74,05/10/2023,Thursday,Clothing,5,2736,13680
e184ce89-32fd-4041-a0fd-3cb567746ad6,20/12/2023,Wednesday,Clothing,2,3018,6036
8a9ebd3f-5492-44dc-bb5e-b23d10eae04a,25/08/2023,Friday,Furniture,1,4622,4622
4bded321-4754-43d2-bf44-1fa561efe354,09/08/2023,Wednesday,Toys,4,765,3060
0f3d3267-3b72-489f-8d67-469f8d65c0db,09/03/2023,Thursday,Clothing,2,292,584
bc590c53-bc5f-4cfa-bb3e-82a3c9c07fa1,16/07/2023,Sunday,Cosmetics,1,3965,3965
0db77641-f540-437a-9855-76470554c23b,13/09/2023,Wednesday,Groceries,4,1573,6292
b3b14d46-5c4b-49f1-b691-9cb6f04316fc,19/05/2023,Friday,Electronics,1,887,887
52011b3d-092a-4bbd-9125-c0ab27b03215,08/11/2023,Wednesday,Clothing,4,3373,13492
186d0eb3-63a1-4a67-9072-d89f4237af45,29/05/2023,Monday,Cosmetics,4,3003,12012
e403c9c6-aaa8-4ee3-bca9-d2f186437e25,09/04/2023,Sunday,Cosmetics,4,1395,5580
0fb357fc-953e-4bc4-88ff-247b5b81fa13,17/03/2023,Friday,Clothing,1,2473,2473
65c1077a-d76e-4d71-ae69-2a4d0239732c,09/10/2023,Monday,Toys,4,2078,8312
40c8c51f-1c83-48cc-b593-e73e5c78ae9d,19/04/2023,Wednesday,Groceries,2,1482,2964
ec9a6908-eca7-4a64-9434-ea652bf57c40,07/07/2023,Friday,Electronics,5,289,1445
aec08111-472f-46c9-ab17-8934ab78e541,18/07/2023,Tuesday,Clothing,5,188,940
2a205eb6-44aa-4b95-b2f2-cfe694db62bb,30/10/2023,Monday,Electronics,4,3243,12972
fe5d3ba8-543e-4e99-b95f-e2cb289f2c01,23/11/2023,Thursday,Furniture,5,469,2345
11eae197-cdac-43e9-887c-1fdd62e60141,03/06/2023,Saturday,Cosmetics,5,353,1765
8d57f98f-b800-496c-80c1-824d3de4b5e6,09/02/2023,Thursday,Cosmetics,4,2212,8848
f9989aaa-d599-401b-8e37-b39f59966b55,13/05/2023,Saturday,Clothing,4,2076,8304
f85ab2de-551b-4794-bec3-dd75581798da,12/05/2023,Friday,Clothing,2,4152,8304
15a5e121-264b-4fd5-adc5-300a1200af64,06/10/2023,Friday,Furniture,3,2276,6828
a145b446-a465-4e2e-807a-a10c9c9c3a9b,28/12/2023,Thursday,Toys,1,1218,1218
b38939cb-b586-48c2-bf71-4e63608c9548,25/03/2023,Saturday,Clothing,4,465,1860
d91633ea-6f18-4345-946f-70ced705fad6,30/08/2023,Wednesday,Cosmetics,4,2763,11052
3e99f51a-ded2-4849-99ad-5a76111863be,26/04/2023,Wednesday,Electronics,5,199,995
6d050154-5906-416a-a6c7-131839213361,19/04/2023,Wednesday,Groceries,2,2494,4988
07ede49c-23fa-4e7c-85b0-c9eeb2d681be,09/08/2023,Wednesday,Electronics,5,888,4440
a53e85d7-828d-4648-b9d4-42ad232dd472,10/02/2023,Friday,Toys,4,1746,6984
ab7c118a-5d5a-4f87-ac58-24558633dd08,27/05/2023,Saturday,Groceries,4,4389,17556
2e920ef5-fc03-48fd-b908-5808c1265cba,22/04/2023,Saturday,Electronics,5,1960,9800
592f8376-007d-4e41-982a-07268d89dcf3,13/04/2023,Thursday,Electronics,4,1471,5884
7a491d55-f9c2-4da7-ba34-a4e9d1e3e726,15/02/2023,Wednesday,Furniture,3,3051,9153
28ee9fc3-9603-4298-acdc-6298b243053c,20/11/2023,Monday,Toys,1,1370,1370
1c3c515b-df7b-4f82-9dd6-7a4169f2b14a,28/09/2023,Thursday,Cosmetics,1,4085,4085
63f151b5-4c3d-4216-9881-ade9135214ed,14/07/2023,Friday,Furniture,1,1573,1573
9649dee2-3f98-4a46-9fed-11570a6e976f,07/10/2023,Saturday,Groceries,3,3928,11784
fd7304dd-b78d-4ab3-8609-8565539233ed,10/10/2023,Tuesday,Cosmetics,4,602,2408
3790b2f5-c197-4780-8f0f-efe26f563115,09/02/2023,Thursday,Furniture,5,3806,19030
7cf45394-008a-45d8-94dd-99303f9af5bf,08/07/2023,Saturday,Toys,2,3721,7442
feaf02ad-2e79-458e-bb44-1799266930d4,13/06/2023,Tuesday,Clothing,4,531,2124
7f15727b-1039-4ec3-9c4e-105953be6b82,24/01/2023,Tuesday,Clothing,3,649,1947
08492647-b94e-43f7-b142-f230a00b90a9,24/01/2023,Tuesday,Groceries,3,1214,3642
61698774-ba32-4e4b-8918-e6fe50d846ae,04/01/2023,Wednesday,Clothing,1,4728,4728
68ffe0d0-8763-4bf8-a16b-654bdb1e20a6,19/11/2023,Sunday,Furniture,4,4282,17128
d9fc8a7a-1074-4c58-9cd8-1c6fcb2d5f5e,17/10/2023,Tuesday,Groceries,1,1053,1053
6e989ff1-54c0-40e8-994a-75181af21da5,30/06/2023,Friday,Cosmetics,2,2032,4064
3d5bce44-f5e3-4944-ad58-3729b0b88589,05/09/2023,Tuesday,Toys,1,1684,1684
130ee1fb-6526-468d-9209-cc6bcd4c5c7c,26/04/2023,Wednesday,Groceries,2,3047,6094
a46512da-711f-43df-805c-2bedcd0ca535,06/10/2023,Friday,Cosmetics,3,736,2208
8f3b387d-3aa2-457f-8705-18c34bc81e2f,31/12/2023,Sunday,Groceries,1,3464,3464
e899f1ac-cdc2-40e0-8d7e-eb9ac6dff487,10/03/2023,Friday,Electronics,1,1809,1809
f7d6d963-d653-4b9e-838a-d6e95212c650,17/12/2023,Sunday,Electronics,5,4987,24935
37bb52d1-d9cb-4a31-8422-c826154beacd,11/09/2023,Monday,Groceries,3,2530,7590
b665fbd2-9494-40e8-8bac-f37b97428ff1,30/06/2023,Friday,Clothing,5,1387,6935
35a2fedc-561d-4e16-a305-a5e496b7fd0e,14/11/2023,Tuesday,Electronics,2,164,328
eb82d430-575a-474d-9320-11d4e74f9c6e,18/06/2023,Sunday,Toys,2,4007,8014
49610d40-055b-456c-b3cd-37a1a98b1aca,09/11/2023,Thursday,Cosmetics,3,618,1854
ccc2e1f2-f180-4e80-a5d5-b48270ef7692,06/09/2023,Wednesday,Furniture,2,1603,3206
931b0114-d46e-4401-97ff-51d11a29697f,07/07/2023,Friday,Electronics,3,2739,8217
cbdd294c-1417-4e0d-bc2f-ddc68e9483d9,23/02/2023,Thursday,Groceries,2,4640,9280
89f421d7-ed20-4648-b0cb-7f9a7b3acc06,22/11/2023,Wednesday,Clothing,4,3390,13560
c7e8c588-4c6b-4c83-9f36-6b6ccd8f69ba,23/12/2023,Saturday,Furniture,1,3038,3038
d4b7fc91-6037-4630-8b47-4e2bef47b381,09/11/2023,Thursday,Cosmetics,4,3201,12804
1fe56e65-faec-4786-ac12-7a8797ecf5bf,18/05/2023,Thursday,Cosmetics,3,3577,10731
090676e6-ca3d-440e-8ae1-9de69264e5a5,17/06/2023,Saturday,Electronics,3,3065,9195
b96976c6-45c9-4967-91eb-fce108fe6088,13/04/2023,Thursday,Cosmetics,4,871,3484
eefcdc42-64d3-4a56-9bdf-149639354863,26/03/2023,Sunday,Cosmetics,1,3624,3624
986184cd-d3a1-47bf-83f5-e00f475eb625,13/11/2023,Monday,Clothing,1,3837,3837
3b19524a-21ca-4da4-93db-5af0a941c4a1,31/07/2023,Monday,Clothing,5,1658,8290
5b1cfff4-27e0-4fe2-8ef7-0f8ddc68b9a7,03/01/2023,Tuesday,Clothing,2,609,1218
5a7b6764-5309-4b5a-8b1f-b8f9ee8b6215,28/06/2023,Wednesday,Groceries,5,4113,20565
d7c17fea-4103-431d-8994-77bb95bcca7d,08/12/2023,Friday,Cosmetics,1,4485,4485
e5e7364f-98db-455c-a266-719404f78fa3,30/10/2023,Monday,Cosmetics,4,661,2644
a5d815dc-7479-49f5-9649-789ceb509c0d,28/11/2023,Tuesday,Cosmetics,2,2213,4426
46af7f42-27cc-4830-9911-619ef2766f93,07/02/2023,Tuesday,Toys,4,1931,7724
921eb3ac-9bb0-4e09-8c14-dfa06d3f4618,27/08/2023,Sunday,Clothing,5,4219,21095
78e25063-1d24-48ec-9ca5-cf522a94ed99,18/06/2023,Sunday,Furniture,3,3913,11739
0fbe4ef2-33ad-49c9-8282-94048dafd7a3,09/12/2023,Saturday,Electronics,4,3758,15032
108002ab-766f-4de7-9c5e-ffe7f21fff8f,10/11/2023,Friday,Furniture,5,1759,8795
e6e25e03-178f-4942-b4bf-b97261ac45ba,02/11/2023,Thursday,Groceries,5,1811,9055
88db1ad3-d1f7-40b9-8a7e-4b58ec20b05a,30/01/2023,Monday,Groceries,5,1742,8710
16de8816-4493-4037-97b9-c8f3d35c5081,09/07/2023,Sunday,Cosmetics,3,1295,3885
4c9657ec-69a1-4913-b781-300d19515de4,23/12/2023,Saturday,Furniture,3,175,525
a6e0e7dd-dcfc-4ebf-89b2-86b7c3371a93,25/01/2023,Wednesday,Cosmetics,3,4802,14406
4e4032a7-cb82-463e-bbcb-2b5b2feedca9,22/04/2023,Saturday,Toys,2,1249,2498
461131d9-3e89-42bb-85bd-aec744720415,25/07/2023,Tuesday,Groceries,3,2761,8283
5dd9512e-6692-4623-b582-53375f5a13ec,04/07/2023,Tuesday,Groceries,3,3496,10488
bc91a4dd-d722-4864-842e-0f03ed3cf27f,16/02/2023,Thursday,Furniture,3,1040,3120
11b28bca-59f3-4c2d-93ea-51f2544945a1,16/08/2023,Wednesday,Groceries,4,3115,12460
479adcfb-a126-4516-9ed1-27da058825c6,08/02/2023,Wednesday,Toys,3,1571,4713
8b495169-feba-425d-a4b2-83b0fe9810bf,16/01/2023,Monday,Toys,2,4778,9556
778c711b-e560-4014-8045-5aea5e55e814,22/01/2023,Sunday,Toys,5,2548,12740
845c9c34-47ff-4cd2-a1e9-946ce69aa055,01/08/2023,Tuesday,Electronics,4,2615,10460
f91842fd-01d6-494c-9df0-7117a45bbc39,06/11/2023,Monday,Toys,1,4840,4840
381aa991-e815-410f-bb23-b110cfe301c5,29/05/2023,Monday,Toys,3,2647,7941
9e2a5676-79b4-4322-a047-459d888b3209,29/08/2023,Tuesday,Electronics,5,165,825
abaec950-8560-45e3-a37b-51cf1c16b62e,29/09/2023,Friday,Cosmetics,5,1081,5405
5d4494c2-f646-4ee9-b74e-286126faaead,28/02/2023,Tuesday,Clothing,4,1291,5164
d72459b9-b971-4b8c-a274-e733dd449216,14/10/2023,Saturday,Groceries,1,1792,1792
05524712-ad09-497c-af1f-65004f42362f,21/07/2023,Friday,Toys,2,3688,7376
524f2f91-0722-47dd-9cda-d167c7933e9b,01/02/2023,Wednesday,Groceries,5,4449,22245
359da41d-500a-4dd1-8cfb-6e4abc8b0508,11/06/2023,Sunday,Furniture,5,4140,20700
d0a06c17-a5c5-45af-a23a-4a163f155fa8,12/09/2023,Tuesday,Groceries,5,2025,10125
4e36b8cc-3a1f-4bb3-8d63-82af7893a440,11/09/2023,Monday,Cosmetics,5,4233,21165
49b40b0f-b2bc-468c-8ce4-34489b7627b5,09/01/2023,Monday,Electronics,4,4453,17812
ec94f1d2-1fc2-45aa-b6d9-e7cf81b48441,19/05/2023,Friday,Groceries,1,4947,4947
092e67c8-3f43-463f-a786-c2e10dfb9a07,10/01/2023,Tuesday,Groceries,5,213,1065
8085674e-a1b6-4495-bb20-c86d8045587d,02/08/2023,Wednesday,Groceries,2,3360,6720
ae542d24-b73f-4cfa-a6f3-a6d0a6cac5bb,30/09/2023,Saturday,Clothing,2,3438,6876
ca9c2bd2-a0d8-494e-8783-b55b39c59211,20/11/2023,Monday,Clothing,3,1045,3135
37ab2ab2-36a5-49ec-9fa4-aff2f3f02197,17/02/2023,Friday,Furniture,5,1927,9635
f689311b-d3da-4f31-8c95-77b49748a27e,21/04/2023,Friday,Electronics,5,1873,9365
2b2fe9bd-b50a-4390-8f55-39f5667417c2,02/06/2023,Friday,Groceries,5,4956,24780
b5459a21-b680-48a1-92c3-dd3e0359ff3b,03/05/2023,Wednesday,Groceries,5,2345,11725
c60b87c3-26bc-403f-aae0-16f0dc129012,23/12/2023,Saturday,Groceries,5,3314,16570
728cd7c2-c6d8-43c0-a051-0b2d618f98a7,12/04/2023,Wednesday,Groceries,2,1398,2796
f789dc64-8c1e-4405-8be0-8c639320e9ff,29/08/2023,Tuesday,Clothing,1,1853,1853
680819ab-ae9d-42da-9d3f-6b46af7f871f,17/11/2023,Friday,Cosmetics,1,2301,2301
353e142c-feae-4dd1-9542-6c8e53db1a05,10/07/2023,Monday,Cosmetics,3,2950,8850
0864b1e8-8b5f-45a5-aa60-8531725a3ab8,05/08/2023,Saturday,Furniture,2,1643,3286
3e713a19-4fcf-4657-81c6-a6bff8790585,20/02/2023,Monday,Toys,5,482,2410
037ed723-5e57-400e-8647-f53bef0eccb6,19/10/2023,Thursday,Electronics,1,3867,3867
debf35f7-beab-4f51-883c-44451bcc2de8,22/03/2023,Wednesday,Cosmetics,4,4967,19868
604c6cb3-1d9a-4b13-bd76-d161f23823a2,29/03/2023,Wednesday,Groceries,4,1120,4480
46f8250c-f72b-4adf-8759-ad520a27a756,13/07/2023,Thursday,Cosmetics,4,4650,18600
6b801a4b-2018-4beb-b642-176ef6026815,14/04/2023,Friday,Furniture,5,164,820
cd0f47af-b8e0-4b37-a9e8-29c253cf1c91,28/09/2023,Thursday,Toys,5,1489,7445
44e6c8e5-5c18-414c-b60e-11fffe80a130,06/04/2023,Thursday,Cosmetics,3,1840,5520
9cd79be7-be41-41aa-a2dc-ee5110424fac,17/07/2023,Monday,Furniture,3,1044,3132
9d957ea8-684e-4b72-9f6a-b78c82c8a255,01/01/2023,Sunday,Clothing,3,4368,13104
64923b3c-02f7-44b8-95ff-d922528edf7d,16/06/2023,Friday,Toys,4,4781,19124
0eedf4c2-90fd-4e62-97cc-8d380cbbf4d5,06/05/2023,Saturday,Furniture,5,4817,24085
40789839-3c37-4910-ab5f-bf37fd304c3d,09/11/2023,Thursday,Cosmetics,4,1007,4028
14025239-657c-419a-bcdf-17010c96f5fc,22/03/2023,Wednesday,Clothing,3,145,435
54eec292-1953-448a-a1e3-d34f387943cf,08/09/2023,Friday,Furniture,5,2204,11020
2d260b3a-74d6-43ea-bf32-d8a3f5fdd9d2,18/06/2023,Sunday,Furniture,2,681,1362
6d429142-b835-46f0-b76a-2d48559bab5c,14/03/2023,Tuesday,Cosmetics,1,3734,3734
d1298932-7f58-4062-b72f-b65cb2b8f29e,21/05/2023,Sunday,Toys,1,1751,1751
be95d863-aa30-4ea9-9f1c-8a6aa82451c7,11/03/2023,Saturday,Clothing,3,747,2241
ddfccbdf-eb38-4387-b809-b590d010ab58,19/09/2023,Tuesday,Groceries,4,81,324
1fcd6d05-c3ad-40aa-ab81-3e03fed3bb3d,06/12/2023,Wednesday,Electronics,2,4924,9848
eab66249-869b-4bdf-a8bc-1334809218c9,04/11/2023,Saturday,Toys,5,598,2990
3cd5a3f3-6eab-4ad7-8d4c-91dcaf192b60,02/09/2023,Saturday,Clothing,4,2298,9192
abd52ed1-2457-4312-abd8-cccc36215480,03/01/2023,Tuesday,Furniture,3,1943,5829
0a6431b9-d8db-4d7c-8951-9599da3513c5,03/12/2023,Sunday,Clothing,4,2884,11536
7070eae2-6185-41ce-bdc5-7a4b774587ca,04/03/2023,Saturday,Electronics,3,1753,5259
d5ca8d4c-a041-4e42-b2d5-ce56e54924c4,18/02/2023,Saturday,Cosmetics,1,1206,1206
71490f27-adf3-4f8f-b1b4-468a6a7b86ec,17/03/2023,Friday,Electronics,1,393,393
aa15b6d2-ed9b-4e17-828a-07451b981872,24/06/2023,Saturday,Groceries,4,4122,16488
f6c85c5a-b7a1-4c9f-a4d8-cd1a82289d38,19/04/2023,Wednesday,Groceries,2,3512,7024
81f9a237-3638-455e-99c5-865d525c819e,02/07/2023,Sunday,Electronics,5,2298,11490
7ddbbf27-73ae-46cb-a8f8-c4f3b8b904d5,11/07/2023,Tuesday,Toys,3,994,2982
4baa2e5a-5037-47b9-99c7-2f4a17aff3f2,06/03/2023,Monday,Toys,5,3930,19650
256429f4-7e07-4dc6-86fc-3accda15eb36,03/12/2023,Sunday,Furniture,1,2100,2100
44b6ed2f-9b63-4a7c-bf03-fad22ff520a2,28/09/2023,Thursday,Groceries,2,3335,6670
ff1ca149-9971-4c11-89f7-e91b507a7975,10/04/2023,Monday,Furniture,2,2905,5810
261847e7-f38b-4168-9a53-c51f6df5de06,01/02/2023,Wednesday,Groceries,5,1380,6900
87799ab5-8e65-4df0-a3c1-b626e6e23f9a,18/12/2023,Monday,Electronics,1,2053,2053
a0c30af5-76a4-414e-9b63-04ea11a9827d,08/05/2023,Monday,Toys,5,3665,18325
2ed75caf-789d-46fa-b9cc-8f520899fac1,05/12/2023,Tuesday,Toys,4,1837,7348
1f737f8b-f07c-44c8-8ec5-d9109c82c737,12/02/2023,Sunday,Electronics,2,2296,4592
9edd176e-0193-441a-9b53-2b46d5c8960a,19/03/2023,Sunday,Furniture,2,3722,7444
9f7a1143-8f24-46e9-9627-5ba1cf9ce626,10/11/2023,Friday,Furniture,4,2205,8820
b4d3b7c2-bab5-4233-9dd2-961cb06da99a,16/10/2023,Monday,Clothing,1,3529,3529
30c3dfc9-4ad2-4971-8145-9b8413b5b52c,27/09/2023,Wednesday,Groceries,2,3070,6140
6c2e8373-7d11-47fd-88ed-f1c2ad92fb63,11/06/2023,Sunday,Furniture,3,101,303
b08e2d49-6a3e-4c7f-ac1a-13e2ce4d874a,08/07/2023,Saturday,Electronics,3,2209,6627
e610dd7f-34e6-49b7-807f-a2ac250485be,04/09/2023,Monday,Furniture,1,4440,4440
c39f1cb7-d715-49eb-a39f-e78f472a8fa6,04/08/2023,Friday,Toys,4,3701,14804
001ac824-b345-42b7-af65-5e0a275abe4e,11/11/2023,Saturday,Groceries,5,3965,19825
419c2de2-7700-4d2f-be85-af7656d10c5e,05/12/2023,Tuesday,Cosmetics,1,2162,2162
c1dd1506-6f70-4242-ac64-22c25d570d1a,17/06/2023,Saturday,Clothing,5,2671,13355
449d849f-357f-48c1-93d9-8b08fa82b6b1,05/12/2023,Tuesday,Groceries,1,4610,4610
07b50afc-9673-48be-b717-b071f4b557c8,12/07/2023,Wednesday,Toys,3,4779,14337
1e880eb7-bd42-4ad6-8dcb-10b831c8a4f2,10/10/2023,Tuesday,Toys,4,1404,5616
4c4119cc-fd16-450b-ba48-ac48ae254f3c,02/12/2023,Saturday,Toys,3,3804,11412
c3006885-d28e-4576-8cab-eebb9343974d,13/01/2023,Friday,Toys,4,259,1036
723ad58e-8033-4b0b-a0a0-73d72d8864ec,28/08/2023,Monday,Electronics,5,287,1435
822989da-c33d-40ae-ab6c-27513415e9f9,16/11/2023,Thursday,Clothing,1,385,385
a30fad5a-00dd-4978-a4d2-28072d216fe1,27/05/2023,Saturday,Cosmetics,2,3888,7776
bea57ca2-3707-493f-884c-0cd844af4c59,23/07/2023,Sunday,Toys,2,1626,3252
a8049c98-f465-41e1-85c7-80783b902f74,21/03/2023,Tuesday,Toys,4,549,2196
bdd01043-cd1f-489f-bb1d-5eeb93d052cb,12/02/2023,Sunday,Furniture,4,1614,6456
f21a7d54-860e-4723-b7d6-db4fb6bbf133,30/03/2023,Thursday,Clothing,3,840,2520
ceb087e0-9dd0-430b-bf1b-59a48be7b4ad,28/05/2023,Sunday,Groceries,2,3590,7180
d58dd945-9f9d-4894-a3f5-6079c100e503,05/04/2023,Wednesday,Clothing,3,3172,9516
ed1d99ff-ef28-4090-a127-2b8758fee7ff,31/05/2023,Wednesday,Clothing,5,1185,5925
41becf0b-8d40-4422-aa44-8ff6de596ab0,02/01/2023,Monday,Cosmetics,2,3994,7988
b02e4761-3206-4d04-a468-54cb38d1dbe8,22/01/2023,Sunday,Clothing,5,2398,11990
12abd62f-117b-4253-890d-cd708f23e5b2,09/11/2023,Thursday,Cosmetics,1,4374,4374
10db7e1d-7767-4b4d-87d9-80b6900274db,24/11/2023,Friday,Toys,3,199,597
cb3b70ee-faf4-48ac-8038-dd4928244368,07/01/2023,Saturday,Toys,4,3256,13024
dc1d7914-fc3d-42fc-8e3c-faf8e47f25c3,25/07/2023,Tuesday,Electronics,2,3578,7156
bbd3b9a8-5fb4-4637-b74f-5f9ca047c6d3,24/04/2023,Monday,Cosmetics,3,1674,5022
cb5b843f-3c69-4c76-be5e-0b171bada7f6,29/09/2023,Friday,Cosmetics,4,2624,10496
ce44ea3b-179e-486b-aa22-05a55fb4fee4,24/03/2023,Friday,Groceries,1,4478,4478
8e8ba6f7-4f19-4439-93a8-8cccd2790960,28/06/2023,Wednesday,Furniture,2,4319,8638
bfd21a55-4bf4-4f61-8f26-3113989a5df5,29/07/2023,Saturday,Clothing,5,3334,16670
f391da7b-e869-44e9-8b6b-a9003fab95e4,24/11/2023,Friday,Groceries,1,2158,2158
051f7e8c-1b79-4eaf-a0a0-ec450ee8b6b4,04/05/2023,Thursday,Cosmetics,4,3997,15988
5d458e9c-2187-464e-82c1-7a9c873d5350,23/04/2023,Sunday,Groceries,2,4964,9928
68cd4872-4fc2-4272-978f-a0451eb33c0d,12/01/2023,Thursday,Electronics,2,2313,4626
543b8386-30be-4b91-a256-a36d4da1a0e4,06/05/2023,Saturday,Furniture,1,1662,1662
4198daaf-62f1-4e1e-be59-8f268d5ce8c9,22/02/2023,Wednesday,Cosmetics,2,3865,7730
f253312e-0519-4f12-b0f2-6b038e7bcd4d,27/11/2023,Monday,Cosmetics,4,4769,19076
f864f87a-66f9-41b9-a182-c873bfdd1958,10/10/2023,Tuesday,Clothing,1,627,627
4d470f7b-a4ce-4d9e-ade4-97c6d2fcbdb1,20/05/2023,Saturday,Furniture,5,472,2360
4ecb8b46-a1df-4df5-87fb-b6abd97700fd,07/04/2023,Friday,Electronics,1,2813,2813
b92b704a-16c9-47bc-a43e-a88788850cb2,05/01/2023,Thursday,Toys,1,1279,1279
2b0be6a9-1ef0-40e9-ae5c-db852f82f35a,26/02/2023,Sunday,Groceries,5,3226,16130
88404398-efaf-4ad5-89a8-7cec5745b970,30/11/2023,Thursday,Clothing,4,803,3212
65901112-b6f1-42d6-8b95-2e85f19e8efb,10/03/2023,Friday,Cosmetics,3,4892,14676
c8384a61-6baa-4fe8-b6a7-ec304857085a,28/04/2023,Friday,Toys,3,737,2211
b25e1546-dab9-412e-b7dc-fc44c0f6588d,28/02/2023,Tuesday,Electronics,5,772,3860
12cecf9a-809f-486c-ae09-94affa70ee94,02/02/2023,Thursday,Furniture,4,796,3184
c61b454c-2443-4ac8-bba2-a2c2a3e5faed,14/11/2023,Tuesday,Groceries,2,4387,8774
cf64bfab-0855-4c5a-8f88-00f6fc0177f5,19/02/2023,Sunday,Clothing,5,2762,13810
b8cd5d63-8264-4b3e-a8df-c96cd77b3c26,19/01/2023,Thursday,Cosmetics,3,757,2271
37c4745b-d101-4d47-a227-fea9b9896c44,02/08/2023,Wednesday,Cosmetics,4,484,1936
27f574ab-1138-4654-afea-024d2ad61c9c,16/07/2023,Sunday,Toys,1,4926,4926
b6a075bb-7da9-460f-90bb-dbb08acd21f4,16/02/2023,Thursday,Toys,4,533,2132
e7594346-44cf-4ecd-85b6-26ab936e4783,16/06/2023,Friday,Groceries,4,3568,14272
0a3e992f-53da-4779-8b07-f6001a92542d,16/10/2023,Monday,Furniture,3,1583,4749
e4ba5ee9-c42c-4102-9f04-c013d2a4e8b4,21/05/2023,Sunday,Electronics,3,219,657
2f19dfb4-7bbf-4552-94ce-16d6cc491f22,25/03/2023,Saturday,Furniture,2,1070,2140
4f779017-5477-4114-a736-ff27f86a5b6a,01/07/2023,Saturday,Furniture,2,897,1794
1eeef811-1cc3-4b6f-bac7-131b5d9a5763,20/03/2023,Monday,Furniture,5,745,3725
626c3552-ec22-4700-868b-80ea82bd125e,03/08/2023,Thursday,Groceries,1,3396,3396
36b917da-07e9-4e90-be5a-2274064ba8c6,14/01/2023,Saturday,Groceries,2,4063,8126
91c8f3d9-6294-4e81-a48c-1341f8ae4ed2,03/08/2023,Thursday,Electronics,3,81,243
b9985d8d-5fcf-469f-845a-395cee6cb40b,08/05/2023,Monday,Furniture,4,226,904
435a4afd-0fe0-4cf1-8f3e-5632f94d8fc2,06/11/2023,Monday,Groceries,5,3014,15070
2b8ba652-c069-4c62-ab00-5b55ad74617a,05/09/2023,Tuesday,Electronics,2,2162,4324
223fc685-f150-47df-be08-944645ec62f1,29/01/2023,Sunday,Cosmetics,4,3936,15744
10624f05-ab1a-4043-8b06-51b1409efee9,07/10/2023,Saturday,Electronics,4,1552,6208
8ac8827b-b233-4f88-b2df-b78f6f19046b,04/12/2023,Monday,Furniture,2,2365,4730
16c3aa20-a4c1-499b-bbaf-acc6171e61d7,15/11/2023,Wednesday,Clothing,1,2694,2694
fe890aa3-1540-48cb-9d35-e2b3f3b7a1e8,21/07/2023,Friday,Furniture,1,115,115
cb1b111f-c6ff-4502-9f76-b31158bb95d8,27/12/2023,Wednesday,Clothing,5,4278,21390
b42f1bf6-9f14-43c9-a9fc-582ec6000f01,26/02/2023,Sunday,Electronics,1,1978,1978
da4eca03-ed6f-47d2-82a5-e4afdb0cc7a4,06/08/2023,Sunday,Cosmetics,5,634,3170
87fe2f68-143a-4165-bcb2-c19f0cdfda81,03/03/2023,Friday,Cosmetics,3,1798,5394
e2c934a3-8ce2-4d7b-a3a0-84d1cef349d3,06/06/2023,Tuesday,Groceries,2,2254,4508
1e9e2b51-75cc-433e-b822-22849e25c60a,21/07/2023,Friday,Cosmetics,4,3680,14720
d8bb0de9-feb4-4e9a-9e80-1cf3b8be3485,17/01/2023,Tuesday,Toys,5,1942,9710
dc7982a8-a74c-4177-9772-ff36acde3218,18/11/2023,Saturday,Electronics,1,2479,2479
c532de17-14e4-47e8-b76f-54a681cbbf0f,06/01/2023,Friday,Groceries,5,3143,15715
9c30ab1d-6c33-4b5b-a7cc-12c1f68d355e,27/02/2023,Monday,Cosmetics,5,1023,5115
45abaee1-8df0-4244-8e1f-7f0987a30724,21/11/2023,Tuesday,Electronics,1,4074,4074
582b4c96-9278-4d59-adcf-7315a78cdb61,14/11/2023,Tuesday,Furniture,1,2692,2692
66afcd2a-5f13-4693-bc43-de869640dc33,18/06/2023,Sunday,Cosmetics,2,1492,2984
43d01ce1-9b7c-4081-a5e0-ed7383490edd,23/03/2023,Thursday,Clothing,4,4379,17516
79f814c9-f54f-49e4-b2cd-1aeb448e2b8f,07/08/2023,Monday,Electronics,2,1527,3054
83497862-39f2-4b69-b609-d28849f3cc03,26/06/2023,Monday,Groceries,2,820,1640
c77831a6-3ac1-4460-bf58-4ca297c8ec36,23/07/2023,Sunday,Furniture,1,355,355
41f65f0c-c376-41a8-b1a0-5e048288e092,12/03/2023,Sunday,Toys,1,51,51
ef2d0188-50fa-46f4-aec2-d8c24669b29f,23/09/2023,Saturday,Furniture,4,320,1280
a7a75677-9a7a-4227-88fb-3171c92bbbdc,08/04/2023,Saturday,Cosmetics,5,4566,22830
cad49042-d6da-4628-a6e0-869c93a94949,11/12/2023,Monday,Clothing,2,3264,6528
44f8575d-1792-468c-8c1c-132394b5cea7,18/10/2023,Wednesday,Furniture,4,913,3652
c08885e7-b39f-4756-abc5-e182ad37d405,27/07/2023,Thursday,Toys,2,2789,5578
fb016dda-f6d9-4dfe-b593-4bd4f92f7d41,02/01/2023,Monday,Groceries,5,2964,14820
13cd28cb-d70b-41a0-87ab-54da12640c43,04/05/2023,Thursday,Electronics,2,156,312
be2f9a26-89db-4162-a3ab-fe3b9465cbb4,07/10/2023,Saturday,Clothing,3,3218,9654
4845eab2-e65a-4b33-b352-f1c5ae293269,15/03/2023,Wednesday,Toys,4,4694,18776
d4bf6ea9-f47a-42e4-9706-ae3a5e3b489b,15/06/2023,Thursday,Cosmetics,1,2649,2649
f9f0b80b-d152-4f93-bc24-8677aef88b61,22/01/2023,Sunday,Cosmetics,2,2285,4570
a7647ce3-5fbd-4932-b799-c0fb82d6f03b,03/06/2023,Saturday,Cosmetics,4,2849,11396
fbe88203-83f2-44b1-abb2-ce6fb63d8cff,22/10/2023,Sunday,Clothing,4,1561,6244
44126fbf-9f29-4d54-a06d-d290199aa7f1,07/08/2023,Monday,Furniture,2,68,136
6fb1efcf-af74-4c25-b3d9-73be1aaee13c,06/06/2023,Tuesday,Clothing,1,908,908
5f12ce8b-d7aa-4333-8121-49f1e53573bc,18/08/2023,Friday,Cosmetics,1,1466,1466
d7b34e30-2d09-4b82-95b4-c5b45a1cf120,20/01/2023,Friday,Toys,2,3082,6164
75788f1f-8e40-4676-b00c-cbb23c958275,10/02/2023,Friday,Electronics,4,4555,18220
67f29404-4888-4503-afc7-8deb660e7efe,28/05/2023,Sunday,Electronics,1,1476,1476
3c84c005-aa6d-43c0-8de5-a00ed115edf1,18/04/2023,Tuesday,Clothing,2,2581,5162
7278cc6a-2c73-4881-934e-8d1bc9d85126,25/03/2023,Saturday,Cosmetics,2,4769,9538
d941f10c-cf92-4d09-9ce1-941947583c9d,18/11/2023,Saturday,Groceries,2,4801,9602
7f12de92-c48a-4e9e-964e-6ed0bdf0331f,05/11/2023,Sunday,Clothing,4,4913,19652
a172736e-e138-41be-8e90-5b519603a35f,17/10/2023,Tuesday,Cosmetics,1,4088,4088
d3f57747-cbba-43f0-bfab-1460cb24ff10,19/11/2023,Sunday,Furniture,4,4163,16652
cd4fca92-89b1-4e8b-8482-2a2bf38feab0,14/05/2023,Sunday,Electronics,3,2281,6843
37c426bc-55c6-4084-ad4e-7c1d36f68e8b,26/07/2023,Wednesday,Electronics,1,2502,2502
44a4be4f-bf85-4cec-a197-179f7cd0fce9,10/10/2023,Tuesday,Electronics,4,2896,11584
b5f909d0-924e-46fa-a16c-77ce06a4fa12,23/09/2023,Saturday,Groceries,1,3252,3252
7c267f9f-69df-48ec-8e7e-e4053f95b2e5,14/03/2023,Tuesday,Cosmetics,3,1866,5598
89e50ad4-6c05-49a6-ae6e-eefd1f4b0397,18/12/2023,Monday,Cosmetics,5,1830,9150
0b4623f1-dac2-42a7-b819-5a4d08fe4ed0,17/02/2023,Friday,Cosmetics,2,4153,8306
efab1ee1-0c8a-4193-b3e9-a8f4fd09d84f,22/11/2023,Wednesday,Cosmetics,4,754,3016
a4eea819-e899-4403-a4c4-a06b25a0c966,21/08/2023,Monday,Groceries,3,1391,4173
d8eef6aa-8447-49c6-a214-a7e15989e0b4,10/04/2023,Monday,Toys,3,3512,10536
f7ad2492-31ba-4ec3-8486-e10b35e9a134,28/02/2023,Tuesday,Clothing,1,3640,3640
a1ebfa3b-6f8f-4aa3-83b9-379da1968794,15/09/2023,Friday,Clothing,1,1209,1209
04ced051-64ee-415e-94f5-e2058e68f4f5,06/03/2023,Monday,Cosmetics,2,4676,9352
a20b6493-fc1d-452c-a4ee-dabb73272be8,24/03/2023,Friday,Furniture,1,3772,3772
c2761951-8578-419e-9b51-ae8d7c24028c,03/06/2023,Saturday,Electronics,4,3488,13952
35712c44-5739-4e81-816d-b97e025cc877,23/09/2023,Saturday,Groceries,4,3610,14440
f5bd9843-67be-400d-aa9c-f75271a59022,05/11/2023,Sunday,Furniture,4,3132,12528
dd6e74f9-6350-44e9-b665-e1458cca504f,20/03/2023,Monday,Furniture,5,1765,8825
d33717ea-deb5-45e7-a0bd-97e6a9a71484,11/11/2023,Saturday,Cosmetics,4,2293,9172
ecfd1d11-5c3b-4f21-b353-77bc4b1c49a4,30/05/2023,Tuesday,Groceries,1,1810,1810
039a27cb-b3c6-41c9-85a2-8001d8a13e2f,17/02/2023,Friday,Clothing,1,4057,4057
69105780-ae7b-4fb7-939f-5ea3e3dfcee5,05/09/2023,Tuesday,Electronics,4,1846,7384
6c7e39a8-0183-4bc1-a456-e0343959a6d1,05/10/2023,Thursday,Clothing,3,2725,8175
fbe92a6f-4545-46ab-8afd-6959d668449b,22/12/2023,Friday,Furniture,3,3286,9858
fa9ae6e0-cfef-4484-96d2-e4beabd5f824,08/04/2023,Saturday,Electronics,3,93,279
26edacec-03e7-4b01-8242-b13fa39374dd,25/01/2023,Wednesday,Toys,2,538,1076
e8ad1e21-c8fe-42d6-9af9-37b0f624ba39,11/10/2023,Wednesday,Furniture,5,4326,21630
f14571ad-fbbb-40a3-be6d-48564c42c20f,28/10/2023,Saturday,Clothing,4,3198,12792
d3c1dfa9-1bf4-4015-af1a-92db5172ae34,09/03/2023,Thursday,Clothing,2,4773,9546
25a85b92-057f-4227-854f-4e5d157c545c,07/01/2023,Saturday,Cosmetics,3,1006,3018
58164848-2dad-45d4-8ecd-d04cd158fb11,01/11/2023,Wednesday,Clothing,4,2164,8656
5d4f6a8e-4bf0-42fd-9059-d326d9c61851,17/05/2023,Wednesday,Groceries,2,1165,2330
7f1da5d3-a074-4262-ba4d-e66484e2fde8,13/06/2023,Tuesday,Furniture,1,1831,1831
ea2167d1-49f8-488b-81fc-6e3cc11953d9,24/03/2023,Friday,Electronics,3,2876,8628
3e8e64ab-c7f4-494e-8304-6f38a93ea5bb,18/05/2023,Thursday,Clothing,2,700,1400
4a603525-7419-47c7-b1d3-b6b7f564c06d,14/03/2023,Tuesday,Cosmetics,1,1926,1926
f7f14456-f35d-4077-bc93-c32aff05c3b2,25/08/2023,Friday,Cosmetics,3,390,1170
53cd4be0-058e-493e-847b-b3c6bf8d230e,15/02/2023,Wednesday,Clothing,5,3000,15000
2abf6ca2-f8e4-47b3-9f2e-1866e87582d0,16/04/2023,Sunday,Groceries,3,3425,10275
109e814e-e74d-4c8b-9309-6b740b0e5cb8,15/10/2023,Sunday,Cosmetics,5,2495,12475
818e6413-096b-4f8c-ba4b-51625fafa20f,19/09/2023,Tuesday,Electronics,5,2800,14000
5faa39c3-6038-4bbd-a266-a552bcb899a7,25/06/2023,Sunday,Furniture,5,2194,10970
157f56ae-cbac-4a21-83d8-08f6454890fc,15/06/2023,Thursday,Toys,4,1404,5616
0a049c3d-b8b2-4c77-85eb-65790f7bbc3e,25/05/2023,Thursday,Groceries,4,3326,13304
601798ae-d080-4101-8a33-70721debd099,26/11/2023,Sunday,Cosmetics,5,498,2490
9549ab6b-a260-4ce8-b9e8-5553a86a153a,10/10/2023,Tuesday,Furniture,1,4222,4222
9fca0d4b-bc4b-45c9-862c-aa75208d2f46,23/02/2023,Thursday,Toys,5,4694,23470
1ce299e4-73d7-462f-a7e8-206c3a0d200c,27/06/2023,Tuesday,Clothing,2,847,1694
91fc0826-767f-478b-89ca-aca35ea07cab,01/09/2023,Friday,Clothing,5,3546,17730
fc21e76f-5f23-4443-ba38-f02b9b111810,07/12/2023,Thursday,Electronics,4,4960,19840
8ba6b29a-3572-4583-8f77-bd125dbfcc98,07/05/2023,Sunday,Toys,4,2232,8928
b577184a-4607-43c7-a89f-ced610b9f098,28/09/2023,Thursday,Clothing,2,3376,6752
a3c01f8c-c640-40ad-89b1-85b25ffe3b41,12/05/2023,Friday,Clothing,2,695,1390
6458bf61-83e4-4244-85b3-72b8d8b20601,03/04/2023,Monday,Cosmetics,3,769,2307
3615ac2a-9e11-405e-9130-dbdef0f32b26,14/03/2023,Tuesday,Electronics,1,1572,1572
d24758c9-b6ff-4a81-94f9-b67867dc6ea7,05/09/2023,Tuesday,Furniture,1,1119,1119
752addc6-5ffb-4b48-8401-572b8df89830,14/12/2023,Thursday,Clothing,1,4793,4793
91ab991b-5667-4b4a-92a0-79a3a5158b58,30/09/2023,Saturday,Groceries,4,4937,19748
de11df3a-9cb2-4d41-b9ee-2597a8690a89,12/02/2023,Sunday,Groceries,1,4724,4724
62d32c27-a4dd-4d77-b420-01fa2cca8779,10/02/2023,Friday,Furniture,3,3125,9375
a66a9c7a-3dd3-4100-b5de-cc6730221b96,19/06/2023,Monday,Toys,3,3857,11571
d33cd799-ae2b-4309-8092-b6db3283e614,31/07/2023,Monday,Electronics,1,3411,3411
6d93c865-ad16-4013-a476-51cac83dfc1a,17/06/2023,Saturday,Cosmetics,2,2206,4412
676c016b-5c14-4e59-a250-cd01d11b0aa5,08/02/2023,Wednesday,Groceries,3,4605,13815
a455d5b6-6267-4590-9986-2e96cd091c15,02/09/2023,Saturday,Groceries,2,2363,4726
3791a7c2-dcde-4689-828f-80cc2f9ff754,31/05/2023,Wednesday,Furniture,4,3555,14220
76fedfd6-adeb-42fb-b031-0b93b163a45f,21/04/2023,Friday,Toys,3,4189,12567
5be0aba1-0ded-49cb-996d-d38633ffedae,16/02/2023,Thursday,Toys,2,682,1364
111cb3af-7f38-4668-8e9e-0bc376d79a21,04/03/2023,Saturday,Furniture,1,2249,2249
a5d70a90-587c-4100-bf64-a243266ae4e2,13/08/2023,Sunday,Groceries,4,3113,12452
0ff0284f-8efc-4eb2-9a51-43795b6cbb8d,10/03/2023,Friday,Electronics,5,2960,14800
5770615c-5311-4fab-9191-6a9bc379085d,26/10/2023,Thursday,Groceries,5,672,3360
10049184-7caf-49ea-bf53-b21c649578a4,17/10/2023,Tuesday,Toys,1,410,410
8c409e23-4728-4269-8ad4-38ee5768b40b,23/10/2023,Monday,Cosmetics,4,2417,9668
e44cbb71-408c-49ed-9b75-77d1ad8b5181,22/07/2023,Saturday,Groceries,4,259,1036
87787a64-5696-4b24-818d-bcfe2dc620ae,02/03/2023,Thursday,Electronics,4,3517,14068
fbff5b77-919b-4b28-990a-962c7fd22a86,14/11/2023,Tuesday,Clothing,4,980,3920
eea918be-c680-4880-a7d3-bfda4f804e3c,10/11/2023,Friday,Groceries,5,4634,23170
efba70c0-bd59-42ff-9d5b-28ae2caf8537,10/06/2023,Saturday,Furniture,2,3993,7986
b9781881-4b3e-4f6c-a6af-1d6959ea8104,27/11/2023,Monday,Clothing,4,4746,18984
b1c8fba4-48bb-4d4a-9fd5-6085fe47e5f7,16/01/2023,Monday,Furniture,2,4919,9838
8290cfcd-c9fb-4cad-bb8e-77c32567a3cc,04/12/2023,Monday,Furniture,4,927,3708
969fe4d7-3680-4cc4-a2c8-390b1d020005,04/04/2023,Tuesday,Furniture,3,4845,14535
11458593-1b3d-488c-b25c-49b080e9c4b9,31/10/2023,Tuesday,Groceries,3,2549,7647
70d2784c-3422-4e01-96ee-2d1c14a0eb25,18/05/2023,Thursday,Toys,3,2573,7719
89b9da6a-aec9-402f-92de-5f40c4ad8ef5,04/12/2023,Monday,Clothing,4,4401,17604
5037b2e4-20b8-4624-ae65-6fd41e102bf3,07/02/2023,Tuesday,Electronics,2,441,882
9b84c5d0-ea41-412a-a8a8-2e947f0278b3,07/05/2023,Sunday,Toys,5,3952,19760
c0755180-22c6-4dc4-a80b-448a4c74257d,02/10/2023,Monday,Groceries,1,2371,2371
6b41400c-e947-48d8-afc1-a56a477a7fff,13/06/2023,Tuesday,Furniture,5,4990,24950
e49edaa0-b653-4f61-ac5d-840ea858ef89,15/11/2023,Wednesday,Electronics,4,4031,16124
4ef8c33f-4152-41e5-ae12-e899c6c532c2,18/03/2023,Saturday,Clothing,3,188,564
77904904-8b8d-4dbf-8770-270e05500efa,23/06/2023,Friday,Toys,3,152,456
7a7e3126-abe6-424f-b0a6-5dcafc380010,24/12/2023,Sunday,Cosmetics,2,533,1066
d24a7c3c-a460-4d20-8256-95457061d7db,17/11/2023,Friday,Toys,4,4369,17476
98bac8b0-e0a9-46ee-a30b-bcbadbb4bb0f,01/04/2023,Saturday,Electronics,5,4123,20615
515688b5-068b-48ca-946a-8f745ebccf33,26/08/2023,Saturday,Groceries,4,1898,7592
04cdfcf4-b203-4d20-a1e0-d0e09a588b46,21/09/2023,Thursday,Clothing,4,1934,7736
bc6234ae-8b06-4ecb-bca9-c194743742e6,28/06/2023,Wednesday,Electronics,3,3255,9765
eb453ec0-1a8f-43eb-a353-fdc9b281a95b,28/07/2023,Friday,Furniture,5,2211,11055
db383526-456f-4e82-8c19-9b190a27e836,14/03/2023,Tuesday,Clothing,1,1514,1514
7810a41c-6a35-483a-baa1-4d2f043d40ed,17/04/2023,Monday,Toys,3,693,2079
d60f934c-8755-4948-ac4c-642ebb05dd4c,11/12/2023,Monday,Electronics,5,3486,17430
c6ee3b08-7706-420b-9bc5-931f426c105d,22/10/2023,Sunday,Toys,2,4603,9206
f31fa145-59c9-4ef2-9b8c-be2be373d9b2,11/10/2023,Wednesday,Toys,3,660,1980
722c6b9e-ae40-46fc-8196-be8e3125963d,19/12/2023,Tuesday,Toys,2,4352,8704
77d91f9b-21d1-408f-8866-0b1f73129ddf,01/07/2023,Saturday,Groceries,3,1593,4779
4e2fbe78-45f5-4b56-9b70-243f98c2dd75,06/02/2023,Monday,Toys,4,3589,14356
bc7a4547-c90d-4598-9ccd-98704288e8b1,17/05/2023,Wednesday,Furniture,5,1516,7580
a3820b12-37e1-4f03-aac1-bac61da6fd0f,04/12/2023,Monday,Furniture,2,966,1932
26e828a8-5ca3-4432-be74-4da2e97ae816,25/02/2023,Saturday,Clothing,3,1231,3693
7cb4c7bf-2c75-4c33-b586-1767f6c1ef3d,06/07/2023,Thursday,Cosmetics,2,2196,4392
21e7da05-3f84-4c30-8c29-3e39e2b9d9de,07/12/2023,Thursday,Toys,3,2322,6966
27a061bc-2503-4c60-809e-26c6af2b3e87,15/09/2023,Friday,Toys,3,901,2703
0c11f7ad-1f11-4c8b-97cc-30264d5a6335,27/02/2023,Monday,Electronics,1,4586,4586
a4fdf166-972f-4274-a3af-0c82a5cdf11c,29/12/2023,Friday,Groceries,1,769,769
6d075d61-21cb-4e6a-8db7-68917b3084ee,03/05/2023,Wednesday,Cosmetics,1,4730,4730
d4c96f87-7c87-4dc0-9cc7-8bede038b342,07/07/2023,Friday,Clothing,2,2064,4128
4798fa26-8e84-4b0c-a971-d1f0ea38b337,18/08/2023,Friday,Cosmetics,4,3522,14088
4e309d71-caba-48c5-93b6-1fa9ce600226,17/06/2023,Saturday,Toys,3,3692,11076
8bc46a11-650d-46a8-a906-7b06edb46644,24/04/2023,Monday,Electronics,5,3920,19600
b1619c9c-f02a-43c4-8396-558df3212888,09/09/2023,Saturday,Groceries,1,113,113
5994e94d-fabf-46c1-849d-983b2d27ea3f,17/04/2023,Monday,Clothing,2,4913,9826
53ee7922-d276-4cb8-aca0-ab7cfadd86ef,06/02/2023,Monday,Cosmetics,2,609,1218
c4a582ac-3552-4843-a392-877741596038,01/12/2023,Friday,Clothing,2,1783,3566
070a8f34-e3db-451e-84d3-e8b06c7a9e31,02/04/2023,Sunday,Toys,5,719,3595
629881a6-e9bf-4f89-bf10-0b3d86fcc6e0,18/01/2023,Wednesday,Clothing,5,3944,19720
97f01ac9-f46b-4e32-9119-939923ac3763,20/12/2023,Wednesday,Electronics,1,1592,1592
eae59b93-3d65-4ec8-af6d-2f7eee78372d,04/03/2023,Saturday,Clothing,5,1321,6605
c410fccd-522b-487a-845e-b3f79e7d2ba4,30/05/2023,Tuesday,Furniture,1,2465,2465
b486e700-7aa2-4d2a-9f0e-099a6d153928,19/05/2023,Friday,Electronics,5,2841,14205
7c8c95b7-1380-4b63-af21-33e3b67fa4e3,05/07/2023,Wednesday,Cosmetics,5,4763,23815
e1e32652-fd44-4ea4-b2a8-097e52215872,04/07/2023,Tuesday,Groceries,5,3104,15520
6c90d3bd-2147-442b-8d1b-e047b551b3a8,24/07/2023,Monday,Groceries,1,2508,2508
f719c937-0095-48c0-a8e1-32ac04dc8e0b,17/09/2023,Sunday,Toys,3,3115,9345
93a55292-bbff-4e73-b8bf-df57de407458,02/08/2023,Wednesday,Toys,1,1213,1213
82941f67-75ac-46b9-99e5-0eb74e5d6d44,13/09/2023,Wednesday,Furniture,3,4609,13827
704e4890-e720-4402-a5d6-a4a0609ca9cf,15/05/2023,Monday,Cosmetics,2,2799,5598
0be304c5-e30e-443c-850c-465346c7bfb9,02/03/2023,Thursday,Groceries,2,1998,3996
987b0857-eaef-4f5a-ab83-76df0258f6ae,29/12/2023,Friday,Groceries,1,109,109
b80e50e8-1bf9-4b7f-bd61-df2fba8eb7f0,06/11/2023,Monday,Groceries,3,3152,9456
530fe2da-1457-4f96-bd60-d8723d04f390,29/03/2023,Wednesday,Groceries,3,382,1146
e2229847-42c8-4be2-a8a7-ded33935f674,20/11/2023,Monday,Clothing,3,4221,12663
4f0a61ba-69cd-4ea6-b4f0-e050d56c3b97,26/07/2023,Wednesday,Cosmetics,2,239,478
6cf61b56-0dec-469e-bdaa-d41fa1c4d14a,09/05/2023,Tuesday,Electronics,1,3610,3610
c7413380-115a-4253-9948-5cdbb3fda5d3,07/11/2023,Tuesday,Electronics,4,345,1380
6c07e48d-fa23-4933-8906-0fe4f5f0be33,03/01/2023,Tuesday,Furniture,3,2598,7794
c836769f-2fe8-4093-8a70-6d40a89bf113,30/08/2023,Wednesday,Clothing,3,226,678
fa45aa88-6c74-42fc-bc3b-05ccd100f8c5,01/05/2023,Monday,Groceries,4,849,3396
32b5b269-5260-4fcd-b54e-8c9634e8392c,12/04/2023,Wednesday,Groceries,1,855,855
8e0e58a1-ac98-4f44-b531-b0decf29de52,07/02/2023,Tuesday,Toys,3,1792,5376
74d523fb-f37b-410a-b573-90a3f8fc5242,07/12/2023,Thursday,Toys,1,264,264
678922c6-61b8-4517-b34c-89685d4312f8,13/05/2023,Saturday,Furniture,3,1929,5787
8a9c59d8-d022-4dc3-8a41-f12621102a02,21/07/2023,Friday,Groceries,5,2750,13750
84249907-b3a2-4036-bd89-763ab9080aa9,14/12/2023,Thursday,Furniture,3,646,1938
aa3da5d4-61fc-4e94-9d0e-2646938e3718,21/01/2023,Saturday,Clothing,5,1767,8835
5e262464-3d78-47ef-a99b-bdd423c0a0a8,30/08/2023,Wednesday,Electronics,1,1405,1405
33d7bcf0-4f56-4192-aa86-c78b80f8274f,19/04/2023,Wednesday,Groceries,3,4273,12819
ed962cbc-c6b6-40cf-a179-4766fb9cb61d,30/10/2023,Monday,Cosmetics,2,1342,2684
c91b7949-c582-4c78-94ea-dcd34ac51706,25/03/2023,Saturday,Clothing,2,2648,5296
b6477f9d-0d87-4950-b39a-2be80a36b82e,24/03/2023,Friday,Groceries,4,3487,13948
a8a98fe9-7cce-4fa7-ac92-ab3757d57347,18/10/2023,Wednesday,Cosmetics,2,4764,9528
cc20f59c-f298-466a-8bcc-20545c45fe56,10/03/2023,Friday,Toys,5,191,955
1b639c1a-5543-4031-ad00-4ea3966c1253,09/05/2023,Tuesday,Furniture,2,3266,6532
d296d714-172f-4560-bea2-d3d1fa7c2c51,15/07/2023,Saturday,Toys,2,2889,5778
5131298d-ff0e-44db-8fc9-bd82597b42e6,20/05/2023,Saturday,Electronics,2,4390,8780
77a01151-714a-4f5c-b6bd-e742767af57d,10/10/2023,Tuesday,Toys,3,3563,10689
1e94c75f-bebd-47dd-9cd4-948fed6b4b55,08/11/2023,Wednesday,Groceries,4,2800,11200
8c2de4e2-2bbc-4705-a236-7f98475f7904,22/08/2023,Tuesday,Cosmetics,1,1764,1764
1d8d88e5-a164-486d-98c8-c836efde1f04,23/01/2023,Monday,Toys,4,1185,4740
6ae9e3e0-5dbf-4f94-a5a7-6c29c7970a21,02/06/2023,Friday,Groceries,5,3771,18855
546d3b91-9332-41a0-86c6-ee99fdde4239,04/10/2023,Wednesday,Electronics,3,1959,5877
58d8c8ea-f20a-4f4d-803a-4bc0a461fb82,02/03/2023,Thursday,Cosmetics,3,2297,6891
dfd7efc6-f650-42e5-b0eb-cc353b1d731c,15/11/2023,Wednesday,Toys,2,4566,9132
71f4c0b5-a814-4daa-8d85-58258b0cc4f2,21/02/2023,Tuesday,Furniture,2,4152,8304
276b9da7-9730-41d2-ac62-1e6258423808,10/12/2023,Sunday,Furniture,5,1598,7990
ed384ca7-d8fb-475c-bcc7-b7c64848e4eb,02/06/2023,Friday,Cosmetics,3,2689,8067
20cec9f0-d267-4b9b-bb90-5b5be8cd1a1f,25/08/2023,Friday,Furniture,1,4816,4816
ee1b8230-722c-459d-bbde-d1e0af808f11,07/11/2023,Tuesday,Toys,4,4561,18244
c8b4a214-1cda-425d-aa79-058de51fa161,29/10/2023,Sunday,Toys,3,2881,8643
c21ec2b5-0dcf-4640-9564-3b03f4ae7833,01/02/2023,Wednesday,Cosmetics,1,1056,1056
9ceb5884-26ae-4d45-afa8-624831ed57b6,24/02/2023,Friday,Toys,1,3271,3271
8138ca5e-f914-4236-bb93-b671c271d556,18/12/2023,Monday,Groceries,4,3112,12448
9bb75c51-d98a-41d5-90f1-4fbc42882bb4,05/02/2023,Sunday,Electronics,1,4573,4573
c18e7491-a2a9-433a-a791-41b84a239499,20/04/2023,Thursday,Furniture,5,3102,15510
6325d7d8-0b82-43ff-a5f1-58182019f2a4,26/06/2023,Monday,Groceries,1,4479,4479
1b743ba0-7790-4e4b-b11d-1f61c5f2f2ea,28/12/2023,Thursday,Cosmetics,5,2369,11845
531f129a-2d96-4aea-9952-0d968d817fe8,10/11/2023,Friday,Furniture,1,3589,3589
9fd89f03-b3b2-4b3b-b06a-ee2fca58db06,22/10/2023,Sunday,Groceries,2,2416,4832
1b51a2d2-e8fd-4ef9-9e97-8e6a0683c6dc,02/12/2023,Saturday,Toys,1,576,576
1459b9b0-b6da-45e2-80f3-8cdfdf386a3a,07/04/2023,Friday,Cosmetics,5,2857,14285
b3a4add8-8193-4f42-9924-46c519cacb47,01/08/2023,Tuesday,Cosmetics,1,1245,1245
36273925-eaa0-4dcf-a0cc-53a66a92f112,13/11/2023,Monday,Furniture,1,1803,1803
d7ad4925-77a3-4c2a-b8d4-bc89f24cc131,17/05/2023,Wednesday,Toys,1,1722,1722
da8e8b56-8507-42cd-80bf-fce9277d17d5,06/01/2023,Friday,Furniture,5,2078,10390
e089b8a1-918b-4de2-8003-071aa7efb4b0,19/04/2023,Wednesday,Clothing,1,1704,1704
79d2dc23-8320-40b9-a72a-0209139f7669,04/02/2023,Saturday,Groceries,4,4599,18396
fef9ea38-5b41-476f-9989-06fa4590e736,08/02/2023,Wednesday,Clothing,4,4891,19564
27858361-5a93-404c-b6c3-63d6c986f94b,30/05/2023,Tuesday,Groceries,5,4091,20455
5bde7e43-343f-4f9e-abd2-b10086925f9f,28/04/2023,Friday,Electronics,2,897,1794
8e738d37-edc9-419f-9d02-5c0c6a93be7e,18/09/2023,Monday,Cosmetics,4,917,3668
3c3db998-0afb-4cc0-a477-9f8971c37798,28/03/2023,Tuesday,Furniture,3,823,2469
c902f2c1-c60a-4ace-8599-cece0b096834,17/03/2023,Friday,Electronics,4,592,2368
7e8191d4-107e-44b4-be81-6cbfc9128be3,09/11/2023,Thursday,Electronics,3,4467,13401
09bf6480-af41-4867-8670-d2ff031b2c32,02/08/2023,Wednesday,Cosmetics,5,835,4175
c8776379-1d3e-46a5-a83d-1aeb94a3acb1,12/10/2023,Thursday,Cosmetics,2,3355,6710
31a7e363-8605-4ef5-9e0e-cd79bd3e502d,27/08/2023,Sunday,Groceries,3,4685,14055
666b9b71-6960-4e31-946a-39db8cea5890,14/06/2023,Wednesday,Clothing,3,2933,8799
861cc030-2caf-4612-ad46-5b5bd261c241,28/03/2023,Tuesday,Toys,4,498,1992
963a1d8c-43d8-4529-98d8-3a18e3afb4f3,21/05/2023,Sunday,Groceries,3,3360,10080
576d8bd1-abd7-489d-8ad9-a9590d9fc398,09/06/2023,Friday,Toys,5,4635,23175
61110798-2e99-4184-b09f-bbafbd032b72,15/02/2023,Wednesday,Electronics,5,1955,9775
45e09827-69b6-4139-b169-8c2338d969af,22/04/2023,Saturday,Toys,5,4609,23045
22374e3c-7745-4cc4-8ab5-21b5bc89fed5,14/02/2023,Tuesday,Clothing,4,4459,17836
499c3931-5498-4cfc-87b4-cfdced5d4fc2,04/09/2023,Monday,Groceries,2,3301,6602
19beb8de-ea84-46b8-ad7f-7d544c175ec4,14/04/2023,Friday,Cosmetics,4,434,1736
def85547-38be-47d0-86ec-9699992e3e63,26/03/2023,Sunday,Clothing,5,344,1720
23ecac03-eaac-4c8c-a7f7-820482164934,14/05/2023,Sunday,Clothing,4,1288,5152
d9bd8dd0-d65f-4cdd-aa2d-cf7da65e902f,18/04/2023,Tuesday,Groceries,5,4907,24535
91b7f1ce-c537-42c8-8b22-04e3f466d57d,18/01/2023,Wednesday,Cosmetics,1,2866,2866
dbf203e2-d513-4917-bb45-683d65bba87f,04/04/2023,Tuesday,Clothing,1,1148,1148
eaa65e9b-3caa-4541-8b8d-7f176383f027,30/05/2023,Tuesday,Cosmetics,3,1787,5361
0a216e83-66ee-4d0e-9241-2b08e8b46252,03/09/2023,Sunday,Furniture,2,2239,4478
f19deaa2-d4f9-4622-8d3d-c4509c89bf28,16/10/2023,Monday,Furniture,1,2815,2815
f6dc7fd8-5e95-41e2-b672-f0bd4b8f4122,28/07/2023,Friday,Furniture,5,1272,6360
72073b59-07f8-4bec-a3ef-235e0a4dba82,06/05/2023,Saturday,Toys,4,3292,13168
2b49ad97-b71b-4b59-adb6-81d67a46f66a,23/08/2023,Wednesday,Clothing,4,3949,15796
e6acb465-5f71-44c6-8a74-0611d38f2e55,02/05/2023,Tuesday,Groceries,3,4373,13119
914e2728-2f6e-4ed3-beed-19f7056285dd,18/05/2023,Thursday,Groceries,4,460,1840
54b5180e-1b19-4f0a-b7ee-3f25a699aecc,25/04/2023,Tuesday,Toys,1,3049,3049
be00899e-4a0e-4648-b77d-4fc9a9dfd6b7,11/06/2023,Sunday,Groceries,4,2995,11980
6bf8a796-3cb1-47f0-a34a-d5340ed37eb7,20/07/2023,Thursday,Furniture,1,4836,4836
c7af9cfc-e03c-4eb6-8589-ce12890e4e8e,22/08/2023,Tuesday,Clothing,1,927,927
c1aa0701-f669-4ef9-a426-99b2a6588ebf,28/01/2023,Saturday,Groceries,2,836,1672
840f4684-1d57-4fc8-b0d1-bda22114534f,11/01/2023,Wednesday,Groceries,3,2159,6477
12c76824-0f5d-4187-9bce-fcbdc3eea044,25/07/2023,Tuesday,Electronics,5,2036,10180
a89abf34-ea15-44d7-bb83-8070f2181964,16/06/2023,Friday,Electronics,1,928,928
696ae63c-b174-419b-b2c4-722b40a6afaa,04/09/2023,Monday,Electronics,3,1657,4971
a2c2eab2-a810-4902-97c7-08adcf77f3aa,16/02/2023,Thursday,Clothing,5,2453,12265
50f3796c-a4c2-4341-acc8-b8a061f4d3bb,03/09/2023,Sunday,Furniture,4,120,480
5f223bb6-5cdd-46fe-9cbc-4415756d7348,07/05/2023,Sunday,Cosmetics,3,2360,7080
ae46fac8-e2fe-4406-9fc2-c4ee5a010ee7,27/05/2023,Saturday,Furniture,3,4451,13353
f02865ac-5db6-4348-a123-e39b94c2ff32,28/04/2023,Friday,Furniture,3,3345,10035
8024aaf8-150d-40af-8e49-d42908a3cb98,01/06/2023,Thursday,Clothing,4,811,3244
daf81537-7387-4a7b-8b68-44afc3f59c7b,13/03/2023,Monday,Clothing,4,4733,18932
dd6d0261-48c0-47e2-a13e-dbd5f143f0e1,29/12/2023,Friday,Electronics,3,2171,6513
0506a1cc-46cf-45b6-81e6-adcc0b18ed8c,17/05/2023,Wednesday,Groceries,2,3632,7264
c78e47c8-5da2-4687-8240-c915d2c049d4,24/06/2023,Saturday,Toys,1,4247,4247
c05654e5-3adb-48be-95cd-55b2bee870df,16/10/2023,Monday,Toys,4,1679,6716
b32e6448-a4b6-461d-9b03-c535956f1eff,19/01/2023,Thursday,Cosmetics,2,4338,8676
70fd3c44-d4fc-416f-8428-b39df663a9cc,14/07/2023,Friday,Groceries,4,1135,4540
8fbef7ea-5e1c-48bd-b270-b972f29e0e5d,26/11/2023,Sunday,Cosmetics,3,2507,7521
c532b463-3a27-4d33-90eb-844738d55d98,24/06/2023,Saturday,Electronics,2,4445,8890
e8e6ee17-4fe7-4e8d-8a1e-0f6f194bb094,20/12/2023,Wednesday,Cosmetics,5,3316,16580
ad827e77-7da0-4ffc-b58f-bf102f9ad9a1,21/05/2023,Sunday,Groceries,1,503,503
f4c16edd-453b-4d86-b174-6811a0c7f199,03/09/2023,Sunday,Groceries,1,2671,2671
bb7a873c-31ed-4872-b32e-0df6a3a97ad1,03/04/2023,Monday,Toys,4,668,2672
4658c2f8-04c2-43de-99ae-301d2c23a047,27/08/2023,Sunday,Electronics,1,686,686
614e4346-41fb-444e-9a46-c9e127c130f3,24/07/2023,Monday,Clothing,5,2398,11990
a1c5eda8-ac93-423c-986b-4a33682a46d5,17/02/2023,Friday,Cosmetics,2,4924,9848
2b392349-b7dc-4dc2-9927-37ebae5d24ec,02/09/2023,Saturday,Toys,2,3086,6172
7049648f-7533-4020-927a-d89f0bee7b64,16/11/2023,Thursday,Cosmetics,3,2299,6897
6c63bdd1-ae8a-42b0-85b8-d83932cd4154,13/11/2023,Monday,Cosmetics,2,2771,5542
36c02ed3-5ae1-46c2-9522-42a005491f50,22/10/2023,Sunday,Clothing,4,2399,9596
72d65b96-0247-465f-b582-7e245ce951d3,08/05/2023,Monday,Electronics,5,4482,22410
a0350878-19be-4fe8-8c84-a6ec5cdc77cf,10/12/2023,Sunday,Groceries,3,2044,6132
9b79db6e-879d-48a5-804d-a8c1a1a73098,09/10/2023,Monday,Furniture,4,2870,11480
7a63b612-2d79-4d9d-a103-9576ec4e4936,17/01/2023,Tuesday,Cosmetics,4,1121,4484
f84a7724-c5c8-4fd9-9e67-5813bddd72a6,12/03/2023,Sunday,Furniture,4,2081,8324
1cecd63d-ffb0-42d0-9db7-c6a9ec868068,26/09/2023,Tuesday,Electronics,1,1299,1299
8a4756ba-ed2f-4fee-9e9e-6ad5b2e9bd41,21/11/2023,Tuesday,Furniture,4,1345,5380
0a7adf87-ee53-4de7-b1f2-9bb94e6cba97,09/10/2023,Monday,Cosmetics,1,3606,3606
f98ee7a4-78ad-4b8a-9b72-1080ca03ac75,01/11/2023,Wednesday,Clothing,2,377,754
fb938a80-65a3-4b8b-8d65-a396318fbd66,07/01/2023,Saturday,Furniture,1,846,846
ae13e763-a32a-49d2-946a-cb62bdd3c512,10/11/2023,Friday,Electronics,4,2911,11644
77beb35f-d83d-42c7-abe8-9e45d5e25165,01/11/2023,Wednesday,Electronics,5,4810,24050
12232fb9-b0e8-40a0-b864-57e01af7bcbc,13/04/2023,Thursday,Clothing,5,2843,14215
00ed45c7-015b-4c2a-89c5-60458e1637dd,05/11/2023,Sunday,Furniture,2,3144,6288
06f491ee-85c1-479f-a291-ca311473242f,12/07/2023,Wednesday,Furniture,4,3027,12108
81e3cc8c-d660-4b3f-a7f1-c55282344a3f,29/08/2023,Tuesday,Groceries,1,1012,1012
c8434a86-6cce-4574-b68d-81f4b3a515b6,03/03/2023,Friday,Toys,5,1318,6590
ad56952b-ea8e-4237-ab45-3f2b150f90e9,17/01/2023,Tuesday,Electronics,3,422,1266
52aa8395-58f6-482c-a271-84b403432d49,20/06/2023,Tuesday,Groceries,4,4430,17720
e7dd29d8-6139-4898-8a39-e8ccd27f100b,25/01/2023,Wednesday,Electronics,4,2618,10472
a39dd3f6-d321-445a-9478-d7c5627c4248,08/09/2023,Friday,Groceries,3,4952,14856
ec95c170-e1cb-48e4-8bdd-8587195a596a,10/09/2023,Sunday,Toys,5,4792,23960
094f672d-dc5c-4764-a227-ad4df9f73fcf,26/07/2023,Wednesday,Groceries,3,3743,11229
6fadfc15-1051-4240-803b-e68de0b7deee,29/01/2023,Sunday,Electronics,2,1654,3308
63265333-4fcb-490f-9181-844fbcbc706a,27/04/2023,Thursday,Furniture,1,145,145
93118973-496e-4a09-b369-88dea1339bb5,09/10/2023,Monday,Electronics,1,4419,4419
f31c3629-ba32-4fdf-9897-d53d8bfeee47,24/05/2023,Wednesday,Cosmetics,5,3991,19955
b6be16b9-610e-4d70-9601-cc5b903a3124,25/01/2023,Wednesday,Clothing,3,1250,3750
0ad9d2e9-21f7-4b89-9bc5-6dc864d093d4,06/11/2023,Monday,Clothing,4,3994,15976
fa6f561c-7bd2-442e-b1e7-e44e83efbdc1,05/06/2023,Monday,Cosmetics,4,4929,19716
7df07d5e-3d06-4d79-bb9b-15d6c55e2845,14/03/2023,Tuesday,Clothing,4,181,724
5645e63e-46fa-4191-8050-f4eb18c198b3,30/04/2023,Sunday,Clothing,2,3165,6330
5566c42b-b191-43c8-9a0c-8a7216154bec,08/11/2023,Wednesday,Toys,2,1440,2880
19b5ce56-1696-43de-901c-284fbfe3b29e,17/11/2023,Friday,Furniture,4,1199,4796
0fd83adb-4e9e-4359-aa8c-17b255c2fdda,03/04/2023,Monday,Furniture,5,3560,17800
8db02fc8-8231-4c16-86da-17f07b68c2bf,27/03/2023,Monday,Electronics,2,3697,7394
eb201bd8-2c87-4925-8445-5a06433bdf8f,02/12/2023,Saturday,Cosmetics,2,857,1714
72cae064-ddcb-449a-b1a3-08b035fe6e0e,30/12/2023,Saturday,Groceries,1,4889,4889
6efa742e-00e5-4bc5-942d-2fc48b8153a1,28/04/2023,Friday,Electronics,1,100,100
01cccf5c-dc6e-4416-9bb6-2a55ae6e3989,21/08/2023,Monday,Electronics,5,3258,16290
444e84b4-aa98-42c1-8d92-1e3b0baf4e8f,18/07/2023,Tuesday,Electronics,2,105,210
9af58fd5-0f1f-4955-9c43-8cbb167ca1b5,25/07/2023,Tuesday,Electronics,2,3714,7428
778d5780-3464-45c2-ac8a-06a352cd450f,05/12/2023,Tuesday,Furniture,3,793,2379
fb8fe6cd-b77b-460b-bc69-95e9b0561dbd,27/05/2023,Saturday,Groceries,5,4588,22940
ac1c7809-69ee-4fa5-80f6-f5fb3305427b,28/09/2023,Thursday,Electronics,5,2926,14630
d4af8958-f13b-491e-9c6b-e5cc27860dc7,19/05/2023,Friday,Furniture,3,129,387
1ab981d4-9f08-4b22-8ae9-1421d4530519,30/06/2023,Friday,Electronics,3,4522,13566
63098146-d5e2-4302-a991-dc0cea0e2c7b,30/01/2023,Monday,Clothing,1,3990,3990
59c93bb1-2f7b-4885-9489-71f20dfa2d22,26/02/2023,Sunday,Electronics,5,3016,15080
8ebbf01c-7928-4eea-81b7-9c876b00e0a1,20/08/2023,Sunday,Cosmetics,5,3778,18890
19512505-4837-4ecf-9041-4ecf670cf429,26/05/2023,Friday,Cosmetics,3,4586,13758
8f6cffdc-7308-4390-b923-c5bde6a9c26e,17/02/2023,Friday,Electronics,4,175,700
98dbb694-82e8-482c-bef6-1ffd6a6f14b5,13/07/2023,Thursday,Toys,4,268,1072
3b302779-cd25-48ef-880e-277cb7058de3,12/08/2023,Saturday,Clothing,1,997,997
5dcb3171-eacb-412c-887c-b3158e6a3a41,16/05/2023,Tuesday,Groceries,4,4423,17692
340e2be6-909f-4a46-b6bb-3e4c97409eb6,22/01/2023,Sunday,Electronics,4,644,2576
65f0d9c9-7217-427e-9f8e-170c94d520a1,06/01/2023,Friday,Groceries,4,190,760
763311c5-57f3-4936-b0e1-96338948aa2e,23/07/2023,Sunday,Clothing,2,2943,5886
9edba680-755c-4277-ba75-8a548e56a727,27/08/2023,Sunday,Electronics,1,3105,3105
9b17f449-e6e0-4dbc-b622-b13ae8739793,04/07/2023,Tuesday,Toys,3,1680,5040
b349aaf3-d065-4727-8bd5-b243bb022875,26/12/2023,Tuesday,Furniture,4,926,3704
3df658d6-c0d7-4f40-a8f0-e4c4b7382c46,19/10/2023,Thursday,Toys,2,4255,8510
69d5e4a9-8be6-4bd2-a22e-70433af43dd9,01/12/2023,Friday,Toys,4,2710,10840
09106685-959c-43c0-910f-a350d0477ef7,08/08/2023,Tuesday,Furniture,2,3440,6880
4a64b308-c286-429f-bca7-497d570cc661,26/04/2023,Wednesday,Furniture,1,4941,4941
d1ba0f7a-6e14-47d2-840c-8a1366eec620,09/11/2023,Thursday,Cosmetics,4,2079,8316
cf74cab7-e6fc-46f6-9dd0-b780872b88ee,18/02/2023,Saturday,Furniture,2,4874,9748
9e45f1f9-a41b-429f-a7d7-ff62cb006fcc,22/06/2023,Thursday,Electronics,5,2602,13010
4c0fe55d-a61a-4482-be1f-0637f34459d5,23/03/2023,Thursday,Groceries,5,3661,18305
c9d26814-430b-4e9b-af11-d85f0ad11c52,18/11/2023,Saturday,Cosmetics,2,1090,2180
9a801749-8e37-472a-bc85-5f1fe65a9ca0,29/11/2023,Wednesday,Cosmetics,4,364,1456
ccff3f01-9a0d-47c5-ba5c-820dfc64cb8c,14/02/2023,Tuesday,Groceries,4,3509,14036
1668c063-fd10-4629-b763-bd26d20dfb80,01/12/2023,Friday,Cosmetics,1,4222,4222
01771792-c046-4f91-9fff-8f06843be108,20/01/2023,Friday,Furniture,1,3075,3075
b3d78c2e-4e6b-49a5-9c5a-0d7b3f942e5c,09/08/2023,Wednesday,Toys,3,2996,8988
cf452544-d4d6-4254-80f6-d837cbbca64e,03/05/2023,Wednesday,Clothing,1,3286,3286
7932914a-7669-4605-9d4b-f64c1371a2f9,22/08/2023,Tuesday,Furniture,4,3730,14920
4966492e-a029-40d3-93ba-747ad00ef223,09/08/2023,Wednesday,Toys,3,4857,14571
391d81b1-ecaf-47c9-bf52-ef557c1a7865,19/11/2023,Sunday,Toys,1,3156,3156
c20213c2-d6c2-43e9-b676-2ce9d7eb1816,05/12/2023,Tuesday,Cosmetics,2,1587,3174
8640c06b-254e-4f97-b34d-ccac96a3af71,03/01/2023,Tuesday,Electronics,5,3922,19610
6388f8e1-0870-4f2c-a0f4-f1231d96c724,01/07/2023,Saturday,Electronics,1,1917,1917
da2324a3-6cf9-4413-939c-1d9f96da4703,25/07/2023,Tuesday,Cosmetics,1,4999,4999
0cb40e5c-b16d-4f24-bdbf-cd6680bb1f39,16/11/2023,Thursday,Cosmetics,2,1211,2422
dd2b7eb2-4f83-4ee9-9a88-a4ab12589dc7,09/02/2023,Thursday,Groceries,4,3970,15880
c51b23f9-a46c-46a3-9041-12ccafba2c89,28/02/2023,Tuesday,Groceries,2,3932,7864
95c4574f-1938-483a-b17f-7b0a71730b88,03/03/2023,Friday,Clothing,1,2806,2806
2378dbd3-1ff4-455e-9a41-e0683e56cba8,12/05/2023,Friday,Clothing,4,1962,7848
a4a108e8-6049-4f56-b7e9-5ce41ab0423b,01/03/2023,Wednesday,Clothing,3,314,942
964d40a9-da5b-4ca7-93db-a30c796bd3ae,27/11/2023,Monday,Clothing,1,4478,4478
8845d966-9a65-4be2-88c8-3274e2a68252,02/05/2023,Tuesday,Toys,2,4965,9930
2762e619-020f-45bd-911d-51b10065e0bb,17/04/2023,Monday,Toys,3,1352,4056
73e7cb05-004b-4323-b6d6-a5194c5f8cbe,06/04/2023,Thursday,Groceries,5,1244,6220
331de74d-aa7b-4505-b93d-3ef45beb93a7,13/12/2023,Wednesday,Electronics,3,1576,4728
285cbb0c-d2d3-4862-a8da-c0313d65ac55,23/08/2023,Wednesday,Cosmetics,2,3654,7308
bc54967d-220a-4861-a0bd-560f68bf09e6,03/03/2023,Friday,Electronics,3,4444,13332
4def0ada-81ea-45e2-9f1c-25989ee60270,13/09/2023,Wednesday,Furniture,2,2298,4596
c0ae2679-f373-4d80-b670-28c73c22666c,18/02/2023,Saturday,Toys,1,1208,1208
10cdd593-054b-4a76-9c8d-8a42fe82d5f6,14/12/2023,Thursday,Clothing,4,4417,17668
76ed1676-b7ef-4b64-9fe4-a55605151ae4,08/06/2023,Thursday,Clothing,5,4680,23400
3de35687-d7dc-40c2-8a9a-c3af7c85701e,04/05/2023,Thursday,Furniture,4,3563,14252
6f9ce27e-505c-4ed1-8de0-7cc09ad9f4e7,13/11/2023,Monday,Electronics,4,2128,8512
ca1e8c13-ee7b-4868-9cff-fe12394470b0,26/07/2023,Wednesday,Clothing,4,1194,4776
f1c9084f-5206-4915-b599-315eb2a15cbe,17/02/2023,Friday,Electronics,2,118,236
fbe3a59f-0519-4ce4-b321-775122112290,16/05/2023,Tuesday,Cosmetics,2,3767,7534
bc0cbf21-cd66-4182-a5ec-b7ea91d79d29,20/07/2023,Thursday,Furniture,5,3058,15290
932aeac9-f0a5-4af9-b30a-0c0ff44bd2a0,07/09/2023,Thursday,Electronics,2,876,1752
d32b1e53-b797-48e5-ac73-8d924236d197,10/11/2023,Friday,Cosmetics,2,1219,2438
b94d8dac-c9bb-461c-b237-1fa911a231c5,23/12/2023,Saturday,Electronics,2,1033,2066
332b497d-cf31-4d12-9660-5a942e8b8a5e,14/11/2023,Tuesday,Electronics,2,4626,9252
f2e24851-5436-49ee-87f0-367f80ca7f7f,22/10/2023,Sunday,Clothing,1,4027,4027
b5beff88-30c0-4822-b3f9-1fe25aaa513c,10/11/2023,Friday,Groceries,5,3384,16920
9a5813e8-dead-4b08-a9d8-36fe5b38975a,28/07/2023,Friday,Toys,2,2390,4780
22559116-cd7f-4d73-bca0-7c26ba6fed8e,21/12/2023,Thursday,Electronics,5,2065,10325
7aef83c5-2f61-4154-85ae-97f26d6897d4,30/07/2023,Sunday,Electronics,3,1502,4506
e00c6c2c-eb0c-41d7-8e82-95473e19e849,11/07/2023,Tuesday,Electronics,1,2183,2183
da8d1d17-ec38-4175-b06c-37b5b62e72a0,13/02/2023,Monday,Groceries,2,1089,2178
dfc55ec4-8269-441e-94e7-7f8e94894106,29/01/2023,Sunday,Cosmetics,1,4773,4773
c7c4a24e-da6b-43d3-988f-27d9997a6472,28/02/2023,Tuesday,Furniture,1,4263,4263
a8e8f697-a5d8-40cd-b1b5-2502232d7345,12/03/2023,Sunday,Clothing,3,3516,10548
2d2843dd-bf63-4664-8634-a0e7a4efe147,02/04/2023,Sunday,Groceries,5,3076,15380
9814e2b7-c66c-4e5b-bb39-911683a55252,22/09/2023,Friday,Cosmetics,1,4307,4307
d1179669-05d7-4cee-87eb-c7086070d2ce,08/08/2023,Tuesday,Electronics,4,2797,11188
f6a392cb-c8aa-4df4-b283-a287c5295384,03/08/2023,Thursday,Cosmetics,3,4312,12936
99587886-d165-417a-9231-10090eba83c8,04/10/2023,Wednesday,Groceries,4,4445,17780
d79e934d-f19d-4c05-ad5e-7f2232c0719d,05/03/2023,Sunday,Groceries,3,3545,10635
f9f70b9d-2424-416a-941f-7250fd245999,12/12/2023,Tuesday,Groceries,4,3905,15620
4f87584c-895c-40b4-b21a-a8401299103f,19/10/2023,Thursday,Furniture,4,611,2444
360308cb-be5e-4da0-9ffe-2059300343d2,02/09/2023,Saturday,Toys,1,2253,2253
2e651664-e526-4b03-a976-591a0df04d06,03/03/2023,Friday,Clothing,1,3469,3469
09bae2fd-ae71-489b-a037-478eab9351b3,28/11/2023,Tuesday,Furniture,3,1194,3582
c3dbe2d7-bc38-4d7d-a913-d44a4e623cbc,19/06/2023,Monday,Furniture,5,2749,13745
372a1e1c-5a8c-4ec0-aa27-5805f4fcb828,26/09/2023,Tuesday,Toys,1,1601,1601
5d95bcc4-46b5-4247-9ca0-c6abe1c8002a,24/09/2023,Sunday,Furniture,1,4071,4071
9dcdc8c8-9219-4aa2-b3fc-ba3db86a12ee,23/02/2023,Thursday,Groceries,2,610,1220
c0dd3f51-9f96-4462-babf-04f211b5beb8,16/01/2023,Monday,Groceries,1,1237,1237
fb945e24-bac1-493f-8f62-470579cf117d,08/01/2023,Sunday,Cosmetics,5,3183,15915
90ff1612-ae25-4926-b162-84f515891519,14/04/2023,Friday,Electronics,2,3461,6922
5ea912ad-3982-4f65-beae-b9d9c480d3a4,28/02/2023,Tuesday,Furniture,4,1739,6956
ca538e38-ddb3-43db-b9c1-c86aaba72613,09/11/2023,Thursday,Electronics,4,4457,17828
88c39afa-7d3b-4c47-9107-b17318f6895d,09/02/2023,Thursday,Clothing,2,2473,4946
76b110a8-78d9-4606-9bd9-d52ed19432d6,25/08/2023,Friday,Groceries,2,1419,2838
e257dff5-eb39-448c-a5a1-f5b12a1868d1,04/04/2023,Tuesday,Cosmetics,2,630,1260
2c92fac6-3925-427c-b3d7-6cd5411e7465,10/08/2023,Thursday,Clothing,3,1026,3078
d2c49ac5-1c8f-4a30-808c-ba948d8118e6,23/07/2023,Sunday,Cosmetics,5,4322,21610
4cd85368-eebc-4cb1-a72d-5535ed541cbf,18/05/2023,Thursday,Toys,5,4659,23295
fdd8d410-cede-4c8f-9031-be3e32779bd7,27/10/2023,Friday,Groceries,4,2406,9624
3a62beae-f58b-43ea-aa42-a18fc4f4ff14,26/07/2023,Wednesday,Clothing,4,168,672
7ebd2461-e59a-4f9f-9cd1-104ed480f841,02/12/2023,Saturday,Toys,4,1592,6368
4dc6bf24-c525-43cb-85d3-eab2f3cc92e4,22/03/2023,Wednesday,Clothing,1,4912,4912
7d1052ae-9ba2-40e1-bc85-93ebbaa82da9,06/08/2023,Sunday,Cosmetics,4,3093,12372
be501269-7c3d-4df1-8cb3-da3f3cfab624,02/01/2023,Monday,Toys,2,1022,2044
60ee44fd-6c34-422f-a2f1-5505634173e8,27/06/2023,Tuesday,Toys,4,965,3860
d937a01a-aff4-4b52-b757-22b24b14b393,12/12/2023,Tuesday,Groceries,2,1487,2974
6d647e8e-4d88-435d-a35f-5ccb4fcb1fc2,06/10/2023,Friday,Electronics,3,636,1908
4cce66ef-fdf5-47ac-81c0-caa0a52b2296,26/05/2023,Friday,Cosmetics,1,400,400
44c77272-e846-4a8d-a825-f671fbbcd4e2,14/11/2023,Tuesday,Cosmetics,1,4641,4641
ee33acac-5673-4450-8567-4c269ad9cc19,12/08/2023,Saturday,Toys,5,2612,13060
44e27f8b-a1b9-4666-8967-d1f7bb0774d9,03/03/2023,Friday,Toys,3,1920,5760
52719e22-056a-4e42-9a08-6b9c150eaa3c,21/10/2023,Saturday,Groceries,2,322,644
f7e83a0a-aa3b-47a8-ba80-54a199df2843,27/08/2023,Sunday,Electronics,3,2977,8931
df78cff6-ea73-4db1-be41-c4e58ce4040b,14/07/2023,Friday,Cosmetics,1,4408,4408
a856d021-35e7-4f8e-a478-48d744e218d9,15/06/2023,Thursday,Furniture,2,3489,6978
8627e7e0-ce2e-420d-9350-edfd7bedc1dd,10/08/2023,Thursday,Furniture,3,3091,9273
9e4b7eb4-7da0-4d9b-b8e9-79aa82d06d5d,02/03/2023,Thursday,Electronics,1,3998,3998
339161ab-c425-41c4-b5ba-d0ade05317de,09/05/2023,Tuesday,Clothing,2,1814,3628
21b6406e-d16e-4b16-b300-d69292e32088,22/06/2023,Thursday,Groceries,2,4340,8680
b3fc4360-53ab-4b5b-928f-176d87d6aca0,05/06/2023,Monday,Electronics,1,1820,1820
90bfbb97-9131-4f73-9455-7e83faf5651d,20/04/2023,Thursday,Furniture,2,1572,3144
4c8a2c6e-e40b-4382-92b7-5b30deb05277,26/09/2023,Tuesday,Toys,1,881,881
e01cad50-fc53-4a7e-be49-fe40ebf58df9,22/12/2023,Friday,Furniture,4,611,2444
029c0e07-1106-470c-8332-a4d3988a8225,05/10/2023,Thursday,Toys,4,3590,14360
30e6240e-275d-417a-ad37-93f3ddb35260,15/03/2023,Wednesday,Groceries,2,4186,8372
3f86b949-1bc9-4ff9-87c8-e2c3c7badc3d,26/07/2023,Wednesday,Toys,2,1529,3058
bdf0da1a-29fa-405d-9c23-3d8d31fdb0dc,06/10/2023,Friday,Electronics,1,4516,4516
0864413c-e673-4bf4-8c15-b6ee9e7e0e8d,22/11/2023,Wednesday,Toys,2,1255,2510
0cd5a9d7-0700-44a5-b493-f51f3442a49b,06/12/2023,Wednesday,Clothing,5,706,3530
5aaa8848-8f45-432c-9343-f8a76861d983,23/12/2023,Saturday,Electronics,4,3990,15960
11f32d0f-c0f1-4ef8-a30e-6bfa0f2cd2b8,06/12/2023,Wednesday,Groceries,2,639,1278
e77c05f3-ba13-479e-bd55-61ada72634ba,23/07/2023,Sunday,Electronics,2,4376,8752
a9af2fb1-aad6-4cab-abe0-651843a58250,10/06/2023,Saturday,Clothing,3,4954,14862
5a26f4b1-9308-4440-af14-664f6b330802,28/01/2023,Saturday,Groceries,2,1421,2842
d2f9107b-f363-4685-aaf7-83ffdda1ee91,14/09/2023,Thursday,Furniture,5,4624,23120
d57c89ff-b6f0-451e-87e8-3a8921d60246,14/06/2023,Wednesday,Clothing,4,3801,15204
c412fccb-4586-4723-b412-531dce61b3cb,04/03/2023,Saturday,Groceries,3,3809,11427
99912017-95c7-45b9-afce-dd609b7515e9,22/01/2023,Sunday,Toys,1,2150,2150
64b1adfa-a45a-4833-a939-9d1889a27dfe,11/03/2023,Saturday,Electronics,1,1934,1934
5e62a7c8-a45e-4cda-92f5-d66d81dddd02,06/04/2023,Thursday,Groceries,4,797,3188
92e6369d-fc03-4c51-90e3-c09dea8473de,12/06/2023,Monday,Electronics,1,513,513
ab749b19-6e96-40ae-af84-293657bc940e,20/03/2023,Monday,Toys,5,803,4015
f46a83d5-9af5-4d83-83b8-33b2abf0a1b7,05/01/2023,Thursday,Groceries,2,632,1264
8f820ed5-882e-42e2-9b6f-b2321ecf5e9b,12/11/2023,Sunday,Furniture,4,2255,9020
c0b472db-5f41-4c3e-827c-eb1a6e450cce,30/04/2023,Sunday,Clothing,3,4164,12492
18de0be5-6ba1-448b-a584-771a5c9008dc,29/10/2023,Sunday,Groceries,2,4200,8400
3aec34ff-a4b3-4d80-b1d7-b36df888df61,27/06/2023,Tuesday,Toys,1,4077,4077
487c749e-81b3-4e75-bf3c-e60caac3b69e,25/06/2023,Sunday,Groceries,1,4866,4866
f1373cf1-b122-46be-8384-81a5f1d79900,05/08/2023,Saturday,Electronics,3,3403,10209
8cd7e058-7293-48da-aa62-e85813ec14dc,25/02/2023,Saturday,Cosmetics,5,2858,14290
da832423-953d-45ba-b5bd-d5f266a171b9,06/07/2023,Thursday,Groceries,3,3653,10959
5dfaf881-f2fc-4b01-8b33-442494d33054,20/08/2023,Sunday,Furniture,4,3963,15852
d9830675-cacd-4b56-b717-ce9f086d4958,12/09/2023,Tuesday,Groceries,3,1469,4407
d8eca897-b865-4294-9ca6-8c92f87c7843,14/04/2023,Friday,Clothing,1,2217,2217
615b6d29-2ee0-44db-ae1a-bae8dfaa21d0,18/03/2023,Saturday,Groceries,5,2194,10970
168ec9a4-b947-48f5-9b4c-531f3bc96ff4,18/08/2023,Friday,Cosmetics,5,2217,11085
742a951b-f5ec-4b6c-9dea-149f98b5f613,15/09/2023,Friday,Electronics,3,1610,4830
e1089820-a7bb-4230-a5b1-ca8cebd0e37b,21/09/2023,Thursday,Groceries,4,1226,4904
acffa4de-377a-4463-bde4-fb1ad7847e88,27/11/2023,Monday,Furniture,1,1318,1318
1806318c-005a-4776-b7d7-a59cbb1ccffe,01/07/2023,Saturday,Toys,2,3637,7274
f7ab8e43-70e5-4115-8c89-4d5e10d7284f,13/09/2023,Wednesday,Groceries,5,1216,6080
66c7e0ca-fac6-4ea4-b4fd-384e36b4fa22,07/02/2023,Tuesday,Groceries,3,3625,10875
71001443-e902-4fd6-98c1-c3991796dfce,25/06/2023,Sunday,Clothing,4,2891,11564
8c74cf0b-e6c2-4655-8975-fd129a655ebd,27/01/2023,Friday,Furniture,4,1920,7680
6537aa7e-50bc-49a0-a58f-d746b2e6efde,03/10/2023,Tuesday,Cosmetics,1,3979,3979
1826827f-f344-49f6-a7ca-22c276b8e15a,20/05/2023,Saturday,Toys,5,2317,11585
67f5d4e2-e92c-4539-82e7-26e5e6c273a2,26/10/2023,Thursday,Electronics,1,2936,2936
1822a76d-757f-4ee3-a647-69d2e7a0909f,14/10/2023,Saturday,Groceries,2,209,418
cfe48840-1fe5-4617-a182-962ed0bf9cea,01/04/2023,Saturday,Cosmetics,2,2708,5416
1e08b54b-6374-4971-9460-278d8c69c72e,02/03/2023,Thursday,Toys,2,3813,7626
c8bd7274-0002-470f-b8d5-e80466f4deac,31/12/2023,Sunday,Electronics,4,4784,19136
4db41853-28ee-422f-ac40-1b74919c0fae,13/12/2023,Wednesday,Cosmetics,5,1105,5525
02716678-f68e-4a0b-b9b8-2b77f4966a26,12/06/2023,Monday,Furniture,1,383,383
b0fa4b2f-238e-4c06-94c5-a4298e5688c4,17/12/2023,Sunday,Furniture,1,3646,3646
ffef8104-b151-452e-b8d6-d455f94786e8,23/05/2023,Tuesday,Toys,2,941,1882
a9fa01e0-983b-4870-8352-435c07a1c078,10/09/2023,Sunday,Electronics,5,3037,15185
c8710a06-030e-41f3-8d82-ce1a333ee7d9,26/09/2023,Tuesday,Furniture,5,4497,22485
29efa5f2-39c4-44f9-ac1a-f355a289fe39,18/10/2023,Wednesday,Toys,3,1412,4236
764500d6-f0ea-43c2-aac1-23a392a8cea8,06/07/2023,Thursday,Furniture,5,975,4875
c7e612bf-55ac-4ba3-921c-10ced0a6627f,31/10/2023,Tuesday,Furniture,5,2493,12465
8d5fa7d8-8c23-465d-83bd-8654755674b5,18/10/2023,Wednesday,Cosmetics,1,2627,2627
245cb858-642b-4e53-874b-a3f6e54649d3,27/03/2023,Monday,Cosmetics,5,4030,20150
0323fe7b-9a36-41c1-92b4-0830ebe120f6,15/06/2023,Thursday,Furniture,5,2455,12275
0df7d03d-e5e0-475d-b809-efd197a263e8,24/04/2023,Monday,Clothing,1,1469,1469
0dfdc1e4-2f81-4b8f-af10-a1a31bdaeb5b,22/12/2023,Friday,Cosmetics,5,2925,14625
9c337aaf-f836-41dd-abbd-12efa77421e5,02/07/2023,Sunday,Electronics,1,109,109
bafdc573-7c7b-4b87-b5f0-337026e57087,26/07/2023,Wednesday,Toys,3,2574,7722
4c6e0a0d-503a-4c5c-b004-c5a9d927e583,13/09/2023,Wednesday,Toys,4,3847,15388
6e510c04-ab9f-4fbf-af25-80b1cc9ea820,23/08/2023,Wednesday,Electronics,1,2709,2709
447cea82-f89c-4e75-8ff0-8f7af4ed73d4,21/12/2023,Thursday,Electronics,1,4146,4146
322b2f38-8878-44ba-abd8-61eb3d43e72f,03/01/2023,Tuesday,Electronics,5,1628,8140
6d5bfcc4-3cbd-4112-8fb8-0dcc721799ca,27/07/2023,Thursday,Electronics,1,4456,4456
0ff22c95-5147-400d-a3b3-7e8abb0b81bc,16/07/2023,Sunday,Groceries,2,3155,6310
4f71de02-b37a-458e-9c01-07d7b907fe36,07/12/2023,Thursday,Toys,2,757,1514
922c3443-a7b1-4e49-a6eb-3e0198fc2e46,05/05/2023,Friday,Groceries,3,1830,5490
4ef0c942-5024-4819-9e77-5a603d15576f,18/05/2023,Thursday,Furniture,1,2463,2463
d7213204-8695-445c-98c4-c417d4c3dfa6,05/12/2023,Tuesday,Furniture,5,3456,17280
8bbe37fa-090b-4b32-aa3f-7dcf7ed2546c,25/01/2023,Wednesday,Toys,5,2211,11055
f0826fba-b7ae-491d-ac65-cf26673efff2,09/03/2023,Thursday,Furniture,4,3589,14356
1f62d964-1641-4cff-a307-84e0d4c4145f,02/03/2023,Thursday,Electronics,3,658,1974
7e0dbf32-88f4-49f6-a8a7-5f18d7001136,29/01/2023,Sunday,Groceries,5,358,1790
00945a12-3678-4a2d-b0a2-cccb828e6fbb,19/01/2023,Thursday,Electronics,4,4357,17428
307f34f8-368c-4c3c-b588-eda38495ced4,20/06/2023,Tuesday,Furniture,5,2414,12070
bf872422-51ec-4a8b-b546-b14ccd04de00,15/03/2023,Wednesday,Cosmetics,4,234,936
62c2053e-c829-401b-b8ea-b6efe8702a79,02/03/2023,Thursday,Groceries,2,295,590
05cda4b6-9aa4-49bc-87a1-03f985e0fe51,02/06/2023,Friday,Electronics,2,288,576
ae9e536f-b3b1-4f51-9585-8d8dcc1e6f37,03/10/2023,Tuesday,Toys,5,569,2845
97deeac8-8ede-4592-a0a8-eb19a4916467,17/02/2023,Friday,Electronics,3,3957,11871
cb2da4e0-79f4-40bd-b237-d4e98f49a0b7,30/07/2023,Sunday,Cosmetics,1,326,326
34ec6c57-bfcc-4223-9427-1546f556489a,09/12/2023,Saturday,Furniture,3,4078,12234
9aaf8d1a-a374-4c3b-bbb5-861bc7edeadf,19/05/2023,Friday,Groceries,3,4359,13077
9b510291-04a2-4309-ab44-9e78ac47f52a,20/04/2023,Thursday,Toys,1,655,655
e5f960ee-281b-473b-90a9-94df36756c94,02/07/2023,Sunday,Groceries,2,4623,9246
14a492b6-6944-42d1-a70c-df30011a78ab,28/01/2023,Saturday,Toys,2,4653,9306
c0635f7c-3f77-487e-aa5a-1369819dfaa1,16/07/2023,Sunday,Groceries,1,4103,4103
4e64a136-275b-4272-8519-ea7b6e043d25,10/07/2023,Monday,Furniture,4,2762,11048
46905569-1872-48e7-a643-5049e14558aa,11/11/2023,Saturday,Toys,3,191,573
60c56411-ccc3-4f82-9732-220f2da20b92,20/02/2023,Monday,Clothing,5,3711,18555
e0b97107-7091-4222-a8b0-31c10dfa9047,29/05/2023,Monday,Groceries,2,2419,4838
3d7387fb-6006-40b1-9999-803044a7fd47,25/09/2023,Monday,Groceries,5,1767,8835
4a7c5532-ca82-4cc0-ab49-7eef413c1c0d,19/02/2023,Sunday,Electronics,1,4606,4606
f8c0704a-9257-4ba7-bdb0-04f5488e8401,03/09/2023,Sunday,Toys,5,4815,24075
5a97fe90-5cbe-4066-9870-fa34bf917bd8,23/04/2023,Sunday,Cosmetics,5,3477,17385
4f7dfdfd-bf25-4448-9c2a-75bb996762b6,19/06/2023,Monday,Clothing,3,2374,7122
82ea336d-4b5b-4b69-990d-2c02c595d838,15/06/2023,Thursday,Furniture,1,1894,1894
7fda069d-3696-4a8f-92c0-ae1c71062294,14/01/2023,Saturday,Electronics,5,449,2245
1e091cd4-a130-4bd3-afe9-00b2d8441db0,22/07/2023,Saturday,Clothing,2,4813,9626
cc5ce1e0-cada-45fb-a4b8-c63ced5c2811,15/10/2023,Sunday,Toys,1,2613,2613
3b38ec50-60c8-47ce-af7f-f75ce732299d,08/07/2023,Saturday,Clothing,2,1572,3144
1bbf291e-71a0-411c-910d-8142163a9b7b,04/06/2023,Sunday,Groceries,4,1384,5536
e225d59e-92d0-4bb3-9a9b-204e63fc4e1e,24/02/2023,Friday,Groceries,5,2673,13365
8c1dbb24-2344-495f-b7cb-4ee72a642e2a,01/07/2023,Saturday,Electronics,1,288,288
38c267b9-80e7-4586-9bc9-a2dd586bfe90,29/07/2023,Saturday,Toys,2,3265,6530
e5a83dd0-c5f9-47f8-a690-30253ca0fd28,16/03/2023,Thursday,Toys,5,3697,18485
ccc8573c-70ac-4152-adac-cd126f47f8a0,04/10/2023,Wednesday,Clothing,3,1666,4998
e341bdef-08a2-46b0-8793-e2e4578aaa5b,13/05/2023,Saturday,Electronics,2,2479,4958
fff86da3-cba0-4682-9d56-0546b412731e,09/12/2023,Saturday,Toys,2,3702,7404
0140b8b9-754a-4a63-be58-ab66dec7d169,28/02/2023,Tuesday,Cosmetics,4,1771,7084
f7537948-a85d-4fd1-8f62-84c26f3db3a3,11/12/2023,Monday,Cosmetics,3,1322,3966
d8a15763-6066-47fa-a0f1-67c02a592dc5,01/07/2023,Saturday,Groceries,4,3189,12756
3930ebcd-5200-4ee2-94c4-e7e5332cb817,05/12/2023,Tuesday,Clothing,3,2928,8784
8069de11-a7a2-43aa-8a14-e6d6cd109922,17/11/2023,Friday,Furniture,2,1585,3170
00a76474-6d8b-4ddc-8ca6-5fa2d9137da5,05/03/2023,Sunday,Groceries,4,585,2340
120b114f-a2d8-4d49-8659-550c4338b6ac,23/11/2023,Thursday,Electronics,5,998,4990
7599e7d5-f09c-4511-9a84-39bd9e971c6a,17/09/2023,Sunday,Toys,3,2692,8076
e033f3e8-3cbf-48e9-b2d4-017a791fd829,12/07/2023,Wednesday,Groceries,2,3991,7982
f5666fdb-33e6-416e-b47b-61c7b343ffef,23/05/2023,Tuesday,Furniture,1,1071,1071
40ce8acc-e106-49ec-a074-79222cd35aed,14/04/2023,Friday,Furniture,3,483,1449
46a5b14e-517f-4a61-9f27-6d7902df908c,02/08/2023,Wednesday,Cosmetics,3,1453,4359
42d11161-6f36-466f-b40d-b947995bdddc,30/08/2023,Wednesday,Electronics,5,3561,17805
a5ab1b82-6775-4afa-bd13-4cfc1e582024,28/07/2023,Friday,Groceries,3,2985,8955
80ae8442-9e3a-427e-a304-043ee4076be3,03/04/2023,Monday,Clothing,3,4928,14784
041180e7-f7b5-4d29-b2b5-52f496e1c597,22/05/2023,Monday,Groceries,5,4314,21570
239e0d53-c68f-4689-93ae-9f1de43570d4,22/04/2023,Saturday,Cosmetics,5,4854,24270
3cf1731c-5421-4c2e-83da-3a1a9bd65565,28/02/2023,Tuesday,Furniture,4,3383,13532
45ae2ef5-c9c1-4138-89e1-19caf5242c70,12/02/2023,Sunday,Electronics,2,1652,3304
cc06b075-554f-4788-bd20-911ba4b48778,26/07/2023,Wednesday,Electronics,2,278,556
8715dad5-30ce-4aa1-8b81-c5a3c31a2cdd,25/09/2023,Monday,Clothing,4,4572,18288
6006effd-9476-415f-9abe-1f1171ba0268,23/10/2023,Monday,Electronics,2,4267,8534
14b211f1-cd70-4805-ba40-2eb9683f5a87,28/04/2023,Friday,Cosmetics,3,2246,6738
ee972eeb-e984-4b08-b103-c3e892085a03,20/01/2023,Friday,Cosmetics,4,2949,11796
718b4953-3d33-4960-ab05-240e4105bbae,10/08/2023,Thursday,Cosmetics,4,160,640
a63c8551-fe95-4802-85a2-d6eb2e0443d7,15/06/2023,Thursday,Electronics,2,1294,2588
8264399c-7e5c-48b1-894d-b9c692f43070,11/05/2023,Thursday,Electronics,1,4209,4209
9a76596f-1475-4b43-ac50-e87f151bc100,05/06/2023,Monday,Cosmetics,2,2735,5470
43dc197d-5c9c-429c-b77c-d2f941d4de27,03/07/2023,Monday,Electronics,1,3851,3851
6a95ebfe-0b63-482d-9da5-e0f48655998d,31/03/2023,Friday,Electronics,4,3917,15668
322758a8-4957-4472-976f-cab15a71202c,04/04/2023,Tuesday,Furniture,1,1427,1427
37d4e6ac-8a99-491b-98fb-d645cf0ea22a,13/01/2023,Friday,Groceries,3,1821,5463
88c1066d-0077-4d99-b2ab-7b41ba31fbca,18/11/2023,Saturday,Toys,5,62,310
5a186a53-4a38-450b-84cd-b041169f5eb9,20/10/2023,Friday,Electronics,1,4384,4384
55564d45-a74f-488a-9706-5e68b747cdb3,18/08/2023,Friday,Toys,5,3311,16555
4f014117-a692-4e18-95df-b36a45491da7,18/11/2023,Saturday,Toys,3,712,2136
4ec0481b-ef13-486e-be51-f049ebdb8847,19/10/2023,Thursday,Furniture,5,3142,15710
ca314716-a4d4-41d4-b968-f147c35b93f5,26/01/2023,Thursday,Electronics,3,743,2229
7760e12f-4038-4b28-9075-04ca67911f27,16/03/2023,Thursday,Cosmetics,5,3440,17200
4910782b-04b2-4a57-84c1-b1df954b9e06,30/12/2023,Saturday,Toys,5,1231,6155
38cad7db-362d-41c9-b30d-a7e3b93a75b4,26/10/2023,Thursday,Electronics,2,3068,6136
c3b2c25a-5924-4211-b511-5d0a50d8a3c6,30/05/2023,Tuesday,Clothing,1,1554,1554
0e27b4e0-4be3-459d-821b-d260c283660e,28/05/2023,Sunday,Cosmetics,5,1952,9760
bd09317f-f14e-4ee3-aba8-b47d556e8635,08/01/2023,Sunday,Clothing,4,4221,16884
e3bad0aa-fb2e-4b01-9262-4c2bd2cd0b2a,29/01/2023,Sunday,Clothing,2,378,756
abbd5147-fbcc-41e2-8f06-147379edcd9c,23/10/2023,Monday,Toys,1,1489,1489
5bbf11ac-bd3a-4cca-b916-39a715a3ac15,28/07/2023,Friday,Clothing,2,3896,7792
5ec177a5-72fb-46f1-8dc4-9a87a81725ca,08/05/2023,Monday,Furniture,1,4217,4217
56574a50-89bf-4700-91f0-d3f7f1a6de58,06/12/2023,Wednesday,Furniture,3,274,822
9eb90336-1c07-45c0-bc44-d94eae913e30,26/04/2023,Wednesday,Toys,5,2570,12850
9db2c6c3-0e90-49a5-8db8-d12d6388703f,24/05/2023,Wednesday,Electronics,4,3764,15056
4c9c9603-1ea9-4cad-8045-8a598d8ef2cf,14/11/2023,Tuesday,Groceries,2,2457,4914
86f9b64b-096d-46ce-a38c-30d40729eba0,23/08/2023,Wednesday,Electronics,2,860,1720
55ed0a9a-f462-4fc9-9a68-8d3b0f01ae60,07/01/2023,Saturday,Electronics,2,3167,6334
aace61e3-d2f3-43ab-9819-fae70f9969af,14/02/2023,Tuesday,Electronics,2,4823,9646
783241c5-d70c-4292-a181-6759411cf80b,27/08/2023,Sunday,Electronics,5,3340,16700
7ff9b36d-c1f3-4891-87d3-fdfae7f2b12f,04/06/2023,Sunday,Cosmetics,1,4436,4436
f56bc385-d9da-443d-8dc6-559226a93b71,30/06/2023,Friday,Groceries,5,2301,11505
665467b9-7659-406b-aa6c-39b29f1c6db5,03/08/2023,Thursday,Cosmetics,3,4711,14133
a1fa8412-bac4-4aa1-806c-1759088e4384,29/03/2023,Wednesday,Clothing,5,2579,12895
de0d7dc9-0b9b-4e85-92a1-738f326bf2e5,13/09/2023,Wednesday,Electronics,5,4656,23280
b1e6830c-3a97-4e09-9b97-64b828c5b2cc,14/03/2023,Tuesday,Furniture,3,973,2919
88477a1c-2af9-4539-a50c-a7c993065737,28/06/2023,Wednesday,Toys,5,3102,15510
4ee95b89-45ab-4d15-8b84-262097746dc5,31/07/2023,Monday,Toys,1,65,65
c9a4212f-ef97-4676-942e-dbccb9000aa1,20/10/2023,Friday,Cosmetics,4,3646,14584
f2c12818-ed4e-4c95-89e0-93a1db9980a5,22/08/2023,Tuesday,Cosmetics,3,2453,7359
a185d642-f4f7-49f6-a399-0e3d73208179,27/08/2023,Sunday,Furniture,2,4501,9002
5870a7f4-9277-4675-bc78-2648409f60ba,11/08/2023,Friday,Electronics,1,4975,4975
31056783-6e6f-438a-abf3-537d1a9e2d77,29/04/2023,Saturday,Groceries,4,4060,16240
922e04c0-3d70-4708-bca5-d7b153539cd7,09/11/2023,Thursday,Clothing,1,2696,2696
74e44ff3-7981-46b7-ae46-8ee90db51ee8,21/09/2023,Thursday,Toys,1,1151,1151
1c5d045f-5a65-4af3-955f-7515ac7bbacc,26/07/2023,Wednesday,Clothing,2,3025,6050
0a2c4ccf-91e3-4684-bebc-186d51bf8e62,05/04/2023,Wednesday,Groceries,4,1140,4560
16f45267-b2f6-4e76-820a-3590cd4aa193,10/08/2023,Thursday,Cosmetics,1,2956,2956
2b03fe66-2555-42b6-9f23-94bc10555d1f,03/10/2023,Tuesday,Toys,2,1796,3592
e30fbb91-fa05-4157-bc72-e29f7d2aa903,19/08/2023,Saturday,Clothing,3,4359,13077
53d2551b-f8ea-45ff-a275-ca29bf6fed31,05/11/2023,Sunday,Cosmetics,2,1770,3540
2c8fdcb0-b9e0-4ad8-99cc-597fbe1ba234,29/04/2023,Saturday,Groceries,5,498,2490
7192d651-d2a4-49d3-8074-e2a68e700b1f,25/09/2023,Monday,Clothing,2,3062,6124
67035d46-54e7-4070-9031-f8c3f68c7afd,30/09/2023,Saturday,Electronics,2,3554,7108
5b24f8f3-0085-405b-914a-987134690c4a,05/03/2023,Sunday,Cosmetics,2,1618,3236
2f2df68f-4c51-42e4-8dd8-875862e259aa,25/10/2023,Wednesday,Groceries,1,3236,3236
246605a7-aa79-45cb-ba4f-478618ecba96,16/12/2023,Saturday,Clothing,4,3541,14164
af40acec-e59c-4072-8fce-e69b05215c8f,11/01/2023,Wednesday,Electronics,2,2596,5192
756bf281-5f88-47ab-8cbe-2e22cc3bb9fd,08/04/2023,Saturday,Electronics,2,4855,9710
d0faa55d-2dd6-44f9-a8eb-e1f1701da846,12/03/2023,Sunday,Groceries,5,4525,22625
de321157-faa2-4348-8d71-8d77e546762d,30/12/2023,Saturday,Furniture,5,1097,5485
3990b5de-fadb-4b0b-b4c4-5261d1da58f2,27/02/2023,Monday,Toys,3,4684,14052
ea6fe815-add0-4909-9332-5ea7ae790aa6,17/10/2023,Tuesday,Groceries,3,4898,14694
d7e4fe0a-4e44-4668-8300-fa4aa7e5814a,08/09/2023,Friday,Electronics,5,4680,23400
005b7e7c-231a-4945-98f0-88b3d27b7997,03/10/2023,Tuesday,Electronics,4,4818,19272
ce4bcbc6-c247-42f3-962f-fa4f3e51ffb8,19/02/2023,Sunday,Groceries,3,1114,3342
5cfe7592-3ff0-4ae3-bccc-0bbdf506d299,24/12/2023,Sunday,Furniture,4,3871,15484
dc18c5a4-70f0-4528-9fe5-5c6e6e88a14f,04/08/2023,Friday,Toys,5,617,3085
7c6efc9a-48a4-42b5-8489-2635c169ae83,21/02/2023,Tuesday,Clothing,3,1486,4458
c353640d-0b16-46bf-a213-3f3abad5c916,28/09/2023,Thursday,Groceries,2,4560,9120
d583ce52-366d-4070-abd5-a1830122c84e,25/03/2023,Saturday,Toys,5,4594,22970
e15eb10c-4324-430a-8069-7aed09ac944b,20/10/2023,Friday,Toys,3,4755,14265
f41df210-ab17-4d19-aec8-b08ea4989e45,06/05/2023,Saturday,Cosmetics,4,2755,11020
bc25a4a6-30d6-4d92-81c8-85b4ff891a99,23/10/2023,Monday,Electronics,4,2533,10132
f57e8e41-5f5e-408d-9858-2603e433b2c0,13/03/2023,Monday,Clothing,3,4850,14550
e2acc84c-d362-4a4c-9294-93c9548893d6,23/10/2023,Monday,Groceries,4,4879,19516
20dd9edc-b861-4959-ac98-5f2c3756ae4e,24/08/2023,Thursday,Electronics,3,3829,11487
6aa31d7b-b382-4b67-9d14-707f47e552e8,25/02/2023,Saturday,Cosmetics,3,4945,14835
c983214e-8bbd-41a2-bc5e-86b0ea8fda1c,26/12/2023,Tuesday,Cosmetics,4,2844,11376
925d7d2f-c6b5-4fc7-80b9-d604990bdfcf,20/04/2023,Thursday,Electronics,1,1910,1910
65345dd3-ce41-4e03-9f5b-f0f7874ccb58,11/07/2023,Tuesday,Furniture,2,3386,6772
ea8b55b9-caae-4ccc-a7e3-65552f939d52,03/04/2023,Monday,Toys,5,1940,9700
